cst_id,cst_firstname,cst_lastname,cst_gender,cst_city,cst_region,cst_email,cst_create_date
CUST100001,Maria,Santos,F,Digos,Metro Manila,customer0@example.com,22/11/2020
CUST100002,James,Aquino,F,Manila,Western Visayas,customer1@example.com,20/10/2021
CUST100003,Daniel,Dela Cruz,M,Davao City,Central Visayas,customer2@example.com,26/06/2023
CUST100004,Sofia,Garcia,Male,Iloilo,Central Visayas,customer3@example.com,04/04/2020
CUST100005,Sofia,Santos,Female,Cagayan de Oro,Western Visayas,customer4@example.com,27/06/2024
CUST100006,Luis,Gonzales,F,Cagayan de Oro,Western Visayas,customer5@example.com,03/11/2020
CUST100007,Maria,Villanueva,F,Tagum,Northern Mindanao,customer6@example.com,17/11/2023
CUST100008,Daniel,Bautista,male,Cagayan de Oro,Western Visayas,customer7@example.com,14/01/2023
CUST100009,John,Santos,Male,Davao City,Northern Mindanao,customer8@example.com,05/03/2024
CUST100010,Maria,Mendoza,M,Quezon City,Davao Region,customer9@example.com,27/10/2023
CUST100011,Liza,Rivera,female,Manila,SOCCSKSARGEN,customer10@example.com,17/07/2022
CUST100012,Marco,Ramos,Female,General Santos,Northern Mindanao,customer11@example.com,22/09/2023
CUST100013,Grace,Cruz,,Quezon City,Northern Mindanao,customer12@example.com,15/09/2021
CUST100014,James,Cruz,,Quezon City,Northern Mindanao,customer13@example.com,16/11/2022
CUST100015, Grace ,Dela Cruz,female,Tagum,Central Visayas,customer14@example.com,05/07/2024
CUST100016,James,Rivera,Female,Davao City,Davao Region,customer15@example.com,01/06/2020
CUST100017,Liza,Cruz,Male,Panabo,Davao Region,customer16@example.com,02/10/2021
CUST100018,Ana,Gonzales,M,Davao City,Central Visayas,customer17@example.com,01/02/2020
CUST100019,Patricia,Aquino,F,Cagayan de Oro,Northern Mindanao,customer18@example.com,19/08/2022
CUST100020,Miguel,Gonzales,Female,Cagayan de Oro,Northern Mindanao,customer19@example.com,08/11/2023
CUST100021,Liza,Villanueva,F,Cagayan de Oro,SOCCSKSARGEN,,10/03/2020
CUST100022,Paolo,Mendoza,male,Davao City,Metro Manila,customer21@example.com,15/09/2022
CUST100023,Mark,Villanueva,M,Iloilo,Davao Region,customer22@example.com,17/01/2022
CUST100024,Ella,Cruz,F,Iloilo,Davao Region,customer23@example.com,09/11/2023
CUST100025,James,Dela Cruz,F,Cagayan de Oro,Western Visayas,customer24@example.com,31/01/2021
CUST100026,Nicole,Garcia,F,Davao City,Northern Mindanao,customer25@example.com,20/10/2020
CUST100027,Sofia,Cruz,M,Digos,Davao Region,customer26@example.com,19/06/2020
CUST100028,Patricia,Reyes,M,Manila,Metro Manila,customer27@example.com,03/01/2022
CUST100029,Liza,Cruz,male,Manila,SOCCSKSARGEN,customer28@example.com,27/05/2022
CUST100030,Sofia,Reyes,F,Panabo,Central Visayas,customer29@example.com,12/07/2024
CUST100031,Miguel,Torres,M,Quezon City,Western Visayas,customer30@example.com,18/04/2022
CUST100032,John,Reyes,M,Iloilo,Central Visayas,,04/11/2020
CUST100033,Maria,Santos,F,Cagayan de Oro,Davao Region,customer32@example.com,12/06/2023
CUST100034,Kevin,Rivera,M,Digos,Western Visayas,customer33@example.com,20/04/2020
CUST100035,Luis,Reyes,Female,Cagayan de Oro,SOCCSKSARGEN,customer34@example.com,13/09/2021
CUST100036,Maria,Reyes,Female,Davao City,SOCCSKSARGEN,customer35@example.com,22/03/2023
CUST100037,Luis,Santos,M,Cagayan de Oro,Davao Region,customer36@example.com,02/04/2021
CUST100038,Patricia,Cruz,F,Davao City,Metro Manila,customer37@example.com,06/12/2022
CUST100039,Carlo,Navarro,M,Davao City,Metro Manila,customer38@example.com,26/03/2022
CUST100040,Nicole,Villanueva,F,Cagayan de Oro,Davao Region,customer39@example.com,09/09/2024
CUST100041,Mark,Castillo,female,Cagayan de Oro,SOCCSKSARGEN,customer40@example.com,01/06/2021
CUST100042,James,Ramos,F,Iloilo,Davao Region,customer41@example.com,19/06/2024
CUST100043,Grace,Reyes,female,Cagayan de Oro,Northern Mindanao,,31/01/2023
CUST100044,Paolo,Bautista,M,Iloilo,SOCCSKSARGEN,customer43@example.com,10/09/2023
CUST100045,Maria,Santos,F,Quezon City,Metro Manila,customer44@example.com,30/10/2020
CUST100046,Marco,Aquino,F,Digos,Western Visayas,customer45@example.com,04/02/2020
CUST100047,Sofia,Torres,F,Iloilo,Central Visayas,customer46@example.com,08/08/2023
CUST100048,Luis,Gonzales,,General Santos,Western Visayas,customer47@example.com,14/05/2022
CUST100049,Daniel,Dela Cruz,M,Cagayan de Oro,Davao Region,customer48@example.com,09/07/2021
CUST100050,James,Aquino,male,Tagum,Western Visayas,customer49@example.com,31/05/2024
CUST100051,James,Flores,male,Panabo,Davao Region,customer50@example.com,10/08/2021
CUST100052,Mark,Navarro,F,Cagayan de Oro,Northern Mindanao,customer51@example.com,19/02/2022
CUST100053,Paolo,Rivera,F,Panabo,Metro Manila,customer52@example.com,27/07/2023
CUST100054,Miguel,Castillo,F,Cagayan de Oro,Central Visayas,customer53@example.com,27/09/2024
CUST100055,Miguel,Torres,M,Davao City,Davao Region,customer54@example.com,06/06/2024
CUST100056,Juan,Flores,Female,Panabo,Western Visayas,customer55@example.com,20/03/2023
CUST100057,Liza,Castillo,F,Cebu City,Northern Mindanao,customer56@example.com,17/07/2020
CUST100058,Mark,Mendoza,female,Cebu City,SOCCSKSARGEN,customer57@example.com,16/07/2020
CUST100059,Grace,Cruz,Male,Iloilo,Davao Region,customer58@example.com,01/06/2023
CUST100060,Daniel,Flores,F,Quezon City,Northern Mindanao,customer59@example.com,05/07/2022
CUST100061,Ella,Reyes,Female,Quezon City,Northern Mindanao,customer60@example.com,27/08/2020
CUST100062,Grace,Cruz,F,Davao City,Metro Manila,customer61@example.com,06/06/2023
CUST100063,Paolo,Torres,female,Cebu City,Central Visayas,customer62@example.com,23/08/2024
CUST100064,Marco,Bautista,M,Panabo,Davao Region,customer63@example.com,27/04/2020
CUST100065,Sofia,Bautista,,Panabo,Metro Manila,customer64@example.com,26/01/2024
CUST100066,Angela,Dela Cruz,male,Panabo,SOCCSKSARGEN,customer65@example.com,12/09/2021
CUST100067,Ella,Torres,male,General Santos,Davao Region,customer66@example.com,17/12/2021
CUST100068,Paolo,Cruz,F,Tagum,Northern Mindanao,customer67@example.com,14/07/2023
CUST100069,Maria,Bautista,male,Cagayan de Oro,Central Visayas,customer68@example.com,20/03/2021
CUST100070,Miguel,Garcia,F,Tagum,Western Visayas,customer69@example.com,09/10/2020
CUST100071,James,Bautista,Female,Cagayan de Oro,Davao Region,customer70@example.com,30/09/2024
CUST100072,Mark,Villanueva,M,Cebu City,Northern Mindanao,customer71@example.com,19/09/2021
CUST100073,Miguel,Castillo,F,Tagum,Northern Mindanao,customer72@example.com,01/11/2020
CUST100074,Ana,Mendoza,F,Tagum,Metro Manila,customer73@example.com,26/05/2023
CUST100075,Daniel,Rivera,F,Quezon City,Davao Region,customer74@example.com,25/01/2021
CUST100076,Miguel,Aquino,F,Manila,Metro Manila,customer75@example.com,27/10/2023
CUST100077,Angela,Aquino,male,Panabo,Central Visayas,customer76@example.com,06/05/2020
CUST100078,John,Villanueva,M,Quezon City,Northern Mindanao,customer77@example.com,22/07/2022
CUST100079,Kevin,Gonzales,Female,Panabo,SOCCSKSARGEN,customer78@example.com,26/12/2021
CUST100080,Daniel,Reyes,M,Iloilo,Western Visayas,,18/09/2024
CUST100081,Ella,Gonzales,Female,Tagum,Western Visayas,customer80@example.com,27/07/2022
CUST100082,Sofia,Bautista,Female,Cebu City,SOCCSKSARGEN,customer81@example.com,23/07/2024
CUST100083,Mark,Garcia,F,Davao City,Northern Mindanao,customer82@example.com,23/03/2021
CUST100084,Patricia,Dela Cruz,Female,Tagum,SOCCSKSARGEN,customer83@example.com,02/05/2022
CUST100085, Nicole ,Bautista,female,General Santos,Northern Mindanao,customer84@example.com,04/01/2024
CUST100086,Grace,Garcia,male,Davao City,Northern Mindanao,customer85@example.com,15/10/2020
CUST100087,Maria,Flores,F,General Santos,Metro Manila,customer86@example.com,27/07/2024
CUST100088,Angela,Castillo,F,Panabo,Western Visayas,customer87@example.com,23/10/2023
CUST100089,James,Aquino,Female,Davao City,Metro Manila,customer88@example.com,03/05/2023
CUST100090,Patricia,Gonzales,M,Iloilo,Metro Manila,customer89@example.com,13/03/2021
CUST100091,Sofia,Reyes,male,Iloilo,Central Visayas,customer90@example.com,12/01/2024
CUST100092,Patricia,Dela Cruz,F,Iloilo,Metro Manila,customer91@example.com,26/02/2024
CUST100093,Patricia,Rivera,male,Tagum,Central Visayas,customer92@example.com,10/06/2021
CUST100094,Paolo,Ramos,M,Digos,Central Visayas,customer93@example.com,22/11/2022
CUST100095,Luis,Garcia,M,Digos,Metro Manila,customer94@example.com,19/04/2020
CUST100096,Carlo,Dela Cruz,,Digos,Metro Manila,customer95@example.com,10/12/2021
CUST100097,John,Mendoza,male,General Santos,Northern Mindanao,customer96@example.com,28/09/2020
CUST100098,Daniel,Navarro,female,Cagayan de Oro,Davao Region,customer97@example.com,28/09/2022
CUST100099,Nicole,Dela Cruz,female,General Santos,Northern Mindanao,customer98@example.com,14/09/2022
CUST100100,Ana,Ramos,F,Panabo,Central Visayas,customer99@example.com,17/08/2022
CUST100101,Patricia,Flores,M,Iloilo,Davao Region,customer100@example.com,03/05/2023
CUST100102,Mark,Ramos,M,Iloilo,Northern Mindanao,customer101@example.com,22/07/2024
CUST100103,Patricia,Cruz,F,Digos,SOCCSKSARGEN,customer102@example.com,20/12/2020
CUST100104,Juan,Ramos,M,Panabo,Northern Mindanao,customer103@example.com,20/01/2021
CUST100105,James,Gonzales,female,Cagayan de Oro,Western Visayas,customer104@example.com,22/01/2021
CUST100106,James,Cruz,M,Digos,Davao Region,customer105@example.com,28/07/2024
CUST100107,James,Mendoza,M,Iloilo,SOCCSKSARGEN,customer106@example.com,15/06/2020
CUST100108,Daniel,Castillo,M,General Santos,Northern Mindanao,customer107@example.com,26/02/2020
CUST100109,Miguel,Ramos,M,Davao City,Central Visayas,customer108@example.com,15/10/2020
CUST100110,Grace,Aquino,M,Tagum,Western Visayas,customer109@example.com,16/10/2023
CUST100111,Carlo,Navarro,Male,Davao City,Northern Mindanao,customer110@example.com,09/11/2022
CUST100112,James,Aquino,F,Digos,Metro Manila,customer111@example.com,13/07/2024
CUST100113,Kevin,Ramos,Male,Digos,Western Visayas,customer112@example.com,02/01/2021
CUST100114,Miguel,Reyes,female,Quezon City,Davao Region,customer113@example.com,10/12/2021
CUST100115,Liza,Bautista,Male,Quezon City,Davao Region,customer114@example.com,26/09/2022
CUST100116,Kevin,Flores,Male,Tagum,Western Visayas,customer115@example.com,11/05/2020
CUST100117,Juan,Santos,F,Iloilo,Northern Mindanao,customer116@example.com,11/07/2024
CUST100118,Ana,Torres,M,Cagayan de Oro,SOCCSKSARGEN,customer117@example.com,19/12/2023
CUST100119,John,Torres,F,Digos,SOCCSKSARGEN,customer118@example.com,15/09/2020
CUST100120,Ana,Reyes,,General Santos,SOCCSKSARGEN,,26/02/2024
CUST100121,Sofia,Rivera,Male,General Santos,SOCCSKSARGEN,customer120@example.com,18/03/2022
CUST100122,Daniel,Garcia,M,Tagum,Western Visayas,customer121@example.com,28/08/2021
CUST100123,Daniel,Mendoza,F,Quezon City,Central Visayas,customer122@example.com,30/08/2024
CUST100124,Miguel,Flores,male,Davao City,SOCCSKSARGEN,customer123@example.com,22/07/2022
CUST100125,Luis,Villanueva,Male,Davao City,Central Visayas,customer124@example.com,12/02/2021
CUST100126,Kevin,Castillo,F,Panabo,Metro Manila,customer125@example.com,28/12/2023
CUST100127,Maria,Bautista,female,Tagum,Davao Region,customer126@example.com,12/07/2023
CUST100128,James,Garcia,Male,Davao City,SOCCSKSARGEN,customer127@example.com,11/12/2020
CUST100129,Kevin,Villanueva,Male,Digos,Metro Manila,customer128@example.com,04/05/2023
CUST100130,Nicole,Villanueva,M,Digos,SOCCSKSARGEN,customer129@example.com,06/02/2023
CUST100131,Kevin,Flores,M,Tagum,Central Visayas,customer130@example.com,10/05/2021
CUST100132,Kevin,Navarro,,Quezon City,Northern Mindanao,customer131@example.com,14/02/2022
CUST100133,Maria,Santos,F,Quezon City,Metro Manila,customer132@example.com,19/02/2024
CUST100134,Kevin,Bautista,F,Manila,SOCCSKSARGEN,customer133@example.com,09/11/2020
CUST100135,James,Rivera,F,Cagayan de Oro,Metro Manila,customer134@example.com,24/07/2023
CUST100136,Angela,Flores,M,Iloilo,Western Visayas,customer135@example.com,05/02/2024
CUST100137,Nicole,Navarro,male,Digos,Northern Mindanao,customer136@example.com,13/08/2024
CUST100138,Juan,Flores,M,General Santos,Western Visayas,customer137@example.com,07/08/2021
CUST100139,Angela,Reyes,male,Davao City,Western Visayas,customer138@example.com,24/04/2021
CUST100140, Sofia ,Ramos,F,Manila,SOCCSKSARGEN,customer139@example.com,08/08/2024
CUST100141, Marco ,Castillo,M,Davao City,Davao Region,customer140@example.com,12/04/2022
CUST100142,John,Gonzales,M,Cebu City,Central Visayas,customer141@example.com,21/10/2022
CUST100143,Carlo,Gonzales,male,Manila,Davao Region,customer142@example.com,12/07/2022
CUST100144,Sofia,Flores,M,Panabo,Central Visayas,customer143@example.com,15/07/2022
CUST100145,Marco,Rivera,M,Cebu City,Western Visayas,customer144@example.com,29/01/2023
CUST100146,Luis,Navarro,Female,Digos,Metro Manila,customer145@example.com,31/01/2022
CUST100147,Juan,Aquino,F,Digos,Western Visayas,customer146@example.com,06/12/2021
CUST100148,John,Ramos,F,Cagayan de Oro,Western Visayas,customer147@example.com,22/12/2021
CUST100149,Patricia,Rivera,M,Panabo,SOCCSKSARGEN,customer148@example.com,27/03/2023
CUST100150,Maria,Castillo,male,Manila,SOCCSKSARGEN,customer149@example.com,12/01/2024
CUST100151,Luis,Reyes,M,Digos,Metro Manila,customer150@example.com,26/09/2022
CUST100152,Carlo,Reyes,M,General Santos,SOCCSKSARGEN,customer151@example.com,04/05/2023
CUST100153,Ella,Torres,F,Quezon City,Davao Region,customer152@example.com,13/01/2022
CUST100154,Carlo,Navarro,M,Panabo,Western Visayas,customer153@example.com,24/10/2023
CUST100155,Sofia,Aquino,F,General Santos,Metro Manila,customer154@example.com,09/12/2021
CUST100156,Daniel,Flores,M,Iloilo,SOCCSKSARGEN,customer155@example.com,27/01/2022
CUST100157,Ana,Navarro,M,Digos,Metro Manila,customer156@example.com,09/04/2020
CUST100158,Kevin,Gonzales,F,Tagum,Northern Mindanao,customer157@example.com,15/04/2021
CUST100159,Liza,Mendoza,male,Panabo,Western Visayas,customer158@example.com,22/08/2023
CUST100160, James ,Flores,M,Iloilo,SOCCSKSARGEN,customer159@example.com,05/06/2020
CUST100161,Marco,Navarro,M,Manila,Davao Region,customer160@example.com,07/02/2021
CUST100162,Daniel,Flores,female,Quezon City,Davao Region,customer161@example.com,29/10/2023
CUST100163,Sofia,Rivera,female,Panabo,Metro Manila,customer162@example.com,20/04/2024
CUST100164,Sofia,Rivera,Male,Quezon City,Metro Manila,customer163@example.com,17/01/2022
CUST100165,Sofia,Navarro,M,Digos,Metro Manila,customer164@example.com,02/01/2022
CUST100166,Patricia,Flores,F,Manila,Davao Region,customer165@example.com,05/07/2022
CUST100167,Angela,Ramos,M,Quezon City,Metro Manila,customer166@example.com,18/10/2023
CUST100168,Mark,Cruz,M,Panabo,Metro Manila,customer167@example.com,24/04/2022
CUST100169,Angela,Torres,F,Iloilo,SOCCSKSARGEN,customer168@example.com,08/11/2020
CUST100170,Juan,Garcia,F,Cebu City,Central Visayas,customer169@example.com,15/02/2022
CUST100171,Ana,Cruz,F,Manila,Central Visayas,customer170@example.com,03/04/2021
CUST100172,Maria,Reyes,Male,Manila,Davao Region,customer171@example.com,16/05/2023
CUST100173,James,Ramos,M,Tagum,Metro Manila,customer172@example.com,13/09/2020
CUST100174,Grace,Santos,F,Manila,Metro Manila,customer173@example.com,31/12/2022
CUST100175,Daniel,Aquino,Female,Panabo,Northern Mindanao,customer174@example.com,21/08/2020
CUST100176,Miguel,Torres,male,Panabo,Western Visayas,customer175@example.com,15/10/2024
CUST100177,Grace,Mendoza,F,Tagum,SOCCSKSARGEN,customer176@example.com,26/02/2023
CUST100178,Mark,Bautista,F,Tagum,Northern Mindanao,customer177@example.com,07/09/2020
CUST100179, Ella ,Navarro,M,Iloilo,Metro Manila,,22/09/2024
CUST100180,Liza,Castillo,M,Digos,Western Visayas,customer179@example.com,29/10/2022
CUST100181, Ella ,Castillo,Female,Digos,Davao Region,customer180@example.com,27/12/2022
CUST100182,Mark,Santos,M,General Santos,Northern Mindanao,customer181@example.com,23/04/2020
CUST100183,Miguel,Garcia,F,Manila,Central Visayas,customer182@example.com,03/12/2020
CUST100184,Daniel,Ramos,F,Cagayan de Oro,Davao Region,customer183@example.com,25/12/2023
CUST100185,Miguel,Rivera,M,Cagayan de Oro,Central Visayas,customer184@example.com,21/04/2022
CUST100186,Sofia,Cruz,M,Quezon City,Davao Region,customer185@example.com,14/01/2023
CUST100187,Mark,Reyes,F,General Santos,SOCCSKSARGEN,customer186@example.com,11/11/2024
CUST100188,Paolo,Rivera,female,Manila,Metro Manila,customer187@example.com,10/02/2022
CUST100189,John,Rivera,Male,Iloilo,Northern Mindanao,customer188@example.com,16/11/2021
CUST100190,Angela,Cruz,F,Cebu City,Western Visayas,customer189@example.com,15/12/2023
CUST100191,Daniel,Torres,M,Davao City,Davao Region,,28/04/2020
CUST100192,Nicole,Aquino,Male,Panabo,Metro Manila,customer191@example.com,30/03/2022
CUST100193,Nicole,Garcia,M,Cebu City,Western Visayas,customer192@example.com,18/03/2024
CUST100194,Paolo,Mendoza,F,General Santos,Western Visayas,customer193@example.com,14/02/2021
CUST100195,Marco,Torres,Female,Panabo,Northern Mindanao,customer194@example.com,01/07/2021
CUST100196,Maria,Aquino,F,Digos,Metro Manila,customer195@example.com,30/04/2022
CUST100197,Angela,Dela Cruz,M,Davao City,Western Visayas,customer196@example.com,13/05/2020
CUST100198,Ana,Torres,M,Panabo,Western Visayas,customer197@example.com,07/05/2020
CUST100199,Angela,Dela Cruz,M,Manila,Northern Mindanao,customer198@example.com,28/03/2021
CUST100200,Marco,Bautista,F,Davao City,SOCCSKSARGEN,customer199@example.com,04/06/2024
CUST100201,Paolo,Cruz,female,Quezon City,Northern Mindanao,customer200@example.com,03/02/2021
CUST100202,Ella,Garcia,M,Digos,Central Visayas,customer201@example.com,08/08/2023
CUST100203,Miguel,Garcia,F,Quezon City,Northern Mindanao,customer202@example.com,05/02/2022
CUST100204,Daniel,Gonzales,Male,Panabo,Davao Region,customer203@example.com,30/09/2023
CUST100205,Miguel,Rivera,M,Quezon City,Northern Mindanao,customer204@example.com,17/08/2021
CUST100206,Carlo,Navarro,M,Cagayan de Oro,Davao Region,customer205@example.com,23/04/2024
CUST100207,James,Cruz,F,Quezon City,Western Visayas,customer206@example.com,29/10/2021
CUST100208,Marco,Bautista,Male,Davao City,Metro Manila,customer207@example.com,25/11/2023
CUST100209,Carlo,Flores,F,Manila,Central Visayas,customer208@example.com,05/02/2024
CUST100210,James,Villanueva,Female,Panabo,Metro Manila,customer209@example.com,16/02/2022
CUST100211,Carlo,Mendoza,male,Digos,Metro Manila,customer210@example.com,15/04/2023
CUST100212,Grace,Rivera,Female,Davao City,Northern Mindanao,customer211@example.com,01/08/2020
CUST100213,James,Bautista,,Iloilo,Northern Mindanao,customer212@example.com,12/06/2022
CUST100214,Sofia,Garcia,Female,Cebu City,SOCCSKSARGEN,customer213@example.com,03/11/2021
CUST100215,Grace,Castillo,male,Iloilo,Davao Region,,13/09/2024
CUST100216,Carlo,Dela Cruz,male,Cagayan de Oro,SOCCSKSARGEN,customer215@example.com,08/08/2024
CUST100217,Maria,Mendoza,Female,Tagum,SOCCSKSARGEN,customer216@example.com,11/11/2023
CUST100218,Maria,Dela Cruz,male,Digos,Northern Mindanao,customer217@example.com,04/09/2024
CUST100219,Sofia,Aquino,female,General Santos,Northern Mindanao,customer218@example.com,22/10/2024
CUST100220,Ella,Dela Cruz,F,Tagum,Northern Mindanao,customer219@example.com,14/10/2023
CUST100221,Ana,Aquino,Male,Iloilo,Metro Manila,customer220@example.com,04/12/2022
CUST100222,Miguel,Ramos,F,Iloilo,Northern Mindanao,customer221@example.com,02/01/2021
CUST100223,Grace,Bautista,male,Cagayan de Oro,Western Visayas,customer222@example.com,07/01/2024
CUST100224,John,Rivera,F,Cagayan de Oro,Central Visayas,customer223@example.com,16/12/2020
CUST100225,Grace,Santos,male,Manila,SOCCSKSARGEN,customer224@example.com,29/11/2020
CUST100226,Angela,Rivera,Female,Cebu City,SOCCSKSARGEN,customer225@example.com,02/05/2024
CUST100227,Patricia,Reyes,,Davao City,Central Visayas,customer226@example.com,24/07/2020
CUST100228,Kevin,Navarro,M,Cagayan de Oro,Metro Manila,customer227@example.com,12/09/2020
CUST100229,Liza,Mendoza,Female,Manila,Davao Region,customer228@example.com,08/07/2022
CUST100230,Mark,Aquino,Female,Quezon City,Davao Region,customer229@example.com,17/11/2022
CUST100231,Miguel,Castillo,female,Cagayan de Oro,Metro Manila,customer230@example.com,23/03/2020
CUST100232,Luis,Villanueva,female,Quezon City,Central Visayas,customer231@example.com,11/11/2021
CUST100233,Juan,Torres,F,Cagayan de Oro,Central Visayas,customer232@example.com,09/02/2021
CUST100234,James,Gonzales,F,Digos,Davao Region,customer233@example.com,27/06/2021
CUST100235,Miguel,Mendoza,M,General Santos,SOCCSKSARGEN,customer234@example.com,21/11/2020
CUST100236,Grace,Garcia,,Cebu City,Central Visayas,customer235@example.com,04/05/2023
CUST100237,Daniel,Torres,M,Quezon City,Central Visayas,customer236@example.com,01/05/2022
CUST100238,Sofia,Navarro,Female,Panabo,Central Visayas,customer237@example.com,23/09/2024
CUST100239,Angela,Aquino,Female,Panabo,Central Visayas,customer238@example.com,15/01/2020
CUST100240,Nicole,Villanueva,F,Cebu City,Metro Manila,customer239@example.com,31/10/2023
CUST100241,Ana,Garcia,M,Manila,Western Visayas,customer240@example.com,25/06/2024
CUST100242,Kevin,Dela Cruz,M,Digos,Metro Manila,customer241@example.com,25/05/2022
CUST100243,Maria,Rivera,male,Cebu City,Davao Region,customer242@example.com,12/06/2023
CUST100244,Nicole,Flores,F,Davao City,SOCCSKSARGEN,customer243@example.com,04/03/2022
CUST100245,Nicole,Garcia,M,Panabo,Northern Mindanao,customer244@example.com,07/12/2022
CUST100246,Maria,Rivera,Female,Iloilo,Davao Region,customer245@example.com,21/06/2024
CUST100247,James,Flores,M,Cagayan de Oro,Davao Region,customer246@example.com,12/08/2022
CUST100248,Sofia,Rivera,male,Quezon City,Western Visayas,customer247@example.com,06/11/2022
CUST100249,James,Gonzales,F,Panabo,Central Visayas,customer248@example.com,11/11/2024
CUST100250,Juan,Gonzales,M,Panabo,Davao Region,customer249@example.com,12/06/2022
CUST100251,Mark,Ramos,M,Iloilo,Western Visayas,customer250@example.com,07/11/2020
CUST100252,Miguel,Bautista,F,Iloilo,Northern Mindanao,customer251@example.com,14/05/2023
CUST100253,Mark,Rivera,F,Quezon City,SOCCSKSARGEN,customer252@example.com,01/06/2023
CUST100254,Angela,Dela Cruz,Female,Digos,SOCCSKSARGEN,customer253@example.com,02/03/2021
CUST100255,Daniel,Santos,F,Quezon City,Davao Region,customer254@example.com,04/08/2023
CUST100256,Ana,Mendoza,F,General Santos,Western Visayas,customer255@example.com,24/04/2020
CUST100257,Daniel,Aquino,M,Quezon City,Metro Manila,customer256@example.com,30/07/2021
CUST100258,Ana,Navarro,M,Quezon City,Northern Mindanao,customer257@example.com,19/03/2024
CUST100259,Mark,Reyes,female,General Santos,Central Visayas,customer258@example.com,16/01/2023
CUST100260,Kevin,Navarro,M,Digos,Central Visayas,customer259@example.com,29/12/2022
CUST100261,James,Cruz,,Iloilo,Davao Region,customer260@example.com,22/01/2023
CUST100262,Mark,Navarro,F,General Santos,Western Visayas,customer261@example.com,23/10/2020
CUST100263,Carlo,Ramos,M,General Santos,Northern Mindanao,customer262@example.com,26/09/2024
CUST100264,Ella,Aquino,M,Cebu City,SOCCSKSARGEN,customer263@example.com,20/06/2021
CUST100265,Marco,Torres,M,Iloilo,Western Visayas,customer264@example.com,16/11/2023
CUST100266,Kevin,Torres,Female,Tagum,Metro Manila,customer265@example.com,16/11/2024
CUST100267,Sofia,Aquino,F,Iloilo,Davao Region,customer266@example.com,09/03/2021
CUST100268,Angela,Castillo,F,General Santos,Davao Region,customer267@example.com,15/02/2023
CUST100269,Nicole,Bautista,Male,Davao City,Davao Region,,17/03/2020
CUST100270,Kevin,Mendoza,Male,Digos,Central Visayas,customer269@example.com,19/02/2023
CUST100271,Carlo,Torres,female,General Santos,Western Visayas,customer270@example.com,04/03/2022
CUST100272,Juan,Mendoza,,Cebu City,Davao Region,customer271@example.com,09/05/2020
CUST100273,Mark,Navarro,Male,Cagayan de Oro,Western Visayas,customer272@example.com,24/04/2023
CUST100274,Marco,Cruz,male,Tagum,Davao Region,customer273@example.com,10/10/2024
CUST100275,Sofia,Torres,Female,General Santos,Northern Mindanao,customer274@example.com,29/05/2020
CUST100276,Miguel,Garcia,F,Panabo,Metro Manila,customer275@example.com,26/05/2024
CUST100277,Miguel,Navarro,Female,Panabo,Western Visayas,customer276@example.com,27/02/2024
CUST100278,James,Villanueva,M,Manila,Western Visayas,customer277@example.com,13/09/2022
CUST100279,Maria,Rivera,Female,Quezon City,Metro Manila,customer278@example.com,10/06/2024
CUST100280,Maria,Flores,,Tagum,Davao Region,customer279@example.com,10/07/2021
CUST100281,Carlo,Santos,M,Cebu City,Northern Mindanao,customer280@example.com,20/07/2023
CUST100282,Miguel,Garcia,male,General Santos,Western Visayas,customer281@example.com,10/06/2023
CUST100283,Daniel,Reyes,female,Digos,Davao Region,customer282@example.com,10/11/2022
CUST100284,Miguel,Bautista,M,Manila,Western Visayas,customer283@example.com,09/02/2024
CUST100285,Sofia,Rivera,F,Panabo,Western Visayas,customer284@example.com,26/04/2024
CUST100286,Ella,Navarro,female,Manila,Western Visayas,customer285@example.com,16/11/2023
CUST100287,Mark,Cruz,,General Santos,Northern Mindanao,customer286@example.com,25/11/2022
CUST100288,Kevin,Santos,M,Davao City,Northern Mindanao,customer287@example.com,24/10/2024
CUST100289,Liza,Rivera,F,Manila,Northern Mindanao,customer288@example.com,27/09/2022
CUST100290,Miguel,Mendoza,Male,Quezon City,Central Visayas,customer289@example.com,20/02/2023
CUST100291, Patricia ,Reyes,M,Cagayan de Oro,Metro Manila,customer290@example.com,05/12/2020
CUST100292,Carlo,Cruz,F,Manila,Davao Region,customer291@example.com,01/08/2021
CUST100293,Marco,Dela Cruz,M,Tagum,Metro Manila,customer292@example.com,16/06/2024
CUST100294,Angela,Aquino,M,Digos,Northern Mindanao,customer293@example.com,15/06/2022
CUST100295,Liza,Gonzales,F,Digos,Metro Manila,customer294@example.com,09/07/2022
CUST100296,Liza,Dela Cruz,Male,Manila,Northern Mindanao,customer295@example.com,09/01/2024
CUST100297,Patricia,Aquino,Male,Digos,SOCCSKSARGEN,customer296@example.com,09/08/2021
CUST100298,Sofia,Reyes,Female,Manila,Northern Mindanao,customer297@example.com,22/04/2021
CUST100299,Carlo,Santos,F,Digos,SOCCSKSARGEN,customer298@example.com,16/01/2020
CUST100300,Juan,Santos,M,Cebu City,Northern Mindanao,customer299@example.com,20/02/2021
CUST100301,Paolo,Gonzales,M,Panabo,Davao Region,customer300@example.com,10/07/2022
CUST100302,Patricia,Ramos,M,Cagayan de Oro,Northern Mindanao,customer301@example.com,28/07/2023
CUST100303,Juan,Bautista,F,Davao City,Central Visayas,customer302@example.com,15/08/2021
CUST100304,Luis,Santos,M,Manila,SOCCSKSARGEN,customer303@example.com,10/03/2022
CUST100305,Liza,Santos,M,Davao City,Northern Mindanao,customer304@example.com,02/02/2021
CUST100306,Ana,Villanueva,M,Iloilo,Western Visayas,customer305@example.com,09/01/2024
CUST100307,Angela,Reyes,Male,Quezon City,Western Visayas,customer306@example.com,02/08/2022
CUST100308,Kevin,Cruz,Male,Cagayan de Oro,Central Visayas,customer307@example.com,15/09/2020
CUST100309,Angela,Navarro,female,Iloilo,Central Visayas,customer308@example.com,02/01/2023
CUST100310, Ana ,Ramos,Female,Quezon City,SOCCSKSARGEN,customer309@example.com,27/08/2021
CUST100311,Daniel,Garcia,F,Tagum,Western Visayas,customer310@example.com,06/04/2024
CUST100312,Daniel,Flores,M,Manila,Northern Mindanao,customer311@example.com,27/04/2021
CUST100313,Ana,Aquino,F,Digos,SOCCSKSARGEN,customer312@example.com,05/04/2024
CUST100314,Carlo,Flores,M,Quezon City,Central Visayas,customer313@example.com,10/06/2023
CUST100315,John,Torres,F,Quezon City,Davao Region,customer314@example.com,31/08/2020
CUST100316,Daniel,Reyes,F,Iloilo,Western Visayas,customer315@example.com,28/09/2023
CUST100317,Grace,Flores,F,General Santos,SOCCSKSARGEN,customer316@example.com,21/07/2023
CUST100318,Grace,Bautista,M,Tagum,Central Visayas,customer317@example.com,31/03/2022
CUST100319,Ella,Aquino,Male,Tagum,Western Visayas,customer318@example.com,16/10/2020
CUST100320,James,Gonzales,male,Tagum,Northern Mindanao,customer319@example.com,10/05/2022
CUST100321,Angela,Cruz,Female,Iloilo,SOCCSKSARGEN,customer320@example.com,31/12/2022
CUST100322,Ana,Santos,Male,Cagayan de Oro,Central Visayas,customer321@example.com,25/08/2020
CUST100323,Nicole,Navarro,F,Digos,Northern Mindanao,customer322@example.com,05/09/2021
CUST100324,Ella,Cruz,M,General Santos,Metro Manila,customer323@example.com,17/06/2023
CUST100325,Marco,Ramos,Female,Tagum,Northern Mindanao,customer324@example.com,22/09/2022
CUST100326,John,Gonzales,F,Cagayan de Oro,Metro Manila,customer325@example.com,21/11/2024
CUST100327,John,Mendoza,M,General Santos,Western Visayas,customer326@example.com,25/01/2021
CUST100328,Juan,Navarro,F,Manila,Central Visayas,customer327@example.com,01/11/2023
CUST100329,Ana,Aquino,female,Davao City,Western Visayas,customer328@example.com,04/02/2022
CUST100330,Kevin,Cruz,Male,Iloilo,Central Visayas,customer329@example.com,05/02/2021
CUST100331,Liza,Gonzales,F,Davao City,SOCCSKSARGEN,customer330@example.com,08/09/2024
CUST100332,Paolo,Garcia,Male,General Santos,Northern Mindanao,customer331@example.com,26/01/2023
CUST100333,Angela,Bautista,F,Digos,Western Visayas,customer332@example.com,21/08/2022
CUST100334,Patricia,Aquino,F,Manila,Metro Manila,customer333@example.com,14/06/2021
CUST100335,Miguel,Cruz,M,Cebu City,SOCCSKSARGEN,customer334@example.com,05/05/2024
CUST100336,Patricia,Castillo,F,Tagum,Northern Mindanao,customer335@example.com,24/02/2020
CUST100337,Marco,Garcia,Male,General Santos,Northern Mindanao,customer336@example.com,26/07/2020
CUST100338,Angela,Ramos,M,Cagayan de Oro,SOCCSKSARGEN,customer337@example.com,19/11/2020
CUST100339,John,Rivera,Female,General Santos,SOCCSKSARGEN,customer338@example.com,21/03/2023
CUST100340,Marco,Rivera,M,Davao City,Western Visayas,customer339@example.com,03/07/2020
CUST100341,Nicole,Villanueva,Male,Tagum,Central Visayas,customer340@example.com,05/12/2023
CUST100342,Carlo,Flores,Male,Cagayan de Oro,Central Visayas,customer341@example.com,18/12/2020
CUST100343,Nicole,Navarro,Male,Panabo,Metro Manila,customer342@example.com,02/05/2023
CUST100344,Liza,Dela Cruz,Male,Cagayan de Oro,Western Visayas,customer343@example.com,03/12/2023
CUST100345,Ella,Gonzales,female,Tagum,Northern Mindanao,customer344@example.com,30/04/2024
CUST100346,Carlo,Flores,F,Manila,Davao Region,customer345@example.com,11/06/2021
CUST100347,Marco,Bautista,Female,Tagum,Davao Region,customer346@example.com,14/05/2020
CUST100348,Ella,Mendoza,Female,Cebu City,Central Visayas,customer347@example.com,24/09/2023
CUST100349,Mark,Castillo,M,Quezon City,Western Visayas,customer348@example.com,18/03/2022
CUST100350,Mark,Garcia,M,Digos,Central Visayas,customer349@example.com,03/09/2024
CUST100351,Liza,Castillo,F,Tagum,Metro Manila,customer350@example.com,04/12/2020
CUST100352,Juan,Santos,M,Davao City,Central Visayas,customer351@example.com,30/10/2022
CUST100353,Carlo,Reyes,F,Digos,Northern Mindanao,customer352@example.com,02/08/2020
CUST100354, Sofia ,Mendoza,F,Tagum,Western Visayas,customer353@example.com,23/05/2022
CUST100355,Marco,Flores,Male,Quezon City,Western Visayas,customer354@example.com,02/01/2020
CUST100356,Marco,Castillo,M,Iloilo,SOCCSKSARGEN,customer355@example.com,12/09/2023
CUST100357,Mark,Mendoza,male,Iloilo,Western Visayas,customer356@example.com,24/12/2022
CUST100358,Luis,Santos,F,Iloilo,Central Visayas,customer357@example.com,23/06/2020
CUST100359,Maria,Mendoza,Female,Cagayan de Oro,Western Visayas,customer358@example.com,18/06/2022
CUST100360,Grace,Flores,M,Digos,Central Visayas,customer359@example.com,09/02/2022
CUST100361,Patricia,Navarro,F,General Santos,SOCCSKSARGEN,customer360@example.com,27/04/2023
CUST100362,Luis,Aquino,M,Panabo,Metro Manila,customer361@example.com,16/06/2022
CUST100363,John,Garcia,Male,Quezon City,SOCCSKSARGEN,customer362@example.com,06/04/2022
CUST100364,Luis,Ramos,F,General Santos,Northern Mindanao,customer363@example.com,04/02/2024
CUST100365,Ana,Aquino,female,Digos,Davao Region,customer364@example.com,23/07/2022
CUST100366,Liza,Bautista,F,Cebu City,Davao Region,customer365@example.com,05/01/2024
CUST100367,Miguel,Navarro,F,Digos,Metro Manila,customer366@example.com,12/05/2024
CUST100368,Angela,Bautista,M,Digos,SOCCSKSARGEN,customer367@example.com,06/03/2024
CUST100369,Juan,Garcia,Male,Panabo,Metro Manila,customer368@example.com,15/09/2024
CUST100370,James,Castillo,F,Davao City,Western Visayas,customer369@example.com,10/06/2023
CUST100371,Angela,Santos,F,Davao City,Central Visayas,customer370@example.com,08/10/2022
CUST100372,Daniel,Reyes,M,General Santos,SOCCSKSARGEN,customer371@example.com,13/08/2022
CUST100373,Sofia,Villanueva,M,Iloilo,SOCCSKSARGEN,customer372@example.com,03/01/2021
CUST100374,Paolo,Flores,M,Panabo,Northern Mindanao,customer373@example.com,30/01/2024
CUST100375,Luis,Ramos,,Cebu City,SOCCSKSARGEN,customer374@example.com,01/06/2023
CUST100376,Maria,Ramos,F,Digos,Davao Region,customer375@example.com,20/04/2024
CUST100377,Grace,Castillo,M,Digos,Metro Manila,customer376@example.com,16/06/2023
CUST100378,Grace,Garcia,female,Tagum,Central Visayas,customer377@example.com,14/05/2022
CUST100379,Paolo,Cruz,M,Cagayan de Oro,Northern Mindanao,customer378@example.com,15/06/2021
CUST100380,Carlo,Santos,F,Cebu City,SOCCSKSARGEN,customer379@example.com,09/11/2024
CUST100381, Juan ,Villanueva,Female,Digos,Metro Manila,customer380@example.com,13/08/2023
CUST100382,Ella,Garcia,female,Cagayan de Oro,Davao Region,customer381@example.com,23/04/2024
CUST100383,Ella,Ramos,Female,General Santos,Davao Region,customer382@example.com,19/11/2022
CUST100384,John,Flores,F,Panabo,Davao Region,customer383@example.com,07/07/2022
CUST100385,Juan,Cruz,,Cebu City,Northern Mindanao,customer384@example.com,02/03/2020
CUST100386,Ana,Torres,M,Cagayan de Oro,Davao Region,customer385@example.com,04/05/2020
CUST100387,Maria,Reyes,,Davao City,Northern Mindanao,customer386@example.com,26/06/2023
CUST100388,Patricia,Cruz,male,General Santos,Western Visayas,customer387@example.com,08/02/2021
CUST100389,Luis,Cruz,female,Digos,SOCCSKSARGEN,customer388@example.com,27/05/2020
CUST100390,Mark,Villanueva,M,Manila,Western Visayas,customer389@example.com,29/10/2023
CUST100391,Grace,Ramos,M,Digos,Central Visayas,customer390@example.com,21/01/2023
CUST100392,Mark,Gonzales,Male,Iloilo,Western Visayas,customer391@example.com,19/07/2020
CUST100393,Paolo,Torres,F,Cebu City,SOCCSKSARGEN,customer392@example.com,18/06/2022
CUST100394,Kevin,Garcia,F,Tagum,Davao Region,customer393@example.com,25/04/2022
CUST100395,Grace,Ramos,female,General Santos,SOCCSKSARGEN,customer394@example.com,07/01/2020
CUST100396,Luis,Gonzales,Male,Quezon City,Western Visayas,customer395@example.com,24/12/2022
CUST100397,Juan,Navarro,F,Panabo,Central Visayas,customer396@example.com,15/12/2021
CUST100398,Mark,Santos,F,Manila,Central Visayas,customer397@example.com,30/04/2024
CUST100399,Carlo,Dela Cruz,M,Manila,Central Visayas,customer398@example.com,27/07/2020
CUST100400,Angela,Gonzales,M,Cebu City,Davao Region,customer399@example.com,04/03/2024
CUST100401,Marco,Navarro,M,Davao City,Northern Mindanao,customer400@example.com,12/01/2020
CUST100402,James,Rivera,male,Digos,Northern Mindanao,customer401@example.com,07/10/2023
CUST100403,Angela,Navarro,Female,Digos,Davao Region,customer402@example.com,09/11/2023
CUST100404,Marco,Santos,F,Digos,Metro Manila,customer403@example.com,03/01/2022
CUST100405,Miguel,Villanueva,F,Quezon City,Central Visayas,customer404@example.com,19/05/2021
CUST100406,Liza,Bautista,Male,Davao City,Northern Mindanao,customer405@example.com,13/09/2020
CUST100407,Sofia,Castillo,male,Cagayan de Oro,Northern Mindanao,customer406@example.com,03/09/2021
CUST100408,Ana,Rivera,female,Iloilo,SOCCSKSARGEN,customer407@example.com,20/04/2023
CUST100409,Ella,Garcia,F,Quezon City,Western Visayas,customer408@example.com,28/07/2023
CUST100410,Juan,Gonzales,male,Cebu City,Central Visayas,customer409@example.com,22/11/2020
CUST100411,Mark,Garcia,F,Iloilo,Western Visayas,customer410@example.com,21/01/2020
CUST100412,John,Rivera,F,General Santos,Central Visayas,customer411@example.com,07/10/2022
CUST100413,Carlo,Garcia,male,Cebu City,Northern Mindanao,customer412@example.com,11/11/2022
CUST100414,Ana,Navarro,F,Cagayan de Oro,Western Visayas,customer413@example.com,31/10/2024
CUST100415,Juan,Bautista,F,Davao City,Western Visayas,customer414@example.com,02/10/2023
CUST100416,Daniel,Reyes,F,Davao City,Metro Manila,customer415@example.com,17/09/2022
CUST100417,Marco,Reyes,F,Quezon City,Metro Manila,customer416@example.com,01/12/2022
CUST100418,Ana,Villanueva,F,Tagum,Davao Region,customer417@example.com,08/03/2023
CUST100419,Carlo,Santos,Male,Digos,Metro Manila,customer418@example.com,24/03/2022
CUST100420,Liza,Ramos,F,Cebu City,Metro Manila,customer419@example.com,04/05/2023
CUST100421,Ella,Rivera,M,Cagayan de Oro,Central Visayas,customer420@example.com,17/12/2020
CUST100422,Daniel,Ramos,male,Cagayan de Oro,Northern Mindanao,customer421@example.com,03/02/2024
CUST100423,James,Flores,F,Iloilo,SOCCSKSARGEN,customer422@example.com,31/03/2024
CUST100424,Kevin,Torres,female,Manila,Central Visayas,customer423@example.com,21/02/2022
CUST100425,Sofia,Aquino,M,Iloilo,Northern Mindanao,customer424@example.com,02/04/2022
CUST100426,Mark,Ramos,F,Cebu City,Western Visayas,customer425@example.com,14/06/2022
CUST100427,Luis,Navarro,F,Iloilo,Central Visayas,customer426@example.com,11/01/2024
CUST100428,Patricia,Cruz,male,Cebu City,Metro Manila,customer427@example.com,12/11/2020
CUST100429,Juan,Aquino,M,Cagayan de Oro,Metro Manila,customer428@example.com,06/09/2021
CUST100430, Grace ,Castillo,female,Quezon City,Central Visayas,customer429@example.com,11/01/2023
CUST100431,Maria,Castillo,F,Quezon City,Davao Region,customer430@example.com,02/06/2023
CUST100432,Grace,Reyes,F,Davao City,Northern Mindanao,customer431@example.com,16/06/2021
CUST100433,Patricia,Castillo,F,Iloilo,SOCCSKSARGEN,customer432@example.com,29/07/2020
CUST100434,Ana,Castillo,M,Cebu City,Metro Manila,customer433@example.com,02/07/2022
CUST100435,Sofia,Cruz,F,Quezon City,Central Visayas,customer434@example.com,23/02/2023
CUST100436,Ana,Villanueva,M,Manila,Northern Mindanao,customer435@example.com,11/10/2023
CUST100437,Kevin,Navarro,F,Iloilo,Western Visayas,customer436@example.com,06/01/2020
CUST100438,Ella,Flores,Male,Panabo,SOCCSKSARGEN,customer437@example.com,01/02/2020
CUST100439,Maria,Castillo,F,Tagum,Western Visayas,customer438@example.com,26/11/2021
CUST100440,Paolo,Navarro,M,Tagum,Metro Manila,customer439@example.com,12/10/2022
CUST100441,Marco,Navarro,M,Panabo,Central Visayas,customer440@example.com,07/01/2020
CUST100442,Angela,Dela Cruz,M,Panabo,SOCCSKSARGEN,customer441@example.com,08/11/2020
CUST100443,Ana,Gonzales,M,General Santos,SOCCSKSARGEN,customer442@example.com,24/01/2022
CUST100444,Miguel,Rivera,Male,Tagum,Central Visayas,customer443@example.com,17/05/2021
CUST100445,Liza,Cruz,M,Tagum,SOCCSKSARGEN,customer444@example.com,02/07/2023
CUST100446,Daniel,Castillo,female,Cagayan de Oro,Western Visayas,customer445@example.com,03/03/2020
CUST100447,Angela,Santos,M,Manila,SOCCSKSARGEN,customer446@example.com,18/05/2024
CUST100448,Marco,Mendoza,M,Tagum,Davao Region,customer447@example.com,01/11/2020
CUST100449,Liza,Rivera,male,Cagayan de Oro,Davao Region,customer448@example.com,04/03/2022
CUST100450,Carlo,Cruz,M,Cebu City,Northern Mindanao,customer449@example.com,10/11/2024
CUST100451,Marco,Torres,F,Manila,Western Visayas,customer450@example.com,07/04/2023
CUST100452,Ella,Garcia,female,Tagum,Davao Region,customer451@example.com,02/12/2024
CUST100453,Miguel,Castillo,female,Manila,Davao Region,customer452@example.com,05/02/2020
CUST100454,Juan,Flores,Female,Davao City,Davao Region,customer453@example.com,19/07/2023
CUST100455,Kevin,Ramos,M,Panabo,Northern Mindanao,customer454@example.com,16/05/2020
CUST100456,Kevin,Rivera,F,Digos,SOCCSKSARGEN,customer455@example.com,06/01/2023
CUST100457,Ana,Navarro,,Quezon City,Western Visayas,customer456@example.com,09/08/2021
CUST100458,Nicole,Castillo,female,Tagum,Western Visayas,customer457@example.com,30/10/2023
CUST100459,Patricia,Reyes,M,Manila,Northern Mindanao,customer458@example.com,11/08/2020
CUST100460,Ana,Garcia,F,Iloilo,Metro Manila,customer459@example.com,01/06/2024
CUST100461,Grace,Rivera,F,Iloilo,Western Visayas,customer460@example.com,15/05/2022
CUST100462,Ana,Villanueva,M,Digos,Metro Manila,customer461@example.com,23/07/2022
CUST100463,Grace,Aquino,Male,Davao City,SOCCSKSARGEN,customer462@example.com,24/10/2022
CUST100464,Sofia,Torres,M,Panabo,Metro Manila,customer463@example.com,04/03/2020
CUST100465,Juan,Garcia,F,Manila,Northern Mindanao,customer464@example.com,12/07/2021
CUST100466,Marco,Villanueva,M,Tagum,Metro Manila,customer465@example.com,30/06/2023
CUST100467,Mark,Bautista,F,Cebu City,SOCCSKSARGEN,customer466@example.com,25/09/2024
CUST100468,Kevin,Garcia,M,Digos,Western Visayas,customer467@example.com,07/11/2024
CUST100469,Mark,Ramos,F,Manila,Central Visayas,customer468@example.com,22/08/2022
CUST100470,Ella,Ramos,M,Cebu City,Metro Manila,customer469@example.com,09/04/2021
CUST100471,Grace,Flores,female,Cagayan de Oro,SOCCSKSARGEN,customer470@example.com,09/05/2022
CUST100472,Patricia,Gonzales,M,Manila,Western Visayas,customer471@example.com,14/04/2022
CUST100473,Sofia,Reyes,F,Iloilo,Metro Manila,customer472@example.com,16/12/2021
CUST100474,Miguel,Dela Cruz,M,Digos,Northern Mindanao,customer473@example.com,12/10/2021
CUST100475,Nicole,Reyes,M,Cagayan de Oro,SOCCSKSARGEN,customer474@example.com,11/04/2024
CUST100476,James,Castillo,M,Cebu City,SOCCSKSARGEN,customer475@example.com,03/12/2021
CUST100477, Patricia ,Aquino,M,Quezon City,Davao Region,customer476@example.com,22/02/2020
CUST100478,Juan,Rivera,M,General Santos,Davao Region,customer477@example.com,22/07/2023
CUST100479,Daniel,Navarro,F,Digos,Davao Region,customer478@example.com,12/04/2023
CUST100480,Ana,Cruz,Male,Quezon City,Central Visayas,customer479@example.com,12/11/2021
CUST100481,Carlo,Flores,M,Iloilo,Davao Region,customer480@example.com,07/02/2023
CUST100482,Patricia,Reyes,F,Cagayan de Oro,SOCCSKSARGEN,customer481@example.com,20/08/2024
CUST100483,Carlo,Aquino,F,Tagum,SOCCSKSARGEN,customer482@example.com,21/07/2024
CUST100484,James,Aquino,M,Panabo,Northern Mindanao,customer483@example.com,22/11/2023
CUST100485,Miguel,Villanueva,F,General Santos,Western Visayas,customer484@example.com,16/11/2022
CUST100486,John,Mendoza,M,Manila,Davao Region,customer485@example.com,19/02/2020
CUST100487,Angela,Dela Cruz,M,Cebu City,Western Visayas,customer486@example.com,10/07/2022
CUST100488,Liza,Reyes,F,Quezon City,Central Visayas,customer487@example.com,13/01/2024
CUST100489,James,Torres,,Davao City,Davao Region,customer488@example.com,29/02/2024
CUST100490,Nicole,Flores,,General Santos,Central Visayas,customer489@example.com,23/10/2023
CUST100491,Ella,Bautista,,Manila,Western Visayas,customer490@example.com,10/11/2024
CUST100492,Luis,Bautista,F,Iloilo,SOCCSKSARGEN,customer491@example.com,18/07/2022
CUST100493, James ,Cruz,M,Tagum,Davao Region,customer492@example.com,16/07/2020
CUST100494,Nicole,Dela Cruz,F,Quezon City,SOCCSKSARGEN,customer493@example.com,13/06/2022
CUST100495,Carlo,Navarro,M,Davao City,Northern Mindanao,customer494@example.com,27/07/2021
CUST100496,Sofia,Mendoza,M,Tagum,Central Visayas,customer495@example.com,12/02/2024
CUST100497,Ana,Santos,M,Quezon City,Davao Region,customer496@example.com,30/10/2023
CUST100498,Paolo,Villanueva,F,Manila,SOCCSKSARGEN,customer497@example.com,03/02/2022
CUST100499,Ella,Castillo,F,Iloilo,Western Visayas,customer498@example.com,29/11/2021
CUST100500,Sofia,Navarro,M,Cebu City,Metro Manila,customer499@example.com,14/10/2020
CUST100501,Ana,Mendoza,Female,Cebu City,Western Visayas,customer500@example.com,18/03/2020
CUST100502, Daniel ,Villanueva,F,Cagayan de Oro,SOCCSKSARGEN,customer501@example.com,17/07/2021
CUST100503,Marco,Santos,male,Cagayan de Oro,Davao Region,customer502@example.com,09/03/2021
CUST100504,Luis,Flores,M,Cagayan de Oro,Northern Mindanao,customer503@example.com,22/04/2021
CUST100505,Carlo,Bautista,F,Panabo,Davao Region,customer504@example.com,02/12/2024
CUST100506,Miguel,Rivera,M,Quezon City,Central Visayas,customer505@example.com,10/05/2023
CUST100507,Liza,Dela Cruz,F,Digos,Central Visayas,customer506@example.com,19/09/2022
CUST100508, John ,Aquino,M,Cebu City,Davao Region,customer507@example.com,17/11/2020
CUST100509,Carlo,Garcia,M,Cebu City,Metro Manila,customer508@example.com,23/02/2024
CUST100510,John,Reyes,Male,Cagayan de Oro,Davao Region,customer509@example.com,06/03/2023
CUST100511,Marco,Mendoza,M,Cebu City,Western Visayas,customer510@example.com,15/07/2022
CUST100512,Grace,Gonzales,M,Davao City,Western Visayas,customer511@example.com,18/04/2022
CUST100513,Patricia,Castillo,female,Digos,Western Visayas,customer512@example.com,21/09/2022
CUST100514,Patricia,Flores,M,General Santos,Davao Region,customer513@example.com,20/02/2024
CUST100515, Marco ,Dela Cruz,F,Digos,SOCCSKSARGEN,customer514@example.com,20/07/2023
CUST100516,Ana,Cruz,F,Iloilo,Metro Manila,customer515@example.com,22/05/2022
CUST100517,Luis,Dela Cruz,M,Quezon City,SOCCSKSARGEN,customer516@example.com,16/04/2023
CUST100518,Maria,Cruz,F,Manila,Western Visayas,customer517@example.com,31/07/2024
CUST100519,Miguel,Cruz,M,Digos,Metro Manila,customer518@example.com,10/08/2021
CUST100520,Kevin,Castillo,Female,Davao City,Davao Region,customer519@example.com,08/06/2024
CUST100521,Paolo,Cruz,M,Manila,Western Visayas,customer520@example.com,28/12/2022
CUST100522,Ana,Santos,M,Quezon City,Central Visayas,customer521@example.com,29/11/2020
CUST100523,Mark,Navarro,F,General Santos,SOCCSKSARGEN,customer522@example.com,06/10/2024
CUST100524,Patricia,Dela Cruz,female,Quezon City,Western Visayas,customer523@example.com,20/05/2023
CUST100525,Angela,Flores,Female,Iloilo,Davao Region,customer524@example.com,25/11/2021
CUST100526,Angela,Cruz,female,Cagayan de Oro,SOCCSKSARGEN,customer525@example.com,21/01/2021
CUST100527,Ella,Garcia,Male,Panabo,Davao Region,customer526@example.com,06/07/2024
CUST100528,Ana,Flores,Male,Davao City,Northern Mindanao,customer527@example.com,21/01/2024
CUST100529,Ella,Castillo,F,Manila,Northern Mindanao,customer528@example.com,21/03/2020
CUST100530,Ella,Torres,female,Cagayan de Oro,SOCCSKSARGEN,customer529@example.com,18/02/2023
CUST100531,Kevin,Navarro,F,Tagum,Davao Region,customer530@example.com,25/07/2020
CUST100532,Mark,Navarro,F,Davao City,SOCCSKSARGEN,customer531@example.com,13/06/2021
CUST100533,Mark,Dela Cruz,Male,Iloilo,Northern Mindanao,,19/10/2022
CUST100534, Carlo ,Dela Cruz,F,Digos,Metro Manila,customer533@example.com,24/03/2021
CUST100535,Kevin,Torres,M,Digos,Davao Region,customer534@example.com,11/07/2022
CUST100536,Mark,Santos,F,Cebu City,Central Visayas,customer535@example.com,12/02/2022
CUST100537,Miguel,Aquino,F,Digos,Metro Manila,customer536@example.com,12/11/2022
CUST100538,Ana,Ramos,male,Iloilo,Western Visayas,customer537@example.com,12/12/2023
CUST100539,Liza,Dela Cruz,F,Cebu City,SOCCSKSARGEN,customer538@example.com,06/10/2020
CUST100540,Juan,Mendoza,male,Digos,Western Visayas,customer539@example.com,04/12/2023
CUST100541,Grace,Mendoza,F,Panabo,Metro Manila,customer540@example.com,04/02/2021
CUST100542,Maria,Aquino,Female,Quezon City,Northern Mindanao,customer541@example.com,01/03/2020
CUST100543,Mark,Bautista,M,Cagayan de Oro,Northern Mindanao,customer542@example.com,14/03/2022
CUST100544,Mark,Reyes,female,Iloilo,SOCCSKSARGEN,customer543@example.com,28/06/2021
CUST100545,Patricia,Torres,F,Digos,Metro Manila,customer544@example.com,28/11/2020
CUST100546,Maria,Santos,M,Davao City,SOCCSKSARGEN,customer545@example.com,31/01/2022
CUST100547,Sofia,Flores,M,Quezon City,Central Visayas,customer546@example.com,12/04/2024
CUST100548,Kevin,Garcia,M,Panabo,Central Visayas,customer547@example.com,20/11/2022
CUST100549,Liza,Mendoza,F,Quezon City,Western Visayas,customer548@example.com,03/08/2023
CUST100550,Daniel,Flores,Female,Manila,Western Visayas,customer549@example.com,26/09/2020
CUST100551,Patricia,Mendoza,female,Panabo,Northern Mindanao,customer550@example.com,16/05/2020
CUST100552,Paolo,Torres,Male,Manila,Metro Manila,customer551@example.com,26/08/2021
CUST100553,Patricia,Bautista,F,Davao City,Northern Mindanao,customer552@example.com,25/10/2023
CUST100554,Angela,Bautista,F,Digos,Western Visayas,customer553@example.com,13/05/2024
CUST100555,Marco,Santos,male,Digos,Davao Region,customer554@example.com,02/07/2020
CUST100556,Liza,Torres,male,Cebu City,Western Visayas,customer555@example.com,07/05/2022
CUST100557,Grace,Villanueva,M,Cagayan de Oro,SOCCSKSARGEN,customer556@example.com,14/12/2021
CUST100558,Luis,Navarro,female,Cebu City,Davao Region,customer557@example.com,01/09/2023
CUST100559,James,Garcia,F,General Santos,Metro Manila,customer558@example.com,04/01/2021
CUST100560,Luis,Ramos,male,Manila,Davao Region,customer559@example.com,22/05/2022
CUST100561,Liza,Cruz,,Tagum,Central Visayas,customer560@example.com,09/03/2024
CUST100562,Juan,Santos,Female,Manila,Central Visayas,customer561@example.com,16/04/2022
CUST100563,Miguel,Aquino,M,Davao City,Metro Manila,customer562@example.com,07/11/2023
CUST100564,Mark,Navarro,F,Davao City,SOCCSKSARGEN,customer563@example.com,24/01/2023
CUST100565,Luis,Bautista,M,Manila,Central Visayas,customer564@example.com,11/12/2022
CUST100566,John,Mendoza,Female,Tagum,Central Visayas,customer565@example.com,11/04/2021
CUST100567,John,Villanueva,M,Manila,Davao Region,customer566@example.com,21/11/2024
CUST100568,John,Torres,Male,Tagum,SOCCSKSARGEN,customer567@example.com,25/03/2021
CUST100569,Nicole,Castillo,female,Tagum,Northern Mindanao,customer568@example.com,02/08/2024
CUST100570,Kevin,Reyes,M,Iloilo,Central Visayas,customer569@example.com,15/11/2024
CUST100571,Ella,Reyes,F,Tagum,Davao Region,customer570@example.com,09/07/2022
CUST100572, Sofia ,Bautista,Male,Iloilo,Northern Mindanao,customer571@example.com,13/04/2024
CUST100573,Carlo,Villanueva,F,Digos,Metro Manila,customer572@example.com,11/07/2023
CUST100574,Juan,Rivera,M,Manila,SOCCSKSARGEN,customer573@example.com,20/08/2023
CUST100575,Juan,Mendoza,M,Iloilo,Northern Mindanao,customer574@example.com,03/05/2020
CUST100576,Paolo,Santos,F,Tagum,Metro Manila,customer575@example.com,03/09/2020
CUST100577,Ella,Rivera,Male,Digos,SOCCSKSARGEN,customer576@example.com,05/05/2020
CUST100578,Liza,Ramos,F,Cagayan de Oro,Central Visayas,customer577@example.com,24/02/2020
CUST100579,Luis,Garcia,M,Quezon City,Northern Mindanao,customer578@example.com,13/02/2024
CUST100580,Ana,Bautista,F,Tagum,Davao Region,customer579@example.com,11/11/2020
CUST100581,Maria,Gonzales,F,Tagum,SOCCSKSARGEN,customer580@example.com,12/01/2020
CUST100582,Patricia,Dela Cruz,M,Digos,Davao Region,customer581@example.com,14/08/2024
CUST100583,Ana,Bautista,Female,Panabo,Northern Mindanao,customer582@example.com,16/05/2021
CUST100584, Maria ,Bautista,F,Panabo,Davao Region,customer583@example.com,09/01/2024
CUST100585,Sofia,Navarro,F,Tagum,Western Visayas,customer584@example.com,24/09/2024
CUST100586,Ella,Aquino,female,Quezon City,Central Visayas,customer585@example.com,30/07/2022
CUST100587,Daniel,Dela Cruz,F,Manila,Western Visayas,customer586@example.com,26/07/2024
CUST100588,Maria,Gonzales,Male,Tagum,Metro Manila,customer587@example.com,09/10/2024
CUST100589,Patricia,Rivera,M,Cagayan de Oro,Davao Region,customer588@example.com,16/09/2020
CUST100590,Patricia,Rivera,M,Cebu City,Northern Mindanao,customer589@example.com,20/09/2020
CUST100591,Patricia,Castillo,M,Cebu City,Davao Region,,27/10/2021
CUST100592,Ella,Santos,Female,Iloilo,Davao Region,customer591@example.com,03/10/2022
CUST100593,John,Mendoza,male,Cebu City,Central Visayas,customer592@example.com,15/11/2023
CUST100594,Marco,Flores,M,Cebu City,Northern Mindanao,customer593@example.com,25/11/2020
CUST100595,Angela,Rivera,M,Davao City,Davao Region,customer594@example.com,14/12/2020
CUST100596,Patricia,Navarro,F,Davao City,Central Visayas,customer595@example.com,05/07/2021
CUST100597,Kevin,Navarro,F,Cebu City,Central Visayas,,03/05/2021
CUST100598,James,Cruz,Male,Iloilo,SOCCSKSARGEN,customer597@example.com,19/08/2024
CUST100599,Nicole,Bautista,Male,Digos,Metro Manila,customer598@example.com,13/12/2021
CUST100600,Nicole,Mendoza,female,Cebu City,Central Visayas,customer599@example.com,11/04/2024
CUST100601,Nicole,Reyes,M,Panabo,Central Visayas,customer600@example.com,10/04/2020
CUST100602,James,Rivera,Male,General Santos,Davao Region,customer601@example.com,02/07/2020
CUST100603,Grace,Garcia,F,Manila,Central Visayas,customer602@example.com,17/12/2023
CUST100604,Ana,Santos,F,Cebu City,Metro Manila,customer603@example.com,25/03/2021
CUST100605,Patricia,Reyes,female,Tagum,Davao Region,customer604@example.com,28/05/2020
CUST100606,Liza,Flores,M,Quezon City,SOCCSKSARGEN,customer605@example.com,06/12/2022
CUST100607, Angela ,Reyes,Female,Iloilo,Metro Manila,customer606@example.com,22/09/2020
CUST100608,Liza,Villanueva,Female,General Santos,Western Visayas,customer607@example.com,20/04/2020
CUST100609,Marco,Navarro,female,Digos,Northern Mindanao,customer608@example.com,01/01/2022
CUST100610,Luis,Mendoza,F,Cagayan de Oro,SOCCSKSARGEN,customer609@example.com,17/09/2022
CUST100611,Patricia,Santos,F,Quezon City,Central Visayas,customer610@example.com,07/08/2022
CUST100612,Miguel,Flores,male,General Santos,SOCCSKSARGEN,customer611@example.com,18/11/2022
CUST100613,James,Cruz,Female,Davao City,Metro Manila,customer612@example.com,12/02/2020
CUST100614,Paolo,Rivera,F,Davao City,Metro Manila,customer613@example.com,07/06/2021
CUST100615,Daniel,Dela Cruz,Female,Quezon City,Northern Mindanao,customer614@example.com,10/09/2021
CUST100616,Nicole,Flores,M,Manila,SOCCSKSARGEN,customer615@example.com,11/06/2021
CUST100617,John,Santos,F,Manila,Northern Mindanao,customer616@example.com,03/10/2022
CUST100618,Carlo,Cruz,male,Tagum,Davao Region,customer617@example.com,16/02/2021
CUST100619,Maria,Garcia,F,Tagum,Central Visayas,customer618@example.com,11/02/2023
CUST100620,Ana,Santos,F,Digos,SOCCSKSARGEN,customer619@example.com,11/08/2024
CUST100621,Sofia,Castillo,female,Panabo,SOCCSKSARGEN,customer620@example.com,04/04/2023
CUST100622,Miguel,Rivera,Female,Digos,SOCCSKSARGEN,customer621@example.com,30/11/2021
CUST100623,Mark,Rivera,female,Cagayan de Oro,Metro Manila,customer622@example.com,21/02/2022
CUST100624,Sofia,Dela Cruz,F,Panabo,SOCCSKSARGEN,customer623@example.com,19/11/2022
CUST100625,Nicole,Bautista,,Tagum,Central Visayas,customer624@example.com,27/07/2023
CUST100626,John,Navarro,M,General Santos,Central Visayas,customer625@example.com,26/06/2021
CUST100627,Angela,Santos,F,Manila,Northern Mindanao,customer626@example.com,10/03/2020
CUST100628, Paolo ,Reyes,F,Cebu City,Western Visayas,customer627@example.com,18/06/2023
CUST100629,Liza,Navarro,Female,Digos,Northern Mindanao,customer628@example.com,05/04/2023
CUST100630,Paolo,Torres,female,Digos,Northern Mindanao,,01/07/2020
CUST100631,Grace,Santos,Female,Cagayan de Oro,Central Visayas,customer630@example.com,01/02/2023
CUST100632,Angela,Gonzales,Male,Tagum,Metro Manila,customer631@example.com,08/05/2020
CUST100633,Sofia,Castillo,F,Quezon City,Northern Mindanao,customer632@example.com,03/03/2023
CUST100634,Paolo,Navarro,F,Quezon City,Central Visayas,customer633@example.com,01/09/2023
CUST100635,Mark,Rivera,F,Davao City,Northern Mindanao,customer634@example.com,28/01/2020
CUST100636,Daniel,Rivera,M,Iloilo,Metro Manila,,01/08/2023
CUST100637,John,Rivera,F,Davao City,Western Visayas,customer636@example.com,04/08/2020
CUST100638,Carlo,Dela Cruz,male,General Santos,Western Visayas,customer637@example.com,22/04/2021
CUST100639,James,Gonzales,Female,Cebu City,Davao Region,customer638@example.com,22/06/2023
CUST100640,Ella,Navarro,Female,Digos,Central Visayas,customer639@example.com,01/10/2021
CUST100641,Daniel,Castillo,F,Panabo,Metro Manila,customer640@example.com,24/10/2024
CUST100642,Ella,Villanueva,F,Davao City,Northern Mindanao,customer641@example.com,19/09/2024
CUST100643,Luis,Cruz,M,Manila,Davao Region,customer642@example.com,11/11/2024
CUST100644,Miguel,Flores,F,Davao City,Northern Mindanao,customer643@example.com,06/07/2020
CUST100645,James,Cruz,F,General Santos,Western Visayas,customer644@example.com,13/11/2020
CUST100646,Angela,Dela Cruz,M,Digos,Metro Manila,customer645@example.com,25/11/2020
CUST100647,Miguel,Torres,M,Iloilo,Davao Region,customer646@example.com,19/11/2022
CUST100648,Liza,Villanueva,Male,Iloilo,Western Visayas,,13/02/2022
CUST100649,Marco,Villanueva,F,Quezon City,Northern Mindanao,customer648@example.com,04/09/2023
CUST100650,Patricia,Torres,F,Manila,Western Visayas,customer649@example.com,22/05/2021
CUST100651,Miguel,Mendoza,M,Cagayan de Oro,Metro Manila,customer650@example.com,25/12/2020
CUST100652,Daniel,Navarro,F,Digos,Davao Region,customer651@example.com,14/03/2023
CUST100653,John,Gonzales,F,Tagum,Central Visayas,customer652@example.com,16/01/2023
CUST100654,Patricia,Rivera,F,Iloilo,Western Visayas,customer653@example.com,28/05/2023
CUST100655,Kevin,Garcia,F,Digos,Central Visayas,,15/07/2021
CUST100656,Liza,Cruz,M,General Santos,Western Visayas,customer655@example.com,05/08/2022
CUST100657,James,Castillo,female,Tagum,Western Visayas,customer656@example.com,29/07/2024
CUST100658,Nicole,Dela Cruz,M,Panabo,Davao Region,,05/01/2023
CUST100659,Maria,Garcia,F,Cebu City,SOCCSKSARGEN,customer658@example.com,05/08/2024
CUST100660,Carlo,Santos,M,General Santos,Central Visayas,customer659@example.com,19/02/2022
CUST100661,Mark,Torres,F,Cagayan de Oro,Western Visayas,,21/03/2020
CUST100662,Grace,Torres,M,Panabo,Central Visayas,customer661@example.com,30/09/2023
CUST100663,Juan,Ramos,male,Davao City,Metro Manila,customer662@example.com,08/04/2022
CUST100664,John,Garcia,F,Quezon City,Central Visayas,customer663@example.com,16/03/2020
CUST100665,Kevin,Castillo,Male,General Santos,SOCCSKSARGEN,customer664@example.com,06/09/2020
CUST100666,Daniel,Aquino,M,Digos,Davao Region,customer665@example.com,17/07/2021
CUST100667,Liza,Flores,M,Panabo,SOCCSKSARGEN,customer666@example.com,09/12/2020
CUST100668,Luis,Cruz,F,Cebu City,Northern Mindanao,customer667@example.com,16/05/2023
CUST100669,Ella,Navarro,F,Cagayan de Oro,SOCCSKSARGEN,customer668@example.com,05/01/2023
CUST100670,Ana,Aquino,F,Digos,Davao Region,customer669@example.com,16/08/2021
CUST100671,Marco,Mendoza,,Iloilo,Davao Region,customer670@example.com,01/06/2020
CUST100672,Nicole,Dela Cruz,Female,Iloilo,Davao Region,customer671@example.com,21/05/2020
CUST100673,Nicole,Navarro,,Tagum,Metro Manila,customer672@example.com,29/08/2024
CUST100674,Maria,Mendoza,M,Cebu City,Northern Mindanao,customer673@example.com,13/09/2021
CUST100675,Nicole,Torres,Female,Iloilo,Metro Manila,customer674@example.com,12/07/2020
CUST100676,Grace,Mendoza,F,General Santos,Western Visayas,customer675@example.com,04/07/2023
CUST100677,Kevin,Dela Cruz,Male,Davao City,Davao Region,customer676@example.com,14/04/2024
CUST100678,Maria,Castillo,,Tagum,Metro Manila,customer677@example.com,07/08/2020
CUST100679,Liza,Flores,Male,Cebu City,Western Visayas,customer678@example.com,27/08/2024
CUST100680,Ella,Flores,female,Iloilo,Central Visayas,customer679@example.com,28/07/2023
CUST100681,Grace,Aquino,Female,Tagum,SOCCSKSARGEN,customer680@example.com,29/03/2021
CUST100682,Ana,Mendoza,M,Cagayan de Oro,Metro Manila,customer681@example.com,27/10/2023
CUST100683,Marco,Reyes,Male,General Santos,Davao Region,customer682@example.com,25/01/2022
CUST100684,Marco,Villanueva,F,Panabo,Metro Manila,customer683@example.com,17/02/2023
CUST100685,Mark,Santos,female,Cebu City,Central Visayas,customer684@example.com,16/08/2020
CUST100686,Patricia,Ramos,male,Quezon City,Davao Region,customer685@example.com,15/03/2021
CUST100687,Sofia,Dela Cruz,M,Panabo,SOCCSKSARGEN,customer686@example.com,24/10/2023
CUST100688,Kevin,Garcia,M,Davao City,Northern Mindanao,customer687@example.com,20/12/2023
CUST100689,Sofia,Santos,M,Digos,Davao Region,customer688@example.com,20/01/2020
CUST100690,James,Gonzales,F,Digos,Northern Mindanao,customer689@example.com,20/01/2021
CUST100691,Marco,Torres,M,Manila,Western Visayas,customer690@example.com,29/12/2022
CUST100692,James,Mendoza,Female,Cagayan de Oro,Metro Manila,customer691@example.com,18/06/2024
CUST100693, Ella ,Castillo,F,Davao City,Western Visayas,customer692@example.com,28/04/2023
CUST100694,Ella,Santos,male,Digos,Central Visayas,customer693@example.com,25/06/2023
CUST100695,Maria,Ramos,M,Manila,Davao Region,customer694@example.com,30/11/2021
CUST100696,Carlo,Flores,F,General Santos,Central Visayas,customer695@example.com,08/04/2020
CUST100697,Grace,Navarro,M,Cagayan de Oro,Northern Mindanao,customer696@example.com,10/10/2023
CUST100698,Kevin,Reyes,female,Panabo,Metro Manila,customer697@example.com,09/12/2023
CUST100699,Maria,Rivera,M,Digos,Northern Mindanao,customer698@example.com,08/03/2022
CUST100700,Maria,Garcia,M,Tagum,SOCCSKSARGEN,customer699@example.com,30/06/2022
CUST100701,Liza,Aquino,M,Davao City,Central Visayas,customer700@example.com,27/02/2021
CUST100702, Nicole ,Castillo,male,Davao City,Northern Mindanao,customer701@example.com,25/03/2022
CUST100703,Mark,Mendoza,M,Cebu City,SOCCSKSARGEN,customer702@example.com,11/03/2021
CUST100704,Mark,Cruz,Male,Tagum,Metro Manila,customer703@example.com,26/01/2022
CUST100705,Ana,Dela Cruz,Female,Cagayan de Oro,Northern Mindanao,customer704@example.com,29/08/2020
CUST100706,Kevin,Bautista,Female,Iloilo,Central Visayas,customer705@example.com,27/12/2022
CUST100707,Juan,Gonzales,M,Cebu City,Northern Mindanao,customer706@example.com,21/03/2021
CUST100708, Kevin ,Gonzales,M,Cagayan de Oro,Western Visayas,customer707@example.com,28/07/2023
CUST100709,Miguel,Garcia,F,Tagum,Metro Manila,customer708@example.com,20/07/2022
CUST100710,Miguel,Ramos,M,General Santos,Western Visayas,customer709@example.com,31/05/2024
CUST100711,Daniel,Cruz,Male,Quezon City,SOCCSKSARGEN,customer710@example.com,02/02/2021
CUST100712,Liza,Castillo,F,Digos,Western Visayas,customer711@example.com,06/05/2021
CUST100713,Grace,Torres,F,Quezon City,Central Visayas,customer712@example.com,13/03/2021
CUST100714,James,Castillo,M,Manila,Northern Mindanao,customer713@example.com,09/02/2023
CUST100715,Ella,Aquino,F,Panabo,Metro Manila,customer714@example.com,11/07/2020
CUST100716,James,Rivera,M,Tagum,Central Visayas,customer715@example.com,20/05/2023
CUST100717,Liza,Flores,Male,Davao City,Northern Mindanao,customer716@example.com,14/01/2024
CUST100718,Miguel,Mendoza,M,Panabo,Western Visayas,customer717@example.com,29/04/2023
CUST100719,John,Navarro,,Digos,SOCCSKSARGEN,customer718@example.com,30/08/2020
CUST100720,Kevin,Cruz,Male,Cebu City,Central Visayas,customer719@example.com,06/06/2022
CUST100721,Ana,Reyes,M,Cagayan de Oro,Western Visayas,customer720@example.com,18/08/2022
CUST100722,Ella,Navarro,M,General Santos,SOCCSKSARGEN,,04/12/2021
CUST100723,Patricia,Villanueva,F,Manila,Davao Region,customer722@example.com,19/04/2022
CUST100724,Ana,Navarro,M,Manila,Central Visayas,customer723@example.com,04/10/2023
CUST100725,James,Bautista,M,Manila,Western Visayas,customer724@example.com,11/02/2024
CUST100726,Ana,Cruz,male,Quezon City,Central Visayas,customer725@example.com,24/06/2021
CUST100727,Grace,Flores,Male,Digos,Western Visayas,,16/08/2021
CUST100728,Maria,Ramos,M,Quezon City,Central Visayas,customer727@example.com,09/01/2021
CUST100729,Miguel,Mendoza,F,General Santos,Davao Region,customer728@example.com,24/12/2021
CUST100730,Daniel,Santos,M,Tagum,Central Visayas,customer729@example.com,09/09/2022
CUST100731,Grace,Reyes,,Tagum,Central Visayas,customer730@example.com,08/07/2023
CUST100732,Sofia,Gonzales,M,Davao City,SOCCSKSARGEN,customer731@example.com,26/04/2021
CUST100733,Ella,Ramos,Female,Iloilo,Davao Region,customer732@example.com,24/01/2021
CUST100734,James,Dela Cruz,Female,Tagum,Davao Region,customer733@example.com,29/02/2020
CUST100735,John,Dela Cruz,M,Quezon City,Davao Region,customer734@example.com,18/06/2020
CUST100736,Daniel,Santos,M,Manila,Metro Manila,,02/04/2020
CUST100737,Grace,Rivera,F,General Santos,SOCCSKSARGEN,customer736@example.com,08/01/2021
CUST100738,Angela,Reyes,male,Iloilo,Metro Manila,customer737@example.com,05/06/2023
CUST100739,Grace,Bautista,F,Iloilo,Western Visayas,customer738@example.com,25/10/2023
CUST100740,Luis,Garcia,Male,Iloilo,SOCCSKSARGEN,customer739@example.com,17/10/2024
CUST100741, Patricia ,Mendoza,Female,General Santos,Metro Manila,customer740@example.com,08/09/2022
CUST100742,James,Dela Cruz,male,Panabo,Metro Manila,customer741@example.com,29/03/2022
CUST100743,Nicole,Villanueva,F,Davao City,Northern Mindanao,customer742@example.com,06/06/2024
CUST100744,Carlo,Santos,F,Quezon City,SOCCSKSARGEN,customer743@example.com,21/09/2020
CUST100745,James,Mendoza,Female,Quezon City,Western Visayas,customer744@example.com,08/02/2023
CUST100746,Paolo,Dela Cruz,M,Cagayan de Oro,SOCCSKSARGEN,customer745@example.com,12/01/2024
CUST100747,Liza,Dela Cruz,male,Davao City,SOCCSKSARGEN,customer746@example.com,23/06/2022
CUST100748,Angela,Garcia,M,Quezon City,Central Visayas,customer747@example.com,15/04/2021
CUST100749,Angela,Gonzales,M,Panabo,Davao Region,customer748@example.com,22/01/2023
CUST100750,Mark,Torres,male,Cagayan de Oro,SOCCSKSARGEN,customer749@example.com,27/11/2024
CUST100751,Marco,Torres,F,Cebu City,Central Visayas,customer750@example.com,28/02/2021
CUST100752,Ana,Torres,M,Tagum,SOCCSKSARGEN,customer751@example.com,10/10/2022
CUST100753,Maria,Rivera,M,Davao City,Western Visayas,customer752@example.com,01/04/2020
CUST100754,Ella,Mendoza,F,Davao City,Northern Mindanao,customer753@example.com,22/02/2021
CUST100755,Kevin,Mendoza,male,Iloilo,Central Visayas,customer754@example.com,12/10/2023
CUST100756,Sofia,Mendoza,M,Iloilo,Metro Manila,customer755@example.com,11/06/2022
CUST100757,Grace,Mendoza,M,General Santos,Central Visayas,customer756@example.com,24/12/2020
CUST100758,Paolo,Reyes,F,General Santos,Northern Mindanao,customer757@example.com,26/08/2021
CUST100759,Ana,Ramos,female,General Santos,Northern Mindanao,customer758@example.com,05/08/2020
CUST100760,Grace,Santos,M,Digos,Metro Manila,customer759@example.com,04/11/2023
CUST100761,Mark,Garcia,female,Cagayan de Oro,Davao Region,customer760@example.com,24/08/2024
CUST100762,Kevin,Garcia,female,Digos,Davao Region,customer761@example.com,09/07/2020
CUST100763,Ella,Dela Cruz,M,Cebu City,Davao Region,customer762@example.com,04/03/2021
CUST100764,Ella,Bautista,male,Digos,Western Visayas,customer763@example.com,22/03/2024
CUST100765,Paolo,Ramos,Male,Cebu City,Davao Region,customer764@example.com,30/04/2024
CUST100766,James,Rivera,F,Iloilo,Central Visayas,customer765@example.com,13/10/2023
CUST100767,Nicole,Mendoza,F,Panabo,Davao Region,customer766@example.com,11/07/2023
CUST100768,Miguel,Gonzales,male,Davao City,Metro Manila,customer767@example.com,30/03/2024
CUST100769,Ana,Santos,Female,Cagayan de Oro,Davao Region,customer768@example.com,03/11/2021
CUST100770,Paolo,Navarro,Female,Tagum,Davao Region,customer769@example.com,29/05/2024
CUST100771, Daniel ,Bautista,,Panabo,Central Visayas,customer770@example.com,14/05/2024
CUST100772,Marco,Navarro,F,Manila,Western Visayas,customer771@example.com,17/02/2021
CUST100773,Juan,Gonzales,male,General Santos,Davao Region,customer772@example.com,11/05/2020
CUST100774,Grace,Mendoza,male,Cagayan de Oro,Central Visayas,customer773@example.com,26/07/2022
CUST100775,Patricia,Santos,M,Manila,Western Visayas,customer774@example.com,26/09/2023
CUST100776,Marco,Bautista,M,Tagum,Metro Manila,customer775@example.com,09/03/2024
CUST100777,Sofia,Reyes,F,General Santos,Western Visayas,customer776@example.com,13/09/2020
CUST100778,Ana,Bautista,male,Davao City,Northern Mindanao,customer777@example.com,10/11/2021
CUST100779,Carlo,Castillo,M,General Santos,SOCCSKSARGEN,customer778@example.com,14/10/2023
CUST100780,Luis,Villanueva,Female,Panabo,Davao Region,customer779@example.com,18/04/2020
CUST100781,Luis,Flores,M,Iloilo,Metro Manila,customer780@example.com,25/07/2023
CUST100782,Nicole,Gonzales,F,Panabo,Central Visayas,customer781@example.com,08/06/2021
CUST100783,Ana,Cruz,Male,Panabo,Davao Region,customer782@example.com,10/02/2020
CUST100784,Ana,Torres,M,Davao City,SOCCSKSARGEN,customer783@example.com,11/03/2021
CUST100785,Miguel,Reyes,female,Tagum,Western Visayas,customer784@example.com,28/08/2023
CUST100786,Kevin,Bautista,M,Panabo,Northern Mindanao,customer785@example.com,15/04/2024
CUST100787,Juan,Castillo,female,Panabo,Davao Region,,26/05/2020
CUST100788,Daniel,Bautista,M,Manila,Western Visayas,customer787@example.com,14/04/2022
CUST100789,Liza,Bautista,,Quezon City,Metro Manila,customer788@example.com,28/12/2020
CUST100790,Juan,Dela Cruz,Male,Quezon City,Davao Region,customer789@example.com,15/05/2023
CUST100791,Maria,Reyes,M,Iloilo,SOCCSKSARGEN,customer790@example.com,06/11/2023
CUST100792,Miguel,Gonzales,M,Quezon City,Western Visayas,customer791@example.com,27/09/2024
CUST100793,Grace,Flores,M,General Santos,Central Visayas,customer792@example.com,30/09/2021
CUST100794,Patricia,Reyes,F,Digos,Northern Mindanao,customer793@example.com,22/06/2021
CUST100795,Sofia,Gonzales,male,Cebu City,Northern Mindanao,customer794@example.com,11/07/2021
CUST100796,Carlo,Rivera,F,Digos,Central Visayas,customer795@example.com,02/10/2023
CUST100797,Marco,Flores,F,Cebu City,Davao Region,customer796@example.com,12/03/2022
CUST100798,Miguel,Bautista,F,Iloilo,Central Visayas,,10/02/2020
CUST100799,Angela,Santos,F,Tagum,Northern Mindanao,customer798@example.com,01/09/2024
CUST100800,Sofia,Reyes,Male,Manila,Davao Region,customer799@example.com,06/07/2020
CUST100801,Juan,Dela Cruz,F,Iloilo,Davao Region,customer800@example.com,28/07/2024
CUST100802,Angela,Aquino,Female,Cagayan de Oro,Central Visayas,customer801@example.com,18/10/2020
CUST100803,Liza,Cruz,,Digos,Central Visayas,customer802@example.com,26/08/2022
CUST100804,Ella,Santos,F,Panabo,Central Visayas,customer803@example.com,16/07/2021
CUST100805,Grace,Aquino,M,Tagum,Western Visayas,customer804@example.com,21/05/2023
CUST100806,James,Bautista,M,Digos,Metro Manila,customer805@example.com,26/12/2021
CUST100807,Liza,Castillo,F,Manila,Northern Mindanao,customer806@example.com,23/10/2021
CUST100808,Ana,Bautista,F,Cagayan de Oro,SOCCSKSARGEN,customer807@example.com,08/05/2022
CUST100809,Paolo,Bautista,female,Panabo,Western Visayas,customer808@example.com,13/10/2024
CUST100810,Marco,Ramos,Male,Cagayan de Oro,Central Visayas,customer809@example.com,17/03/2021
CUST100811,Juan,Navarro,F,Quezon City,Davao Region,,30/01/2021
CUST100812,Luis,Villanueva,Female,Davao City,SOCCSKSARGEN,customer811@example.com,29/04/2020
CUST100813,Daniel,Mendoza,M,Davao City,Western Visayas,customer812@example.com,22/08/2023
CUST100814,Carlo,Reyes,male,Iloilo,Central Visayas,customer813@example.com,04/05/2023
CUST100815,James,Bautista,M,Manila,Davao Region,customer814@example.com,31/12/2022
CUST100816,Patricia,Dela Cruz,Male,Cagayan de Oro,Davao Region,customer815@example.com,12/02/2020
CUST100817,Juan,Rivera,female,Iloilo,Northern Mindanao,,24/11/2023
CUST100818,Ana,Torres,Female,Cagayan de Oro,Northern Mindanao,,28/12/2023
CUST100819,Daniel,Villanueva,male,Cagayan de Oro,Northern Mindanao,customer818@example.com,28/08/2024
CUST100820,Marco,Santos,F,Panabo,Central Visayas,customer819@example.com,30/07/2024
CUST100821,Juan,Aquino,male,Quezon City,Davao Region,customer820@example.com,18/04/2021
CUST100822,Daniel,Flores,F,Manila,Northern Mindanao,customer821@example.com,02/07/2023
CUST100823,Ana,Flores,Male,Panabo,SOCCSKSARGEN,customer822@example.com,25/12/2021
CUST100824,Daniel,Dela Cruz,M,Manila,SOCCSKSARGEN,customer823@example.com,08/12/2022
CUST100825,Nicole,Rivera,M,Manila,Davao Region,customer824@example.com,21/08/2021
CUST100826,Maria,Torres,F,Davao City,Western Visayas,customer825@example.com,28/03/2023
CUST100827,Daniel,Villanueva,M,Tagum,SOCCSKSARGEN,customer826@example.com,10/09/2024
CUST100828,Luis,Torres,Female,Cagayan de Oro,Metro Manila,customer827@example.com,19/03/2023
CUST100829,Luis,Santos,male,Cebu City,Central Visayas,customer828@example.com,15/07/2024
CUST100830,Juan,Gonzales,female,Cebu City,Central Visayas,customer829@example.com,04/08/2024
CUST100831,John,Cruz,M,Digos,Northern Mindanao,customer830@example.com,01/08/2020
CUST100832,John,Dela Cruz,female,Quezon City,Central Visayas,customer831@example.com,01/10/2024
CUST100833,Miguel,Villanueva,M,General Santos,SOCCSKSARGEN,customer832@example.com,12/01/2024
CUST100834,Ana,Gonzales,F,Panabo,Metro Manila,customer833@example.com,07/02/2022
CUST100835,Luis,Gonzales,male,Tagum,Central Visayas,customer834@example.com,16/12/2022
CUST100836,James,Torres,M,Quezon City,Davao Region,customer835@example.com,15/01/2023
CUST100837,Patricia,Bautista,M,Manila,SOCCSKSARGEN,customer836@example.com,16/11/2023
CUST100838,Mark,Mendoza,M,General Santos,Davao Region,customer837@example.com,16/12/2023
CUST100839,Juan,Castillo,F,Panabo,Western Visayas,customer838@example.com,03/07/2020
CUST100840,Ella,Navarro,male,Davao City,Northern Mindanao,customer839@example.com,02/01/2020
CUST100841,Carlo,Santos,M,Tagum,Northern Mindanao,customer840@example.com,19/03/2021
CUST100842,Daniel,Torres,M,Tagum,Northern Mindanao,customer841@example.com,06/08/2022
CUST100843,Ella,Flores,F,Cagayan de Oro,Central Visayas,customer842@example.com,08/03/2024
CUST100844,Juan,Dela Cruz,M,Tagum,Western Visayas,customer843@example.com,21/03/2023
CUST100845,Juan,Mendoza,Female,Tagum,Central Visayas,customer844@example.com,01/09/2020
CUST100846,Juan,Navarro,female,Panabo,Davao Region,customer845@example.com,14/07/2023
CUST100847,Mark,Santos,Female,Cebu City,Northern Mindanao,customer846@example.com,22/04/2022
CUST100848,Maria,Cruz,male,General Santos,Davao Region,customer847@example.com,25/10/2021
CUST100849,Patricia,Bautista,F,Tagum,Central Visayas,customer848@example.com,20/10/2023
CUST100850,Nicole,Mendoza,male,Manila,SOCCSKSARGEN,customer849@example.com,16/06/2021
CUST100851,Marco,Ramos,M,General Santos,SOCCSKSARGEN,customer850@example.com,18/01/2023
CUST100852,Patricia,Ramos,M,Tagum,SOCCSKSARGEN,customer851@example.com,23/11/2020
CUST100853,Marco,Navarro,Male,Cebu City,Davao Region,customer852@example.com,17/11/2021
CUST100854,John,Torres,M,Iloilo,Central Visayas,customer853@example.com,01/10/2022
CUST100855,Carlo,Flores,female,Cagayan de Oro,Davao Region,customer854@example.com,27/01/2023
CUST100856,Patricia,Villanueva,Male,Tagum,Central Visayas,customer855@example.com,12/07/2024
CUST100857,John,Rivera,female,Digos,Metro Manila,customer856@example.com,06/06/2021
CUST100858,Maria,Dela Cruz,F,Cagayan de Oro,Western Visayas,customer857@example.com,31/05/2024
CUST100859,Daniel,Aquino,F,Iloilo,Central Visayas,customer858@example.com,09/01/2024
CUST100860,Patricia,Rivera,Female,Iloilo,Davao Region,customer859@example.com,09/10/2021
CUST100861,Marco,Santos,M,Iloilo,Central Visayas,customer860@example.com,09/09/2020
CUST100862,Ella,Bautista,F,Quezon City,Central Visayas,customer861@example.com,09/04/2021
CUST100863,Ana,Flores,Male,Cagayan de Oro,Metro Manila,customer862@example.com,30/03/2023
CUST100864,James,Rivera,,Cebu City,Davao Region,customer863@example.com,20/11/2023
CUST100865,Patricia,Ramos,Female,Manila,Metro Manila,customer864@example.com,07/01/2023
CUST100866,Daniel,Villanueva,M,Manila,Central Visayas,customer865@example.com,28/07/2023
CUST100867,Patricia,Cruz,F,Cebu City,Western Visayas,customer866@example.com,02/07/2020
CUST100868,Patricia,Cruz,F,Tagum,SOCCSKSARGEN,customer867@example.com,28/06/2022
CUST100869,Sofia,Gonzales,M,Quezon City,Northern Mindanao,customer868@example.com,21/04/2024
CUST100870,Juan,Navarro,F,Davao City,Western Visayas,customer869@example.com,01/12/2021
CUST100871,Miguel,Navarro,M,General Santos,Davao Region,customer870@example.com,05/06/2024
CUST100872,John,Cruz,M,General Santos,SOCCSKSARGEN,customer871@example.com,10/08/2020
CUST100873,Ana,Garcia,F,Iloilo,Central Visayas,customer872@example.com,27/10/2024
CUST100874,Ana,Villanueva,M,Davao City,Western Visayas,customer873@example.com,14/11/2023
CUST100875,Daniel,Dela Cruz,F,General Santos,Western Visayas,,01/02/2023
CUST100876,Liza,Ramos,M,Digos,Metro Manila,customer875@example.com,16/01/2023
CUST100877,Liza,Mendoza,Female,Davao City,Central Visayas,customer876@example.com,12/08/2024
CUST100878,Grace,Dela Cruz,M,Panabo,Western Visayas,customer877@example.com,09/11/2021
CUST100879,Liza,Cruz,female,General Santos,Central Visayas,customer878@example.com,23/10/2020
CUST100880,Nicole,Gonzales,M,Iloilo,Metro Manila,customer879@example.com,11/07/2024
CUST100881,Maria,Rivera,F,Digos,Metro Manila,customer880@example.com,03/07/2020
CUST100882,Luis,Reyes,F,Quezon City,Central Visayas,customer881@example.com,02/04/2023
CUST100883,Sofia,Mendoza,M,Manila,Davao Region,customer882@example.com,23/04/2021
CUST100884,Mark,Ramos,F,Quezon City,Northern Mindanao,,30/07/2024
CUST100885,Patricia,Torres,male,Quezon City,SOCCSKSARGEN,customer884@example.com,18/10/2024
CUST100886,Grace,Castillo,female,Manila,Metro Manila,customer885@example.com,03/05/2022
CUST100887,Maria,Dela Cruz,F,Manila,Metro Manila,customer886@example.com,17/08/2022
CUST100888,Mark,Santos,M,Tagum,Northern Mindanao,customer887@example.com,29/03/2022
CUST100889,Juan,Mendoza,Female,Manila,Western Visayas,customer888@example.com,04/02/2022
CUST100890,Carlo,Ramos,F,Davao City,Central Visayas,customer889@example.com,14/08/2024
CUST100891,Maria,Cruz,M,Manila,Northern Mindanao,customer890@example.com,31/05/2021
CUST100892,Grace,Villanueva,Female,Cebu City,Davao Region,customer891@example.com,23/09/2024
CUST100893,Liza,Santos,F,Manila,Central Visayas,customer892@example.com,16/03/2023
CUST100894,Marco,Reyes,Male,Cebu City,Metro Manila,customer893@example.com,25/09/2024
CUST100895,Grace,Navarro,F,Digos,Northern Mindanao,customer894@example.com,06/01/2023
CUST100896,Nicole,Navarro,F,Digos,Northern Mindanao,customer895@example.com,14/01/2024
CUST100897,Liza,Dela Cruz,M,Cagayan de Oro,Northern Mindanao,customer896@example.com,31/05/2022
CUST100898,Maria,Dela Cruz,Female,General Santos,Northern Mindanao,customer897@example.com,12/04/2022
CUST100899,Maria,Reyes,M,Digos,Western Visayas,,08/04/2021
CUST100900,Nicole,Aquino,Female,General Santos,Central Visayas,customer899@example.com,13/01/2021
CUST100901,Juan,Torres,Female,Cagayan de Oro,Central Visayas,customer900@example.com,08/03/2020
CUST100902,Juan,Reyes,Female,Panabo,Davao Region,customer901@example.com,21/11/2021
CUST100903,John,Torres,M,Cebu City,Metro Manila,customer902@example.com,12/11/2024
CUST100904,Luis,Gonzales,M,Digos,SOCCSKSARGEN,customer903@example.com,15/08/2024
CUST100905,Miguel,Dela Cruz,F,Panabo,Western Visayas,customer904@example.com,27/05/2023
CUST100906,Grace,Gonzales,F,General Santos,Central Visayas,customer905@example.com,16/10/2021
CUST100907,Sofia,Dela Cruz,female,Tagum,Northern Mindanao,customer906@example.com,25/07/2022
CUST100908,Mark,Cruz,F,Cebu City,Central Visayas,customer907@example.com,24/09/2023
CUST100909,Paolo,Dela Cruz,male,Manila,Davao Region,customer908@example.com,04/01/2020
CUST100910,Maria,Mendoza,M,Iloilo,Davao Region,customer909@example.com,19/07/2024
CUST100911,James,Reyes,F,Panabo,Western Visayas,customer910@example.com,15/04/2024
CUST100912,Mark,Ramos,M,Cagayan de Oro,SOCCSKSARGEN,customer911@example.com,12/10/2024
CUST100913,Paolo,Mendoza,Female,Cagayan de Oro,SOCCSKSARGEN,customer912@example.com,18/06/2020
CUST100914,Marco,Castillo,M,Manila,Metro Manila,customer913@example.com,01/09/2024
CUST100915,Kevin,Flores,M,Cebu City,SOCCSKSARGEN,customer914@example.com,09/01/2023
CUST100916,Miguel,Flores,Female,Quezon City,Central Visayas,customer915@example.com,26/09/2022
CUST100917,Liza,Flores,F,Quezon City,Northern Mindanao,customer916@example.com,19/11/2020
CUST100918,James,Cruz,M,Tagum,Northern Mindanao,customer917@example.com,04/06/2022
CUST100919,Carlo,Castillo,M,Digos,Northern Mindanao,customer918@example.com,15/10/2021
CUST100920,Nicole,Reyes,F,Cebu City,Western Visayas,customer919@example.com,12/11/2024
CUST100921,Luis,Castillo,F,Cagayan de Oro,Davao Region,customer920@example.com,03/09/2021
CUST100922,Kevin,Rivera,M,General Santos,SOCCSKSARGEN,customer921@example.com,27/01/2021
CUST100923,Sofia,Bautista,Male,Tagum,Western Visayas,customer922@example.com,30/08/2024
CUST100924,Ana,Flores,M,Cagayan de Oro,Central Visayas,customer923@example.com,03/12/2020
CUST100925,John,Mendoza,F,Manila,Western Visayas,customer924@example.com,16/06/2024
CUST100926,Ella,Villanueva,F,Davao City,Davao Region,customer925@example.com,29/09/2024
CUST100927,Liza,Dela Cruz,M,Cagayan de Oro,Central Visayas,customer926@example.com,07/07/2021
CUST100928,Angela,Flores,M,Iloilo,Davao Region,customer927@example.com,25/05/2023
CUST100929,Sofia,Bautista,M,Cagayan de Oro,Davao Region,customer928@example.com,05/12/2023
CUST100930,Kevin,Gonzales,M,Iloilo,Davao Region,customer929@example.com,23/08/2022
CUST100931,Liza,Gonzales,F,Digos,Western Visayas,customer930@example.com,08/06/2023
CUST100932,Daniel,Reyes,female,Davao City,Western Visayas,customer931@example.com,25/08/2020
CUST100933,Carlo,Gonzales,male,Cebu City,SOCCSKSARGEN,customer932@example.com,17/07/2022
CUST100934,Nicole,Reyes,F,Panabo,SOCCSKSARGEN,customer933@example.com,12/07/2022
CUST100935,Sofia,Ramos,F,Davao City,SOCCSKSARGEN,customer934@example.com,16/10/2022
CUST100936,Ella,Gonzales,F,Tagum,SOCCSKSARGEN,customer935@example.com,26/08/2024
CUST100937,Mark,Aquino,male,Iloilo,Davao Region,customer936@example.com,24/01/2024
CUST100938,Ana,Rivera,M,Manila,Western Visayas,customer937@example.com,21/12/2022
CUST100939,Miguel,Mendoza,M,Panabo,Western Visayas,customer938@example.com,27/12/2021
CUST100940,Liza,Mendoza,F,Cagayan de Oro,Davao Region,customer939@example.com,29/12/2021
CUST100941,Daniel,Mendoza,M,Digos,Davao Region,customer940@example.com,06/02/2020
CUST100942,Sofia,Mendoza,F,Tagum,SOCCSKSARGEN,customer941@example.com,18/09/2022
CUST100943,Ella,Aquino,male,Iloilo,SOCCSKSARGEN,customer942@example.com,30/03/2021
CUST100944,Miguel,Flores,female,Quezon City,Northern Mindanao,customer943@example.com,14/05/2024
CUST100945,Ana,Castillo,M,Digos,Davao Region,customer944@example.com,24/10/2023
CUST100946,Ana,Torres,F,Digos,Central Visayas,customer945@example.com,01/07/2024
CUST100947,Marco,Dela Cruz,F,Quezon City,Davao Region,customer946@example.com,27/11/2024
CUST100948,Ana,Garcia,F,General Santos,Western Visayas,customer947@example.com,21/12/2021
CUST100949,Ella,Navarro,F,Digos,Central Visayas,customer948@example.com,10/02/2022
CUST100950,Carlo,Gonzales,M,Digos,Davao Region,customer949@example.com,30/12/2022
CUST100951,Maria,Villanueva,male,General Santos,SOCCSKSARGEN,customer950@example.com,13/02/2022
CUST100952,Angela,Dela Cruz,,Cagayan de Oro,Western Visayas,customer951@example.com,17/05/2021
CUST100953,Nicole,Flores,Male,Davao City,SOCCSKSARGEN,customer952@example.com,26/06/2023
CUST100954,Sofia,Castillo,Male,General Santos,SOCCSKSARGEN,customer953@example.com,22/03/2022
CUST100955,James,Ramos,F,General Santos,Davao Region,customer954@example.com,22/08/2024
CUST100956,Nicole,Reyes,F,Panabo,Western Visayas,customer955@example.com,30/01/2021
CUST100957,Sofia,Ramos,M,Digos,Western Visayas,customer956@example.com,09/03/2022
CUST100958, Nicole ,Santos,F,General Santos,Western Visayas,customer957@example.com,14/08/2022
CUST100959,Marco,Reyes,M,Digos,Northern Mindanao,customer958@example.com,22/06/2024
CUST100960, Sofia ,Aquino,male,Iloilo,Central Visayas,customer959@example.com,06/11/2022
CUST100961,Mark,Reyes,F,Cagayan de Oro,SOCCSKSARGEN,customer960@example.com,04/05/2020
CUST100962,Sofia,Mendoza,F,Cagayan de Oro,Davao Region,customer961@example.com,31/08/2021
CUST100963,Patricia,Ramos,F,Panabo,Metro Manila,customer962@example.com,13/05/2024
CUST100964,John,Aquino,,Iloilo,Western Visayas,customer963@example.com,04/05/2021
CUST100965,Ella,Flores,M,Davao City,Western Visayas,customer964@example.com,05/09/2021
CUST100966,Kevin,Reyes,M,Cagayan de Oro,Metro Manila,customer965@example.com,28/09/2020
CUST100967,Nicole,Bautista,M,Tagum,Western Visayas,customer966@example.com,18/07/2023
CUST100968,Angela,Rivera,Male,Manila,SOCCSKSARGEN,customer967@example.com,08/09/2020
CUST100969,Ella,Gonzales,,Digos,Western Visayas,customer968@example.com,24/10/2021
CUST100970,Juan,Castillo,M,Panabo,Davao Region,customer969@example.com,04/07/2023
CUST100971,Carlo,Torres,female,Davao City,Northern Mindanao,customer970@example.com,30/05/2024
CUST100972,Sofia,Gonzales,M,Manila,Northern Mindanao,customer971@example.com,02/02/2021
CUST100973,Miguel,Flores,Male,Digos,Central Visayas,customer972@example.com,20/08/2021
CUST100974,Miguel,Cruz,M,Panabo,Central Visayas,customer973@example.com,31/07/2020
CUST100975,Ana,Villanueva,F,Quezon City,Northern Mindanao,customer974@example.com,27/02/2022
CUST100976,John,Mendoza,Male,Davao City,Western Visayas,customer975@example.com,02/12/2024
CUST100977,Maria,Rivera,F,General Santos,Davao Region,customer976@example.com,01/07/2021
CUST100978,Kevin,Mendoza,M,Tagum,Western Visayas,customer977@example.com,12/04/2021
CUST100979,Paolo,Villanueva,male,Tagum,Metro Manila,customer978@example.com,20/12/2021
CUST100980,Kevin,Navarro,,Davao City,SOCCSKSARGEN,customer979@example.com,31/05/2024
CUST100981,Kevin,Flores,F,Tagum,Davao Region,customer980@example.com,11/09/2022
CUST100982,Grace,Dela Cruz,Male,Iloilo,Northern Mindanao,customer981@example.com,01/01/2023
CUST100983,Liza,Villanueva,Female,General Santos,SOCCSKSARGEN,customer982@example.com,05/11/2023
CUST100984,Nicole,Santos,M,Iloilo,Central Visayas,customer983@example.com,11/07/2023
CUST100985,Kevin,Flores,male,Panabo,Metro Manila,customer984@example.com,13/12/2022
CUST100986,Daniel,Mendoza,M,Manila,Davao Region,customer985@example.com,06/10/2022
CUST100987,Nicole,Navarro,Female,Davao City,Western Visayas,customer986@example.com,17/08/2022
CUST100988,Angela,Dela Cruz,M,Tagum,Northern Mindanao,customer987@example.com,21/11/2020
CUST100989,John,Aquino,M,Davao City,SOCCSKSARGEN,customer988@example.com,15/01/2022
CUST100990,James,Torres,F,Quezon City,Central Visayas,customer989@example.com,04/03/2024
CUST100991,Angela,Garcia,F,Cebu City,Northern Mindanao,customer990@example.com,11/03/2020
CUST100992,Liza,Garcia,male,Manila,Metro Manila,customer991@example.com,30/01/2024
CUST100993,Mark,Castillo,,Iloilo,Central Visayas,customer992@example.com,15/10/2022
CUST100994,Sofia,Dela Cruz,M,Digos,Central Visayas,customer993@example.com,21/09/2021
CUST100995,Liza,Dela Cruz,M,Manila,SOCCSKSARGEN,customer994@example.com,24/07/2020
CUST100996,Nicole,Aquino,F,Cagayan de Oro,Central Visayas,customer995@example.com,06/10/2023
CUST100997,Liza,Mendoza,F,Cagayan de Oro,Central Visayas,customer996@example.com,02/01/2020
CUST100998,Paolo,Torres,F,Cebu City,Metro Manila,customer997@example.com,04/09/2022
CUST100999,Marco,Garcia,male,General Santos,Northern Mindanao,customer998@example.com,19/10/2020
CUST101000,Liza,Mendoza,Female,Davao City,Western Visayas,customer999@example.com,24/06/2024
CUST101001,Patricia,Castillo,M,Davao City,Northern Mindanao,customer1000@example.com,24/11/2020
CUST101002,Grace,Navarro,F,Cagayan de Oro,Northern Mindanao,customer1001@example.com,16/12/2023
CUST101003,Kevin,Rivera,Male,Cagayan de Oro,Davao Region,customer1002@example.com,30/10/2022
CUST101004,Luis,Bautista,F,Manila,Central Visayas,customer1003@example.com,14/03/2020
CUST101005,Ana,Santos,M,Cagayan de Oro,Metro Manila,customer1004@example.com,20/07/2023
CUST101006,Ella,Torres,F,Tagum,Western Visayas,customer1005@example.com,01/05/2024
CUST101007,Luis,Dela Cruz,F,Digos,SOCCSKSARGEN,customer1006@example.com,02/02/2021
CUST101008,Liza,Ramos,M,General Santos,Western Visayas,customer1007@example.com,09/10/2024
CUST101009,Grace,Dela Cruz,Female,Iloilo,Northern Mindanao,customer1008@example.com,08/12/2023
CUST101010,Liza,Rivera,F,Cagayan de Oro,Western Visayas,customer1009@example.com,28/08/2023
CUST101011,Carlo,Dela Cruz,F,Cebu City,Northern Mindanao,customer1010@example.com,27/08/2021
CUST101012,James,Navarro,F,Manila,Northern Mindanao,customer1011@example.com,03/08/2020
CUST101013, John ,Reyes,male,Digos,Central Visayas,customer1012@example.com,11/02/2022
CUST101014,Angela,Gonzales,M,Iloilo,Metro Manila,customer1013@example.com,24/12/2023
CUST101015,Liza,Gonzales,M,Cebu City,Northern Mindanao,customer1014@example.com,21/11/2022
CUST101016,Patricia,Bautista,F,Quezon City,SOCCSKSARGEN,customer1015@example.com,11/03/2023
CUST101017,Paolo,Mendoza,F,Manila,Northern Mindanao,customer1016@example.com,06/11/2023
CUST101018,Miguel,Santos,M,Cebu City,Central Visayas,customer1017@example.com,01/09/2021
CUST101019,Juan,Castillo,Female,Davao City,Metro Manila,customer1018@example.com,08/03/2020
CUST101020,Ana,Torres,M,Cagayan de Oro,Central Visayas,customer1019@example.com,10/05/2024
CUST101021,Maria,Rivera,M,Tagum,Central Visayas,customer1020@example.com,09/01/2023
CUST101022,Maria,Castillo,F,Cebu City,SOCCSKSARGEN,customer1021@example.com,15/10/2022
CUST101023,Luis,Navarro,Female,Manila,Central Visayas,customer1022@example.com,28/10/2022
CUST101024,Patricia,Rivera,male,Cagayan de Oro,Davao Region,customer1023@example.com,15/03/2024
CUST101025,Patricia,Bautista,Female,Digos,Western Visayas,customer1024@example.com,16/10/2023
CUST101026,Maria,Flores,F,Davao City,Western Visayas,customer1025@example.com,21/04/2023
CUST101027,Maria,Santos,Female,Cebu City,Northern Mindanao,customer1026@example.com,08/11/2023
CUST101028,Carlo,Reyes,Male,Cebu City,SOCCSKSARGEN,customer1027@example.com,03/06/2021
CUST101029,Kevin,Flores,M,General Santos,Central Visayas,customer1028@example.com,05/07/2023
CUST101030,Angela,Navarro,F,Manila,Davao Region,customer1029@example.com,21/10/2024
CUST101031,Miguel,Santos,Female,Manila,Northern Mindanao,customer1030@example.com,26/02/2021
CUST101032,Mark,Cruz,F,Cagayan de Oro,Western Visayas,customer1031@example.com,24/10/2022
CUST101033,Grace,Castillo,Male,Davao City,Northern Mindanao,customer1032@example.com,11/05/2023
CUST101034,Angela,Bautista,F,Quezon City,Central Visayas,customer1033@example.com,19/07/2022
CUST101035,Maria,Santos,F,General Santos,Western Visayas,customer1034@example.com,09/10/2024
CUST101036,Grace,Navarro,M,Cebu City,SOCCSKSARGEN,customer1035@example.com,27/12/2021
CUST101037,Ella,Reyes,Male,Iloilo,Central Visayas,customer1036@example.com,27/01/2021
CUST101038,Juan,Castillo,male,Digos,SOCCSKSARGEN,,02/09/2020
CUST101039,Sofia,Villanueva,M,Cebu City,Northern Mindanao,customer1038@example.com,08/03/2024
CUST101040,Patricia,Villanueva,F,Davao City,SOCCSKSARGEN,customer1039@example.com,20/05/2023
CUST101041,Grace,Ramos,M,Quezon City,Northern Mindanao,customer1040@example.com,06/11/2022
CUST101042,Luis,Aquino,M,Davao City,Davao Region,customer1041@example.com,14/02/2022
CUST101043,Sofia,Gonzales,,Cagayan de Oro,Western Visayas,customer1042@example.com,07/01/2022
CUST101044,Paolo,Ramos,F,Digos,Western Visayas,customer1043@example.com,09/08/2024
CUST101045,Grace,Flores,F,Davao City,SOCCSKSARGEN,customer1044@example.com,09/05/2023
CUST101046,Mark,Bautista,M,General Santos,SOCCSKSARGEN,,03/10/2024
CUST101047,John,Ramos,,Iloilo,Davao Region,customer1046@example.com,13/12/2023
CUST101048,Nicole,Villanueva,M,Tagum,Metro Manila,customer1047@example.com,13/10/2023
CUST101049,Daniel,Navarro,Female,Panabo,Western Visayas,customer1048@example.com,23/09/2022
CUST101050,Ana,Villanueva,M,Tagum,Metro Manila,customer1049@example.com,12/03/2021
CUST101051,Liza,Santos,M,Tagum,Davao Region,customer1050@example.com,22/03/2023
CUST101052,Paolo,Santos,Male,Panabo,Davao Region,customer1051@example.com,12/07/2023
CUST101053,Liza,Reyes,M,Cagayan de Oro,Western Visayas,customer1052@example.com,28/07/2022
CUST101054,Marco,Navarro,Male,Manila,SOCCSKSARGEN,customer1053@example.com,06/02/2020
CUST101055,Maria,Castillo,M,Cebu City,Northern Mindanao,,24/09/2024
CUST101056,Marco,Garcia,Female,Manila,Davao Region,customer1055@example.com,27/01/2024
CUST101057,Sofia,Cruz,Female,Manila,Central Visayas,customer1056@example.com,25/09/2021
CUST101058,James,Villanueva,Female,Digos,Northern Mindanao,customer1057@example.com,07/06/2022
CUST101059,Sofia,Bautista,M,Iloilo,SOCCSKSARGEN,customer1058@example.com,10/08/2020
CUST101060,Angela,Aquino,Female,Tagum,SOCCSKSARGEN,customer1059@example.com,13/08/2024
CUST101061,James,Flores,,Cebu City,Metro Manila,customer1060@example.com,19/02/2021
CUST101062,Daniel,Torres,M,Tagum,SOCCSKSARGEN,customer1061@example.com,10/11/2021
CUST101063,Ana,Santos,M,Manila,Northern Mindanao,customer1062@example.com,10/02/2022
CUST101064,Grace,Garcia,male,Davao City,SOCCSKSARGEN,customer1063@example.com,18/04/2021
CUST101065,James,Gonzales,M,Panabo,Central Visayas,customer1064@example.com,16/02/2023
CUST101066,Paolo,Mendoza,Male,Digos,Central Visayas,customer1065@example.com,26/11/2024
CUST101067, Ella ,Castillo,Female,Cebu City,Davao Region,customer1066@example.com,19/03/2024
CUST101068,Nicole,Castillo,M,Davao City,Northern Mindanao,customer1067@example.com,13/08/2022
CUST101069,Angela,Dela Cruz,F,Panabo,Northern Mindanao,customer1068@example.com,23/08/2020
CUST101070,Juan,Garcia,F,Digos,Central Visayas,customer1069@example.com,02/04/2024
CUST101071,Daniel,Castillo,F,Manila,Northern Mindanao,customer1070@example.com,07/04/2021
CUST101072,John,Reyes,male,Iloilo,Davao Region,customer1071@example.com,27/06/2024
CUST101073,James,Flores,M,Cebu City,Metro Manila,customer1072@example.com,12/12/2021
CUST101074,Liza,Gonzales,F,Cagayan de Oro,SOCCSKSARGEN,customer1073@example.com,22/07/2022
CUST101075,Miguel,Castillo,male,Digos,Davao Region,customer1074@example.com,25/02/2022
CUST101076,Mark,Bautista,M,Quezon City,Metro Manila,,31/03/2022
CUST101077,Grace,Reyes,male,Tagum,SOCCSKSARGEN,customer1076@example.com,23/10/2020
CUST101078,Mark,Garcia,M,Tagum,Central Visayas,customer1077@example.com,22/09/2022
CUST101079,Sofia,Dela Cruz,F,Panabo,Northern Mindanao,customer1078@example.com,26/12/2021
CUST101080,Patricia,Dela Cruz,M,Panabo,Davao Region,customer1079@example.com,05/03/2024
CUST101081,Ella,Garcia,Male,General Santos,SOCCSKSARGEN,customer1080@example.com,08/05/2022
CUST101082,Marco,Rivera,Female,Iloilo,Central Visayas,customer1081@example.com,02/10/2024
CUST101083,Marco,Cruz,male,Cebu City,Davao Region,customer1082@example.com,17/06/2021
CUST101084,Kevin,Castillo,,Digos,SOCCSKSARGEN,customer1083@example.com,13/08/2021
CUST101085,John,Ramos,Male,Panabo,Western Visayas,customer1084@example.com,07/03/2020
CUST101086,Patricia,Ramos,Female,Cebu City,Western Visayas,customer1085@example.com,22/08/2023
CUST101087,Patricia,Garcia,F,Panabo,Davao Region,customer1086@example.com,12/05/2020
CUST101088,Marco,Dela Cruz,female,Iloilo,Davao Region,customer1087@example.com,28/05/2021
CUST101089,Daniel,Ramos,Male,General Santos,Northern Mindanao,customer1088@example.com,26/06/2024
CUST101090,Ana,Dela Cruz,female,Cagayan de Oro,Davao Region,customer1089@example.com,04/01/2023
CUST101091,Liza,Castillo,M,Iloilo,Metro Manila,customer1090@example.com,02/10/2022
CUST101092,Sofia,Santos,F,Digos,Central Visayas,,19/12/2023
CUST101093,Patricia,Reyes,Female,General Santos,Western Visayas,customer1092@example.com,20/10/2023
CUST101094,Paolo,Castillo,M,Cagayan de Oro,Davao Region,customer1093@example.com,14/05/2024
CUST101095,Angela,Ramos,M,Panabo,Western Visayas,customer1094@example.com,12/04/2023
CUST101096,Maria,Santos,,Davao City,SOCCSKSARGEN,customer1095@example.com,18/03/2022
CUST101097,Patricia,Gonzales,F,Panabo,Davao Region,customer1096@example.com,23/08/2020
CUST101098,James,Santos,M,Tagum,Metro Manila,customer1097@example.com,27/10/2021
CUST101099,Juan,Rivera,F,Cebu City,Metro Manila,customer1098@example.com,23/06/2023
CUST101100,Sofia,Castillo,F,Davao City,Davao Region,customer1099@example.com,01/04/2021
CUST101101,Miguel,Rivera,Male,Digos,Northern Mindanao,customer1100@example.com,22/04/2023
CUST101102,Miguel,Rivera,female,Quezon City,Western Visayas,customer1101@example.com,28/08/2020
CUST101103,Ella,Mendoza,,Cagayan de Oro,SOCCSKSARGEN,customer1102@example.com,18/04/2020
CUST101104,Mark,Bautista,Male,Cebu City,Central Visayas,customer1103@example.com,18/10/2021
CUST101105,Angela,Garcia,Male,Cebu City,Davao Region,customer1104@example.com,17/02/2021
CUST101106,Mark,Flores,F,Panabo,Northern Mindanao,customer1105@example.com,18/04/2024
CUST101107,John,Garcia,male,Cebu City,SOCCSKSARGEN,customer1106@example.com,11/11/2021
CUST101108,Ella,Flores,M,Panabo,Metro Manila,customer1107@example.com,23/01/2022
CUST101109,Ella,Villanueva,M,Cebu City,Central Visayas,customer1108@example.com,27/12/2021
CUST101110,Juan,Torres,,Cebu City,Davao Region,customer1109@example.com,25/07/2021
CUST101111,Nicole,Reyes,male,Quezon City,Western Visayas,customer1110@example.com,09/07/2024
CUST101112,John,Mendoza,F,Iloilo,Central Visayas,customer1111@example.com,23/08/2023
CUST101113,Mark,Bautista,Male,Davao City,Metro Manila,customer1112@example.com,12/10/2020
CUST101114,Carlo,Navarro,F,Panabo,SOCCSKSARGEN,customer1113@example.com,23/01/2021
CUST101115,Mark,Navarro,F,Cagayan de Oro,Metro Manila,customer1114@example.com,25/05/2020
CUST101116,Miguel,Torres,M,Digos,SOCCSKSARGEN,customer1115@example.com,06/04/2021
CUST101117, Marco ,Dela Cruz,M,Cebu City,Metro Manila,customer1116@example.com,27/03/2023
CUST101118,Kevin,Ramos,F,Quezon City,Central Visayas,customer1117@example.com,11/08/2024
CUST101119,Grace,Aquino,F,Panabo,SOCCSKSARGEN,customer1118@example.com,16/05/2022
CUST101120,Miguel,Gonzales,F,Quezon City,Metro Manila,customer1119@example.com,26/05/2020
CUST101121,Juan,Ramos,M,Quezon City,Western Visayas,customer1120@example.com,26/03/2020
CUST101122,Maria,Rivera,female,Iloilo,Northern Mindanao,customer1121@example.com,16/01/2022
CUST101123,Carlo,Villanueva,Male,Davao City,Western Visayas,customer1122@example.com,21/04/2021
CUST101124,John,Reyes,female,Panabo,Metro Manila,,04/11/2022
CUST101125,Patricia,Torres,M,Tagum,Davao Region,customer1124@example.com,31/07/2020
CUST101126,Patricia,Torres,Male,Tagum,Northern Mindanao,customer1125@example.com,18/02/2021
CUST101127,Luis,Santos,male,Davao City,SOCCSKSARGEN,customer1126@example.com,27/09/2022
CUST101128,Nicole,Cruz,F,General Santos,Metro Manila,customer1127@example.com,20/05/2021
CUST101129,Kevin,Bautista,M,Davao City,Western Visayas,customer1128@example.com,18/10/2021
CUST101130,Nicole,Mendoza,M,Panabo,Northern Mindanao,customer1129@example.com,03/02/2021
CUST101131,Sofia,Cruz,M,Iloilo,Northern Mindanao,customer1130@example.com,02/04/2020
CUST101132,Daniel,Dela Cruz,F,Quezon City,SOCCSKSARGEN,customer1131@example.com,13/09/2021
CUST101133,James,Dela Cruz,F,Iloilo,Central Visayas,customer1132@example.com,16/08/2021
CUST101134,James,Cruz,M,Davao City,SOCCSKSARGEN,customer1133@example.com,05/06/2024
CUST101135,Nicole,Reyes,Male,Cebu City,Western Visayas,customer1134@example.com,25/05/2024
CUST101136,Maria,Bautista,M,Cebu City,Central Visayas,customer1135@example.com,15/02/2022
CUST101137,Grace,Villanueva,F,Tagum,SOCCSKSARGEN,customer1136@example.com,02/06/2021
CUST101138,Paolo,Flores,Male,Iloilo,Western Visayas,customer1137@example.com,22/01/2022
CUST101139,Grace,Ramos,M,General Santos,Davao Region,customer1138@example.com,30/12/2022
CUST101140,Liza,Gonzales,M,Iloilo,Davao Region,customer1139@example.com,26/11/2021
CUST101141,Luis,Villanueva,M,Tagum,Davao Region,customer1140@example.com,23/09/2023
CUST101142,Angela,Santos,M,Cebu City,Western Visayas,customer1141@example.com,01/10/2024
CUST101143,Ella,Rivera,F,Tagum,Davao Region,customer1142@example.com,27/12/2021
CUST101144,Patricia,Reyes,M,Iloilo,Northern Mindanao,customer1143@example.com,30/07/2020
CUST101145,Angela,Santos,M,Cebu City,Central Visayas,customer1144@example.com,05/08/2020
CUST101146,Miguel,Torres,,Davao City,Davao Region,customer1145@example.com,18/04/2024
CUST101147,Liza,Castillo,female,Panabo,Northern Mindanao,customer1146@example.com,18/01/2022
CUST101148,James,Reyes,M,Digos,Western Visayas,customer1147@example.com,11/08/2021
CUST101149,Daniel,Dela Cruz,F,Davao City,SOCCSKSARGEN,customer1148@example.com,19/01/2023
CUST101150,Luis,Dela Cruz,F,Davao City,Central Visayas,customer1149@example.com,17/09/2024
CUST101151,Paolo,Torres,male,Iloilo,Western Visayas,customer1150@example.com,03/02/2022
CUST101152,Liza,Rivera,male,Iloilo,Metro Manila,customer1151@example.com,21/07/2021
CUST101153,Sofia,Mendoza,M,Cagayan de Oro,Central Visayas,customer1152@example.com,01/04/2024
CUST101154,Ella,Garcia,M,Iloilo,Metro Manila,customer1153@example.com,29/05/2020
CUST101155,Angela,Reyes,F,Cebu City,SOCCSKSARGEN,customer1154@example.com,28/02/2024
CUST101156,Kevin,Garcia,male,Davao City,Davao Region,customer1155@example.com,25/07/2022
CUST101157,Ana,Cruz,female,Manila,Metro Manila,customer1156@example.com,06/02/2020
CUST101158,Luis,Ramos,M,Davao City,Davao Region,customer1157@example.com,14/02/2021
CUST101159,Paolo,Torres,F,Quezon City,SOCCSKSARGEN,customer1158@example.com,07/05/2023
CUST101160,Angela,Flores,M,Digos,Metro Manila,customer1159@example.com,17/09/2023
CUST101161,Kevin,Villanueva,Male,Tagum,Davao Region,customer1160@example.com,18/12/2020
CUST101162,Miguel,Ramos,female,Panabo,Metro Manila,customer1161@example.com,29/03/2023
CUST101163,Patricia,Cruz,F,Cebu City,Central Visayas,customer1162@example.com,15/11/2024
CUST101164,Liza,Torres,M,Quezon City,Davao Region,customer1163@example.com,20/05/2023
CUST101165,Liza,Mendoza,F,Cagayan de Oro,SOCCSKSARGEN,customer1164@example.com,18/06/2023
CUST101166,Ana,Villanueva,F,Tagum,Central Visayas,customer1165@example.com,14/12/2020
CUST101167,Juan,Dela Cruz,male,Iloilo,Davao Region,customer1166@example.com,21/02/2023
CUST101168,Paolo,Cruz,F,Manila,Metro Manila,customer1167@example.com,29/06/2023
CUST101169,Marco,Castillo,male,General Santos,Central Visayas,customer1168@example.com,18/07/2020
CUST101170,Ella,Torres,M,Cagayan de Oro,Metro Manila,customer1169@example.com,14/07/2021
CUST101171,Nicole,Reyes,M,Iloilo,Davao Region,customer1170@example.com,07/05/2024
CUST101172,Nicole,Castillo,F,Digos,Western Visayas,customer1171@example.com,02/12/2024
CUST101173,Paolo,Garcia,M,Davao City,Central Visayas,customer1172@example.com,07/11/2020
CUST101174,Mark,Villanueva,M,Tagum,Central Visayas,customer1173@example.com,10/08/2023
CUST101175, Juan ,Villanueva,Male,Cebu City,Western Visayas,customer1174@example.com,21/06/2022
CUST101176,Angela,Mendoza,M,Iloilo,Metro Manila,customer1175@example.com,28/11/2022
CUST101177,Angela,Navarro,M,Manila,Davao Region,customer1176@example.com,08/07/2022
CUST101178,Mark,Ramos,M,Cebu City,Metro Manila,customer1177@example.com,09/04/2024
CUST101179,Carlo,Aquino,M,Digos,Metro Manila,customer1178@example.com,12/03/2022
CUST101180,Juan,Reyes,male,General Santos,Northern Mindanao,customer1179@example.com,26/11/2022
CUST101181, Nicole ,Mendoza,female,Davao City,Northern Mindanao,customer1180@example.com,19/04/2023
CUST101182,Ella,Cruz,M,Digos,Davao Region,customer1181@example.com,21/09/2022
CUST101183,Daniel,Castillo,Female,Cebu City,SOCCSKSARGEN,customer1182@example.com,02/05/2024
CUST101184,Sofia,Reyes,Female,Iloilo,Davao Region,customer1183@example.com,03/03/2021
CUST101185,Sofia,Navarro,,Iloilo,Metro Manila,customer1184@example.com,02/09/2024
CUST101186,Angela,Castillo,F,Quezon City,SOCCSKSARGEN,customer1185@example.com,05/05/2023
CUST101187,Ana,Rivera,M,Davao City,Central Visayas,customer1186@example.com,24/09/2024
CUST101188,Kevin,Dela Cruz,F,Quezon City,Northern Mindanao,customer1187@example.com,05/11/2021
CUST101189,Kevin,Santos,male,Panabo,Western Visayas,customer1188@example.com,11/05/2022
CUST101190,Juan,Castillo,Female,Cebu City,Metro Manila,customer1189@example.com,18/03/2020
CUST101191,Sofia,Santos,F,Iloilo,Davao Region,customer1190@example.com,21/07/2024
CUST101192,Carlo,Reyes,M,Quezon City,Metro Manila,customer1191@example.com,08/01/2024
CUST101193,Mark,Rivera,Female,Cebu City,Davao Region,customer1192@example.com,17/06/2021
CUST101194,Grace,Villanueva,male,Panabo,Central Visayas,customer1193@example.com,03/04/2020
CUST101195,Liza,Castillo,F,Cagayan de Oro,Northern Mindanao,customer1194@example.com,08/06/2023
CUST101196,Nicole,Villanueva,Male,Manila,SOCCSKSARGEN,customer1195@example.com,25/04/2023
CUST101197,Grace,Reyes,F,Cagayan de Oro,SOCCSKSARGEN,customer1196@example.com,07/08/2022
CUST101198,Marco,Reyes,F,General Santos,Western Visayas,customer1197@example.com,09/10/2020
CUST101199,Patricia,Dela Cruz,F,General Santos,Western Visayas,customer1198@example.com,11/07/2024
CUST101200,Nicole,Santos,Female,Cagayan de Oro,Davao Region,customer1199@example.com,17/02/2022
CUST101201,Luis,Gonzales,,Davao City,Davao Region,customer1200@example.com,28/07/2023
CUST101202,Miguel,Santos,F,Iloilo,Western Visayas,customer1201@example.com,26/03/2024
CUST101203,Marco,Navarro,F,Tagum,Central Visayas,customer1202@example.com,13/09/2022
CUST101204,James,Villanueva,F,Iloilo,Metro Manila,customer1203@example.com,18/06/2020
CUST101205,Daniel,Castillo,M,Davao City,Western Visayas,customer1204@example.com,16/05/2024
CUST101206,Ella,Garcia,M,Cagayan de Oro,Central Visayas,customer1205@example.com,15/04/2023
CUST101207,Liza,Flores,M,General Santos,Western Visayas,customer1206@example.com,28/05/2024
CUST101208,Grace,Navarro,F,Cagayan de Oro,Western Visayas,customer1207@example.com,07/01/2023
CUST101209,Carlo,Bautista,M,General Santos,Northern Mindanao,customer1208@example.com,21/06/2024
CUST101210,Marco,Torres,F,Quezon City,Western Visayas,customer1209@example.com,10/04/2024
CUST101211,Nicole,Dela Cruz,Female,Davao City,Northern Mindanao,customer1210@example.com,23/01/2021
CUST101212,James,Bautista,M,Iloilo,Northern Mindanao,customer1211@example.com,06/11/2020
CUST101213,Miguel,Gonzales,Male,Cebu City,Western Visayas,customer1212@example.com,15/10/2020
CUST101214,Luis,Flores,female,Manila,SOCCSKSARGEN,customer1213@example.com,10/12/2023
CUST101215,Maria,Santos,F,Tagum,Davao Region,customer1214@example.com,08/03/2021
CUST101216,Ana,Navarro,M,Davao City,Metro Manila,customer1215@example.com,21/03/2022
CUST101217,Liza,Gonzales,F,Digos,Metro Manila,customer1216@example.com,19/11/2023
CUST101218, Grace ,Rivera,F,Digos,Metro Manila,customer1217@example.com,10/02/2022
CUST101219,Patricia,Torres,F,Manila,Western Visayas,customer1218@example.com,21/04/2020
CUST101220,Sofia,Cruz,M,Quezon City,Davao Region,customer1219@example.com,13/10/2021
CUST101221,Nicole,Ramos,F,General Santos,Western Visayas,customer1220@example.com,19/06/2020
CUST101222,Kevin,Villanueva,F,Manila,Northern Mindanao,customer1221@example.com,25/11/2021
CUST101223,Marco,Rivera,M,Davao City,Davao Region,customer1222@example.com,19/08/2023
CUST101224,Daniel,Santos,Male,Manila,Central Visayas,,24/07/2022
CUST101225,Sofia,Dela Cruz,M,Davao City,Davao Region,customer1224@example.com,29/04/2023
CUST101226,Marco,Flores,F,Cebu City,Metro Manila,customer1225@example.com,11/07/2020
CUST101227,Ana,Reyes,male,Digos,Metro Manila,customer1226@example.com,12/09/2023
CUST101228,Marco,Gonzales,M,General Santos,Metro Manila,customer1227@example.com,04/02/2022
CUST101229,Mark,Reyes,Male,Panabo,Davao Region,customer1228@example.com,31/05/2021
CUST101230,Carlo,Aquino,F,General Santos,Western Visayas,customer1229@example.com,19/03/2023
CUST101231,Patricia,Gonzales,F,Quezon City,Davao Region,customer1230@example.com,30/08/2020
CUST101232,Grace,Aquino,female,Quezon City,Northern Mindanao,customer1231@example.com,15/06/2022
CUST101233,Marco,Bautista,F,Digos,Central Visayas,customer1232@example.com,29/01/2022
CUST101234,Grace,Dela Cruz,M,Panabo,Western Visayas,customer1233@example.com,25/10/2020
CUST101235,Nicole,Villanueva,female,Cagayan de Oro,Central Visayas,,09/09/2024
CUST101236,Angela,Torres,Female,Cebu City,Western Visayas,customer1235@example.com,15/10/2021
CUST101237,Juan,Santos,Male,Tagum,SOCCSKSARGEN,customer1236@example.com,14/03/2020
CUST101238,Ana,Mendoza,M,Manila,Western Visayas,customer1237@example.com,08/03/2022
CUST101239,Carlo,Mendoza,M,Iloilo,Davao Region,customer1238@example.com,05/10/2024
CUST101240,Juan,Navarro,Male,Quezon City,Western Visayas,customer1239@example.com,18/04/2023
CUST101241,Liza,Dela Cruz,M,Cagayan de Oro,Northern Mindanao,customer1240@example.com,20/02/2023
CUST101242,James,Flores,M,Digos,SOCCSKSARGEN,customer1241@example.com,09/06/2024
CUST101243,Marco,Torres,Female,Digos,SOCCSKSARGEN,customer1242@example.com,31/05/2020
CUST101244,Miguel,Mendoza,M,Manila,Davao Region,customer1243@example.com,17/09/2022
CUST101245,Luis,Castillo,M,General Santos,Davao Region,,31/07/2021
CUST101246,Marco,Dela Cruz,M,Tagum,Western Visayas,customer1245@example.com,02/05/2023
CUST101247,Luis,Bautista,F,Cebu City,Davao Region,customer1246@example.com,14/03/2024
CUST101248,Miguel,Dela Cruz,Male,Tagum,SOCCSKSARGEN,customer1247@example.com,18/05/2020
CUST101249,Angela,Villanueva,male,Iloilo,Metro Manila,customer1248@example.com,11/10/2020
CUST101250,Marco,Mendoza,M,General Santos,Metro Manila,customer1249@example.com,14/09/2024
CUST101251,John,Santos,M,Digos,SOCCSKSARGEN,customer1250@example.com,04/06/2022
CUST101252,Sofia,Cruz,F,Davao City,Northern Mindanao,customer1251@example.com,21/07/2021
CUST101253,Maria,Bautista,F,Tagum,Metro Manila,customer1252@example.com,01/10/2020
CUST101254,James,Villanueva,F,Iloilo,SOCCSKSARGEN,customer1253@example.com,29/09/2021
CUST101255,Nicole,Garcia,female,Cagayan de Oro,Davao Region,customer1254@example.com,09/01/2020
CUST101256,Maria,Ramos,F,Iloilo,Northern Mindanao,customer1255@example.com,05/02/2021
CUST101257,John,Ramos,F,Iloilo,Davao Region,customer1256@example.com,25/11/2020
CUST101258,Kevin,Cruz,,Davao City,Central Visayas,customer1257@example.com,01/06/2020
CUST101259,Liza,Flores,M,Digos,Davao Region,customer1258@example.com,10/10/2024
CUST101260,Patricia,Castillo,female,Quezon City,Northern Mindanao,customer1259@example.com,23/11/2023
CUST101261,Carlo,Rivera,F,General Santos,SOCCSKSARGEN,customer1260@example.com,19/08/2024
CUST101262,Ella,Villanueva,F,Cagayan de Oro,Central Visayas,customer1261@example.com,08/03/2021
CUST101263,Sofia,Reyes,female,Cagayan de Oro,Central Visayas,customer1262@example.com,03/06/2021
CUST101264,Patricia,Garcia,F,Manila,Central Visayas,customer1263@example.com,23/05/2021
CUST101265,John,Torres,F,Iloilo,SOCCSKSARGEN,customer1264@example.com,02/10/2022
CUST101266,Juan,Cruz,M,Quezon City,Central Visayas,customer1265@example.com,23/11/2020
CUST101267,Maria,Ramos,Male,Cebu City,Central Visayas,customer1266@example.com,27/02/2021
CUST101268,Paolo,Santos,F,Cagayan de Oro,SOCCSKSARGEN,customer1267@example.com,20/10/2024
CUST101269,Marco,Reyes,M,Digos,Davao Region,customer1268@example.com,25/09/2021
CUST101270,Juan,Santos,Female,Tagum,Central Visayas,customer1269@example.com,06/11/2023
CUST101271,Paolo,Dela Cruz,Male,Manila,Western Visayas,customer1270@example.com,16/02/2021
CUST101272,Ana,Bautista,F,Davao City,Metro Manila,customer1271@example.com,31/07/2024
CUST101273,Ella,Cruz,M,Cebu City,SOCCSKSARGEN,customer1272@example.com,02/06/2023
CUST101274,Daniel,Rivera,F,General Santos,SOCCSKSARGEN,customer1273@example.com,31/03/2024
CUST101275,James,Dela Cruz,M,Manila,Central Visayas,,18/07/2022
CUST101276,Grace,Santos,M,Iloilo,Western Visayas,customer1275@example.com,19/06/2024
CUST101277,Daniel,Mendoza,F,Cagayan de Oro,Northern Mindanao,customer1276@example.com,14/10/2021
CUST101278,James,Castillo,M,Cagayan de Oro,Northern Mindanao,customer1277@example.com,12/05/2022
CUST101279,Juan,Reyes,M,General Santos,SOCCSKSARGEN,customer1278@example.com,20/04/2020
CUST101280,Luis,Reyes,Male,Digos,Davao Region,customer1279@example.com,02/11/2020
CUST101281,Grace,Villanueva,F,Davao City,Central Visayas,customer1280@example.com,20/10/2023
CUST101282,Grace,Ramos,,Davao City,Metro Manila,customer1281@example.com,11/08/2021
CUST101283,Paolo,Mendoza,female,Manila,Central Visayas,customer1282@example.com,02/07/2020
CUST101284,Patricia,Bautista,F,Iloilo,SOCCSKSARGEN,customer1283@example.com,10/06/2021
CUST101285,Paolo,Villanueva,,Davao City,Northern Mindanao,customer1284@example.com,27/09/2021
CUST101286,Juan,Mendoza,male,Digos,Metro Manila,customer1285@example.com,14/07/2023
CUST101287,Ella,Navarro,F,Cebu City,Davao Region,customer1286@example.com,11/06/2020
CUST101288,John,Santos,Female,Manila,Northern Mindanao,customer1287@example.com,16/02/2020
CUST101289,Ana,Dela Cruz,M,Manila,Northern Mindanao,customer1288@example.com,27/07/2023
CUST101290,Nicole,Ramos,Male,Cebu City,Western Visayas,customer1289@example.com,12/09/2020
CUST101291,John,Garcia,F,Davao City,Northern Mindanao,customer1290@example.com,25/01/2022
CUST101292,Luis,Rivera,M,Panabo,Western Visayas,customer1291@example.com,14/05/2023
CUST101293,Sofia,Rivera,M,General Santos,Central Visayas,customer1292@example.com,14/07/2022
CUST101294,Juan,Dela Cruz,female,Davao City,Metro Manila,customer1293@example.com,10/08/2020
CUST101295,Marco,Torres,F,Digos,SOCCSKSARGEN,customer1294@example.com,23/07/2023
CUST101296,Liza,Garcia,M,Digos,SOCCSKSARGEN,customer1295@example.com,27/03/2020
CUST101297, Carlo ,Navarro,M,Iloilo,Davao Region,customer1296@example.com,22/02/2021
CUST101298,Daniel,Reyes,F,Digos,Western Visayas,customer1297@example.com,15/07/2020
CUST101299,Liza,Torres,male,Iloilo,SOCCSKSARGEN,customer1298@example.com,11/07/2022
CUST101300,Juan,Navarro,Female,Manila,Western Visayas,customer1299@example.com,28/05/2023
CUST101301,James,Ramos,F,Cebu City,Northern Mindanao,customer1300@example.com,15/03/2023
CUST101302,Sofia,Ramos,M,Quezon City,Metro Manila,customer1301@example.com,07/09/2020
CUST101303,Daniel,Garcia,M,Quezon City,Metro Manila,customer1302@example.com,10/09/2021
CUST101304,Luis,Bautista,F,Panabo,Metro Manila,customer1303@example.com,20/09/2020
CUST101305,Nicole,Castillo,male,General Santos,Central Visayas,customer1304@example.com,08/09/2021
CUST101306,Daniel,Bautista,Female,Cagayan de Oro,Metro Manila,customer1305@example.com,18/02/2021
CUST101307,Carlo,Flores,F,Iloilo,Metro Manila,customer1306@example.com,25/08/2023
CUST101308,John,Gonzales,F,Davao City,Central Visayas,customer1307@example.com,13/09/2023
CUST101309,Sofia,Torres,F,General Santos,Western Visayas,customer1308@example.com,13/01/2024
CUST101310,Luis,Bautista,F,Panabo,Western Visayas,customer1309@example.com,26/12/2020
CUST101311,Liza,Garcia,F,Panabo,Northern Mindanao,customer1310@example.com,25/01/2020
CUST101312,Angela,Garcia,Male,Manila,Metro Manila,customer1311@example.com,04/03/2020
CUST101313,James,Navarro,F,Panabo,Western Visayas,customer1312@example.com,27/02/2024
CUST101314,Luis,Navarro,female,Manila,Central Visayas,customer1313@example.com,18/06/2024
CUST101315,Ella,Castillo,F,Iloilo,Western Visayas,customer1314@example.com,16/01/2021
CUST101316,Carlo,Dela Cruz,M,Manila,Davao Region,customer1315@example.com,26/04/2024
CUST101317,Grace,Villanueva,M,Tagum,Central Visayas,customer1316@example.com,11/08/2022
CUST101318,Kevin,Mendoza,F,Tagum,Western Visayas,customer1317@example.com,28/11/2020
CUST101319,Sofia,Navarro,F,General Santos,SOCCSKSARGEN,customer1318@example.com,17/07/2021
CUST101320,Paolo,Gonzales,F,Cagayan de Oro,Metro Manila,customer1319@example.com,22/04/2021
CUST101321,Ana,Navarro,Female,Manila,Metro Manila,customer1320@example.com,06/10/2023
CUST101322,Carlo,Aquino,M,General Santos,Central Visayas,customer1321@example.com,05/12/2020
CUST101323,Liza,Gonzales,Male,Tagum,Western Visayas,customer1322@example.com,25/11/2020
CUST101324,Luis,Rivera,Female,Iloilo,Central Visayas,customer1323@example.com,19/07/2023
CUST101325,Luis,Flores,F,Iloilo,Davao Region,customer1324@example.com,27/06/2021
CUST101326,Mark,Torres,F,Cebu City,Northern Mindanao,customer1325@example.com,26/03/2021
CUST101327,Daniel,Garcia,M,Cebu City,Metro Manila,customer1326@example.com,25/12/2023
CUST101328,Maria,Navarro,F,Iloilo,SOCCSKSARGEN,,03/08/2024
CUST101329, Daniel ,Gonzales,Female,General Santos,Central Visayas,customer1328@example.com,26/09/2022
CUST101330,Angela,Flores,female,Tagum,SOCCSKSARGEN,,29/01/2024
CUST101331,Sofia,Mendoza,F,Cebu City,Western Visayas,customer1330@example.com,23/02/2024
CUST101332,Grace,Reyes,M,General Santos,Metro Manila,customer1331@example.com,25/11/2022
CUST101333,Sofia,Torres,Male,Manila,Western Visayas,customer1332@example.com,02/02/2024
CUST101334,Patricia,Garcia,Female,Manila,Central Visayas,customer1333@example.com,17/01/2020
CUST101335,Liza,Rivera,F,General Santos,Central Visayas,customer1334@example.com,04/03/2020
CUST101336,Marco,Navarro,male,Digos,Western Visayas,customer1335@example.com,09/05/2024
CUST101337,Nicole,Cruz,M,General Santos,Metro Manila,customer1336@example.com,09/09/2020
CUST101338,Carlo,Reyes,M,Cebu City,Metro Manila,customer1337@example.com,02/08/2023
CUST101339,James,Villanueva,M,Cebu City,Central Visayas,customer1338@example.com,26/01/2022
CUST101340,Sofia,Gonzales,M,Cagayan de Oro,SOCCSKSARGEN,customer1339@example.com,19/11/2023
CUST101341,Liza,Bautista,male,Cagayan de Oro,Davao Region,customer1340@example.com,12/04/2023
CUST101342,Ana,Reyes,F,Iloilo,Davao Region,customer1341@example.com,09/05/2020
CUST101343,Ana,Reyes,M,Panabo,Central Visayas,customer1342@example.com,29/08/2021
CUST101344,Kevin,Garcia,F,Tagum,Davao Region,customer1343@example.com,29/06/2023
CUST101345,Mark,Bautista,F,Manila,Central Visayas,customer1344@example.com,16/07/2024
CUST101346,Marco,Bautista,F,Iloilo,Metro Manila,customer1345@example.com,19/12/2023
CUST101347,Luis,Villanueva,M,Cebu City,Central Visayas,customer1346@example.com,24/05/2024
CUST101348,Grace,Reyes,Male,General Santos,Northern Mindanao,customer1347@example.com,17/09/2024
CUST101349,Grace,Cruz,M,Digos,Northern Mindanao,customer1348@example.com,28/05/2024
CUST101350,Kevin,Gonzales,Female,General Santos,Metro Manila,customer1349@example.com,10/11/2022
CUST101351, Maria ,Gonzales,M,Davao City,SOCCSKSARGEN,customer1350@example.com,28/08/2021
CUST101352,Paolo,Castillo,Female,Cagayan de Oro,Western Visayas,customer1351@example.com,03/07/2022
CUST101353,Miguel,Reyes,male,Panabo,Metro Manila,customer1352@example.com,03/12/2023
CUST101354,Ella,Reyes,M,Panabo,Davao Region,customer1353@example.com,04/02/2022
CUST101355,John,Santos,M,Cagayan de Oro,Northern Mindanao,customer1354@example.com,04/02/2024
CUST101356,Miguel,Castillo,female,Iloilo,Central Visayas,customer1355@example.com,16/06/2023
CUST101357,Angela,Villanueva,F,Panabo,Northern Mindanao,customer1356@example.com,11/01/2021
CUST101358,Ana,Aquino,Male,Iloilo,Western Visayas,customer1357@example.com,15/07/2024
CUST101359,Ana,Dela Cruz,M,Cagayan de Oro,Central Visayas,customer1358@example.com,03/03/2024
CUST101360,Paolo,Bautista,M,Iloilo,SOCCSKSARGEN,customer1359@example.com,15/12/2022
CUST101361,Maria,Santos,F,Digos,Northern Mindanao,customer1360@example.com,15/12/2020
CUST101362,Maria,Villanueva,female,Iloilo,Central Visayas,customer1361@example.com,13/02/2021
CUST101363,Paolo,Gonzales,M,Cebu City,Western Visayas,customer1362@example.com,19/02/2024
CUST101364,John,Castillo,Female,Cebu City,Northern Mindanao,customer1363@example.com,01/02/2020
CUST101365,Kevin,Gonzales,Male,Cagayan de Oro,Western Visayas,customer1364@example.com,20/05/2022
CUST101366,Juan,Ramos,M,General Santos,Metro Manila,customer1365@example.com,19/01/2023
CUST101367,Angela,Flores,M,Cagayan de Oro,Metro Manila,customer1366@example.com,22/02/2021
CUST101368,Miguel,Mendoza,M,Quezon City,Central Visayas,customer1367@example.com,05/04/2024
CUST101369,Marco,Gonzales,F,Manila,SOCCSKSARGEN,customer1368@example.com,29/07/2022
CUST101370,Nicole,Castillo,Male,Davao City,Western Visayas,customer1369@example.com,28/04/2020
CUST101371, Luis ,Garcia,F,Cebu City,Northern Mindanao,customer1370@example.com,30/07/2021
CUST101372,Angela,Rivera,M,Quezon City,Metro Manila,customer1371@example.com,16/12/2021
CUST101373,Sofia,Santos,Male,Manila,SOCCSKSARGEN,customer1372@example.com,05/02/2021
CUST101374,Sofia,Ramos,F,General Santos,Northern Mindanao,customer1373@example.com,19/08/2024
CUST101375,Luis,Garcia,F,Digos,Metro Manila,customer1374@example.com,10/10/2021
CUST101376,Marco,Aquino,F,Cebu City,Western Visayas,customer1375@example.com,22/06/2022
CUST101377,Marco,Torres,M,Cebu City,Northern Mindanao,customer1376@example.com,21/08/2022
CUST101378,James,Torres,Male,Digos,Metro Manila,customer1377@example.com,01/02/2021
CUST101379,Liza,Aquino,F,General Santos,Metro Manila,customer1378@example.com,19/10/2022
CUST101380,Liza,Bautista,F,Digos,Northern Mindanao,customer1379@example.com,28/09/2021
CUST101381,Marco,Torres,M,Davao City,Northern Mindanao,customer1380@example.com,19/01/2020
CUST101382,Carlo,Rivera,F,Davao City,Metro Manila,customer1381@example.com,04/01/2022
CUST101383,Angela,Flores,Male,Davao City,Northern Mindanao,customer1382@example.com,16/11/2022
CUST101384,Luis,Cruz,F,General Santos,SOCCSKSARGEN,customer1383@example.com,30/07/2020
CUST101385,Paolo,Santos,male,Cagayan de Oro,Metro Manila,customer1384@example.com,03/11/2023
CUST101386,John,Garcia,male,General Santos,Western Visayas,customer1385@example.com,04/04/2023
CUST101387,Kevin,Castillo,M,Iloilo,Central Visayas,customer1386@example.com,11/07/2021
CUST101388,Angela,Navarro,Male,Panabo,Northern Mindanao,customer1387@example.com,01/12/2022
CUST101389,Luis,Mendoza,F,Digos,Central Visayas,customer1388@example.com,30/06/2021
CUST101390,Ella,Flores,,Panabo,Western Visayas,customer1389@example.com,11/03/2023
CUST101391,Angela,Villanueva,M,Panabo,Central Visayas,customer1390@example.com,04/10/2020
CUST101392,Liza,Ramos,M,Cagayan de Oro,Northern Mindanao,customer1391@example.com,04/01/2023
CUST101393,Marco,Santos,F,Digos,Davao Region,customer1392@example.com,09/04/2020
CUST101394,Grace,Santos,M,Digos,Metro Manila,customer1393@example.com,31/01/2020
CUST101395,John,Flores,Male,Cebu City,Western Visayas,customer1394@example.com,02/04/2021
CUST101396,Kevin,Torres,F,Quezon City,Metro Manila,customer1395@example.com,10/11/2020
CUST101397,Nicole,Villanueva,M,Panabo,Northern Mindanao,customer1396@example.com,02/06/2022
CUST101398,Daniel,Ramos,F,Tagum,Northern Mindanao,customer1397@example.com,25/10/2020
CUST101399,Juan,Bautista,female,Panabo,Central Visayas,customer1398@example.com,16/03/2021
CUST101400,Carlo,Ramos,Female,Cagayan de Oro,Central Visayas,customer1399@example.com,25/06/2020
CUST101401,Luis,Mendoza,F,Iloilo,Northern Mindanao,customer1400@example.com,15/05/2024
CUST101402,John,Aquino,M,Tagum,SOCCSKSARGEN,customer1401@example.com,16/08/2023
CUST101403,Carlo,Ramos,M,Davao City,Northern Mindanao,customer1402@example.com,26/01/2021
CUST101404,Angela,Castillo,male,Cagayan de Oro,Northern Mindanao,customer1403@example.com,04/08/2020
CUST101405,Mark,Garcia,Female,Iloilo,Metro Manila,customer1404@example.com,10/03/2024
CUST101406,Mark,Aquino,F,Cagayan de Oro,Western Visayas,customer1405@example.com,17/04/2023
CUST101407,Angela,Dela Cruz,male,Iloilo,Central Visayas,customer1406@example.com,13/05/2024
CUST101408,Luis,Bautista,M,Cebu City,Western Visayas,customer1407@example.com,17/11/2020
CUST101409,Juan,Bautista,Male,Davao City,Davao Region,customer1408@example.com,07/10/2021
CUST101410,Carlo,Ramos,M,General Santos,Metro Manila,customer1409@example.com,31/07/2020
CUST101411,Maria,Rivera,M,Manila,Davao Region,customer1410@example.com,01/02/2022
CUST101412,Kevin,Navarro,F,Cagayan de Oro,Davao Region,customer1411@example.com,19/10/2020
CUST101413,Carlo,Santos,F,Tagum,Metro Manila,customer1412@example.com,08/01/2020
CUST101414,James,Ramos,female,Tagum,Northern Mindanao,customer1413@example.com,04/07/2022
CUST101415,Kevin,Bautista,F,Cebu City,Davao Region,customer1414@example.com,28/10/2024
CUST101416,James,Reyes,male,General Santos,Northern Mindanao,customer1415@example.com,07/03/2023
CUST101417,Nicole,Reyes,Female,Cagayan de Oro,Western Visayas,customer1416@example.com,24/09/2023
CUST101418,Sofia,Dela Cruz,Male,Digos,Metro Manila,customer1417@example.com,01/01/2024
CUST101419,Luis,Villanueva,female,Digos,Central Visayas,customer1418@example.com,15/10/2024
CUST101420,Miguel,Navarro,F,Cebu City,SOCCSKSARGEN,customer1419@example.com,19/08/2020
CUST101421,Ella,Rivera,F,Davao City,Central Visayas,customer1420@example.com,27/03/2021
CUST101422,Marco,Villanueva,M,General Santos,SOCCSKSARGEN,customer1421@example.com,14/01/2023
CUST101423,Kevin,Navarro,M,Digos,Central Visayas,customer1422@example.com,17/01/2024
CUST101424,Daniel,Aquino,male,Manila,Davao Region,customer1423@example.com,24/10/2023
CUST101425, Carlo ,Mendoza,F,Manila,Davao Region,customer1424@example.com,02/08/2023
CUST101426,Patricia,Reyes,F,General Santos,Northern Mindanao,customer1425@example.com,16/07/2021
CUST101427,Daniel,Torres,M,Panabo,Northern Mindanao,customer1426@example.com,18/10/2021
CUST101428,Ella,Ramos,F,Panabo,Davao Region,customer1427@example.com,23/05/2020
CUST101429,Carlo,Cruz,Female,Panabo,Central Visayas,customer1428@example.com,19/07/2021
CUST101430, James ,Garcia,M,Panabo,SOCCSKSARGEN,customer1429@example.com,07/10/2020
CUST101431,Miguel,Santos,Female,Manila,Northern Mindanao,customer1430@example.com,15/08/2024
CUST101432,Mark,Castillo,Male,Davao City,Northern Mindanao,customer1431@example.com,13/06/2020
CUST101433,Mark,Gonzales,Female,Davao City,SOCCSKSARGEN,customer1432@example.com,16/10/2021
CUST101434,Kevin,Villanueva,M,Cagayan de Oro,Northern Mindanao,customer1433@example.com,15/05/2024
CUST101435,Angela,Torres,Male,Panabo,Western Visayas,customer1434@example.com,16/09/2024
CUST101436, Ana ,Ramos,M,Quezon City,Metro Manila,customer1435@example.com,09/11/2021
CUST101437,Sofia,Rivera,F,Manila,SOCCSKSARGEN,customer1436@example.com,17/04/2022
CUST101438, Daniel ,Ramos,Female,Manila,Metro Manila,customer1437@example.com,31/07/2022
CUST101439,Angela,Dela Cruz,Male,General Santos,Metro Manila,customer1438@example.com,19/01/2024
CUST101440,Marco,Mendoza,M,General Santos,Northern Mindanao,customer1439@example.com,15/10/2023
CUST101441,James,Castillo,male,General Santos,Metro Manila,customer1440@example.com,01/08/2022
CUST101442,Liza,Flores,M,Tagum,Western Visayas,customer1441@example.com,30/10/2021
CUST101443,Ella,Villanueva,F,Cagayan de Oro,SOCCSKSARGEN,customer1442@example.com,01/11/2021
CUST101444,Sofia,Villanueva,,Quezon City,Davao Region,customer1443@example.com,14/03/2023
CUST101445,Ana,Santos,F,Panabo,Davao Region,customer1444@example.com,12/02/2024
CUST101446,Juan,Castillo,male,Davao City,Davao Region,customer1445@example.com,18/05/2020
CUST101447,Ella,Mendoza,F,Cagayan de Oro,Western Visayas,customer1446@example.com,15/10/2023
CUST101448,Marco,Navarro,Female,Digos,Davao Region,customer1447@example.com,15/05/2022
CUST101449,Grace,Dela Cruz,Male,Manila,SOCCSKSARGEN,customer1448@example.com,18/09/2020
CUST101450,Ana,Mendoza,Male,Quezon City,Central Visayas,customer1449@example.com,22/06/2020
CUST101451,Carlo,Mendoza,M,Iloilo,Northern Mindanao,customer1450@example.com,29/08/2021
CUST101452,Juan,Santos,Female,Digos,SOCCSKSARGEN,customer1451@example.com,22/03/2021
CUST101453,Maria,Bautista,M,Iloilo,Western Visayas,customer1452@example.com,06/07/2020
CUST101454,John,Cruz,,Tagum,Metro Manila,customer1453@example.com,12/06/2021
CUST101455,Kevin,Torres,M,Digos,SOCCSKSARGEN,customer1454@example.com,09/02/2024
CUST101456,Maria,Garcia,M,Panabo,Western Visayas,customer1455@example.com,15/07/2023
CUST101457,Marco,Cruz,male,Iloilo,Metro Manila,customer1456@example.com,11/01/2021
CUST101458,Miguel,Mendoza,M,Cebu City,Northern Mindanao,customer1457@example.com,28/04/2023
CUST101459,Carlo,Gonzales,F,Digos,SOCCSKSARGEN,customer1458@example.com,24/03/2022
CUST101460,Liza,Rivera,Female,Tagum,Western Visayas,customer1459@example.com,06/09/2023
CUST101461,James,Torres,M,Manila,SOCCSKSARGEN,customer1460@example.com,21/03/2021
CUST101462,Angela,Navarro,M,Cebu City,SOCCSKSARGEN,customer1461@example.com,21/04/2020
CUST101463,Juan,Rivera,F,Quezon City,Metro Manila,customer1462@example.com,17/07/2021
CUST101464,Maria,Garcia,M,General Santos,Central Visayas,customer1463@example.com,24/11/2024
CUST101465,Luis,Rivera,M,Tagum,SOCCSKSARGEN,customer1464@example.com,27/09/2022
CUST101466,Ana,Reyes,M,Digos,SOCCSKSARGEN,customer1465@example.com,07/04/2020
CUST101467,Nicole,Garcia,F,Cebu City,Davao Region,,21/10/2024
CUST101468,Paolo,Mendoza,F,Panabo,Metro Manila,,26/01/2024
CUST101469,James,Santos,M,Davao City,Metro Manila,customer1468@example.com,05/09/2022
CUST101470,Maria,Villanueva,Male,Quezon City,Western Visayas,customer1469@example.com,25/08/2023
CUST101471,Luis,Villanueva,Male,Cagayan de Oro,SOCCSKSARGEN,customer1470@example.com,28/11/2020
CUST101472,Daniel,Torres,M,Digos,Northern Mindanao,customer1471@example.com,01/12/2022
CUST101473,Sofia,Villanueva,F,Cagayan de Oro,SOCCSKSARGEN,customer1472@example.com,01/07/2024
CUST101474,John,Bautista,male,Manila,Metro Manila,customer1473@example.com,28/02/2022
CUST101475,Marco,Bautista,F,Davao City,Davao Region,customer1474@example.com,11/03/2020
CUST101476,Angela,Bautista,F,General Santos,Metro Manila,customer1475@example.com,24/09/2023
CUST101477,Miguel,Ramos,F,Panabo,Davao Region,customer1476@example.com,07/08/2023
CUST101478,Paolo,Reyes,M,Davao City,SOCCSKSARGEN,customer1477@example.com,24/08/2023
CUST101479,John,Gonzales,male,Davao City,Western Visayas,customer1478@example.com,13/03/2023
CUST101480,Sofia,Ramos,female,General Santos,SOCCSKSARGEN,customer1479@example.com,03/09/2020
CUST101481,Mark,Gonzales,female,Cagayan de Oro,Metro Manila,customer1480@example.com,25/07/2020
CUST101482,Juan,Rivera,M,Cagayan de Oro,Central Visayas,customer1481@example.com,27/11/2023
CUST101483,Carlo,Cruz,F,Manila,Central Visayas,customer1482@example.com,19/03/2024
CUST101484,Ana,Torres,M,General Santos,SOCCSKSARGEN,customer1483@example.com,21/05/2020
CUST101485,Sofia,Garcia,F,Cagayan de Oro,Davao Region,customer1484@example.com,11/11/2022
CUST101486,Luis,Santos,F,Quezon City,SOCCSKSARGEN,customer1485@example.com,19/06/2022
CUST101487,Mark,Rivera,Male,Cebu City,Central Visayas,customer1486@example.com,22/09/2021
CUST101488,Juan,Gonzales,M,Iloilo,Metro Manila,customer1487@example.com,07/03/2023
CUST101489,Ana,Gonzales,female,Panabo,Western Visayas,customer1488@example.com,03/07/2024
CUST101490,Liza,Gonzales,M,Manila,Davao Region,customer1489@example.com,19/01/2024
CUST101491,Carlo,Aquino,M,Cebu City,Davao Region,customer1490@example.com,02/10/2020
CUST101492,Miguel,Navarro,male,Cagayan de Oro,Davao Region,customer1491@example.com,13/04/2022
CUST101493,Juan,Rivera,Female,Davao City,Western Visayas,customer1492@example.com,11/08/2024
CUST101494,Angela,Navarro,F,Cagayan de Oro,Davao Region,customer1493@example.com,02/03/2021
CUST101495,Sofia,Aquino,F,Quezon City,Metro Manila,customer1494@example.com,17/03/2024
CUST101496,Sofia,Garcia,M,Cebu City,Davao Region,customer1495@example.com,02/06/2022
CUST101497,Kevin,Castillo,M,Davao City,Western Visayas,customer1496@example.com,27/07/2022
CUST101498,James,Villanueva,F,Panabo,SOCCSKSARGEN,customer1497@example.com,26/03/2021
CUST101499,Miguel,Aquino,F,Cagayan de Oro,Central Visayas,customer1498@example.com,12/07/2024
CUST101500,Patricia,Flores,Male,Quezon City,Northern Mindanao,customer1499@example.com,09/08/2022
CUST101501,Liza,Garcia,M,General Santos,Central Visayas,customer1500@example.com,31/10/2022
CUST101502,Carlo,Santos,Male,Quezon City,Western Visayas,customer1501@example.com,12/04/2022
CUST101503,John,Aquino,Female,Manila,Western Visayas,customer1502@example.com,09/06/2020
CUST101504,Angela,Aquino,M,Panabo,Metro Manila,customer1503@example.com,05/11/2023
CUST101505,Kevin,Bautista,M,Tagum,Metro Manila,customer1504@example.com,14/08/2021
CUST101506,John,Rivera,F,Iloilo,Metro Manila,customer1505@example.com,08/03/2021
CUST101507,Ella,Flores,Female,Cagayan de Oro,Northern Mindanao,customer1506@example.com,08/11/2023
CUST101508,Miguel,Villanueva,Male,Quezon City,Northern Mindanao,customer1507@example.com,25/12/2020
CUST101509,Luis,Castillo,Female,Iloilo,SOCCSKSARGEN,customer1508@example.com,13/05/2023
CUST101510,Daniel,Dela Cruz,F,General Santos,Metro Manila,customer1509@example.com,03/05/2022
CUST101511,Angela,Villanueva,M,Davao City,SOCCSKSARGEN,customer1510@example.com,10/12/2023
CUST101512,John,Santos,F,Iloilo,Metro Manila,customer1511@example.com,31/03/2020
CUST101513, Grace ,Ramos,M,Cagayan de Oro,Central Visayas,customer1512@example.com,26/10/2023
CUST101514,Angela,Rivera,Female,Tagum,Metro Manila,customer1513@example.com,16/02/2021
CUST101515,John,Aquino,M,Cagayan de Oro,Western Visayas,customer1514@example.com,16/04/2024
CUST101516,Ella,Gonzales,M,Davao City,Northern Mindanao,customer1515@example.com,28/09/2021
CUST101517,Miguel,Santos,F,Panabo,Central Visayas,customer1516@example.com,13/01/2020
CUST101518,Juan,Navarro,F,Digos,Western Visayas,customer1517@example.com,27/05/2022
CUST101519,Miguel,Bautista,Male,General Santos,Davao Region,customer1518@example.com,08/04/2020
CUST101520,Miguel,Aquino,F,Cagayan de Oro,Davao Region,customer1519@example.com,29/04/2021
CUST101521,Luis,Gonzales,female,Quezon City,Davao Region,customer1520@example.com,14/07/2023
CUST101522,Grace,Flores,male,Digos,Metro Manila,customer1521@example.com,06/10/2022
CUST101523,Mark,Aquino,male,Manila,Northern Mindanao,customer1522@example.com,29/06/2023
CUST101524,Mark,Torres,Male,Iloilo,Central Visayas,customer1523@example.com,30/04/2024
CUST101525,Nicole,Villanueva,Male,Manila,Davao Region,customer1524@example.com,22/04/2022
CUST101526,Juan,Reyes,Male,Panabo,Northern Mindanao,customer1525@example.com,05/09/2022
CUST101527,Angela,Dela Cruz,F,Cebu City,Davao Region,customer1526@example.com,14/04/2020
CUST101528,Ana,Reyes,F,Panabo,Western Visayas,customer1527@example.com,31/05/2021
CUST101529,Juan,Castillo,F,General Santos,Central Visayas,customer1528@example.com,27/07/2023
CUST101530,Ella,Garcia,M,Cebu City,Northern Mindanao,customer1529@example.com,21/04/2020
CUST101531,Maria,Mendoza,M,Panabo,Metro Manila,customer1530@example.com,08/10/2021
CUST101532,Juan,Villanueva,male,Davao City,SOCCSKSARGEN,customer1531@example.com,02/09/2020
CUST101533,Ella,Mendoza,M,Quezon City,Western Visayas,customer1532@example.com,23/03/2024
CUST101534,Mark,Cruz,F,Manila,SOCCSKSARGEN,customer1533@example.com,07/10/2022
CUST101535,Patricia,Santos,Male,Tagum,Central Visayas,customer1534@example.com,06/03/2023
CUST101536,Juan,Garcia,M,Digos,Central Visayas,customer1535@example.com,15/05/2023
CUST101537,Mark,Gonzales,female,Panabo,Northern Mindanao,customer1536@example.com,07/02/2021
CUST101538, Ana ,Navarro,M,Iloilo,Northern Mindanao,customer1537@example.com,30/03/2020
CUST101539,Grace,Rivera,female,Iloilo,SOCCSKSARGEN,,16/12/2021
CUST101540,Nicole,Garcia,Female,Cebu City,Davao Region,customer1539@example.com,29/11/2020
CUST101541,Miguel,Mendoza,M,General Santos,SOCCSKSARGEN,customer1540@example.com,02/08/2021
CUST101542,John,Cruz,M,Davao City,SOCCSKSARGEN,customer1541@example.com,28/07/2021
CUST101543,Maria,Torres,F,Panabo,SOCCSKSARGEN,customer1542@example.com,08/11/2023
CUST101544,Kevin,Ramos,F,Davao City,Metro Manila,customer1543@example.com,29/07/2021
CUST101545,John,Bautista,M,Manila,SOCCSKSARGEN,customer1544@example.com,29/09/2020
CUST101546,Kevin,Mendoza,,Davao City,Davao Region,customer1545@example.com,21/09/2024
CUST101547,Daniel,Bautista,M,Cebu City,Western Visayas,customer1546@example.com,29/03/2020
CUST101548,Patricia,Aquino,male,Iloilo,Metro Manila,customer1547@example.com,01/01/2021
CUST101549,Miguel,Dela Cruz,M,Digos,SOCCSKSARGEN,customer1548@example.com,17/09/2021
CUST101550,Juan,Gonzales,,Cebu City,Davao Region,customer1549@example.com,22/04/2020
CUST101551,Carlo,Torres,M,Quezon City,SOCCSKSARGEN,customer1550@example.com,06/06/2024
CUST101552,Luis,Cruz,F,General Santos,Metro Manila,customer1551@example.com,27/09/2021
CUST101553,Liza,Rivera,F,General Santos,Davao Region,customer1552@example.com,09/11/2023
CUST101554,Nicole,Gonzales,M,Panabo,Metro Manila,customer1553@example.com,29/08/2020
CUST101555,Miguel,Santos,male,General Santos,Davao Region,customer1554@example.com,27/07/2022
CUST101556,Mark,Gonzales,M,Quezon City,Davao Region,customer1555@example.com,15/08/2020
CUST101557,Luis,Rivera,F,Cebu City,Metro Manila,customer1556@example.com,20/02/2021
CUST101558,James,Villanueva,F,Panabo,Western Visayas,customer1557@example.com,03/01/2022
CUST101559,Marco,Dela Cruz,Male,Cagayan de Oro,Davao Region,customer1558@example.com,01/04/2024
CUST101560,Luis,Aquino,M,Manila,Northern Mindanao,customer1559@example.com,05/07/2021
CUST101561,Carlo,Navarro,M,Davao City,Central Visayas,customer1560@example.com,20/09/2023
CUST101562,Carlo,Ramos,M,Manila,Metro Manila,customer1561@example.com,14/06/2020
CUST101563,John,Ramos,F,Panabo,Davao Region,customer1562@example.com,28/03/2021
CUST101564,Ella,Aquino,M,Panabo,Metro Manila,customer1563@example.com,23/12/2022
CUST101565,Kevin,Navarro,female,General Santos,Central Visayas,customer1564@example.com,22/04/2022
CUST101566,Miguel,Castillo,F,Cagayan de Oro,SOCCSKSARGEN,customer1565@example.com,22/06/2022
CUST101567,Marco,Navarro,Male,Iloilo,Northern Mindanao,customer1566@example.com,05/05/2023
CUST101568,Nicole,Santos,F,Panabo,Central Visayas,customer1567@example.com,18/05/2020
CUST101569,Ella,Santos,M,Panabo,Davao Region,customer1568@example.com,05/06/2023
CUST101570,Marco,Rivera,F,Digos,SOCCSKSARGEN,customer1569@example.com,01/04/2024
CUST101571,Maria,Gonzales,M,Quezon City,SOCCSKSARGEN,customer1570@example.com,11/10/2023
CUST101572, Paolo ,Ramos,F,Iloilo,Central Visayas,customer1571@example.com,27/05/2021
CUST101573,Grace,Cruz,F,General Santos,Central Visayas,customer1572@example.com,23/09/2021
CUST101574,Patricia,Bautista,F,Cebu City,SOCCSKSARGEN,customer1573@example.com,26/09/2024
CUST101575,Ana,Cruz,,Iloilo,Northern Mindanao,customer1574@example.com,22/11/2023
CUST101576, Angela ,Torres,M,Quezon City,Northern Mindanao,customer1575@example.com,03/08/2024
CUST101577,Liza,Mendoza,F,Cebu City,Northern Mindanao,customer1576@example.com,02/07/2024
CUST101578,James,Santos,M,Cagayan de Oro,Western Visayas,,20/02/2022
CUST101579,Ana,Bautista,F,Iloilo,Northern Mindanao,customer1578@example.com,20/08/2020
CUST101580,Nicole,Navarro,Female,Panabo,Davao Region,customer1579@example.com,15/02/2021
CUST101581,Carlo,Mendoza,M,Digos,Davao Region,customer1580@example.com,13/06/2021
CUST101582,John,Navarro,F,Manila,SOCCSKSARGEN,customer1581@example.com,11/02/2024
CUST101583,Liza,Santos,F,Davao City,SOCCSKSARGEN,customer1582@example.com,12/05/2021
CUST101584,Sofia,Torres,M,Cagayan de Oro,SOCCSKSARGEN,customer1583@example.com,12/10/2021
CUST101585,Nicole,Navarro,female,Quezon City,Northern Mindanao,customer1584@example.com,12/03/2024
CUST101586,Angela,Mendoza,F,Tagum,Central Visayas,customer1585@example.com,21/10/2020
CUST101587,Patricia,Villanueva,Female,Quezon City,Central Visayas,customer1586@example.com,09/04/2023
CUST101588,Maria,Garcia,F,General Santos,Metro Manila,customer1587@example.com,19/09/2022
CUST101589,Luis,Cruz,female,Quezon City,Davao Region,customer1588@example.com,07/11/2024
CUST101590,Juan,Navarro,M,Cebu City,Metro Manila,customer1589@example.com,30/05/2022
CUST101591,Grace,Gonzales,F,Tagum,Davao Region,customer1590@example.com,27/07/2022
CUST101592,Angela,Torres,Female,Manila,Northern Mindanao,customer1591@example.com,10/03/2024
CUST101593,Paolo,Santos,F,Davao City,Northern Mindanao,customer1592@example.com,20/11/2024
CUST101594,Juan,Rivera,F,Panabo,Western Visayas,customer1593@example.com,05/08/2023
CUST101595,Grace,Flores,,Quezon City,SOCCSKSARGEN,customer1594@example.com,10/06/2023
CUST101596,Mark,Cruz,F,Quezon City,Western Visayas,customer1595@example.com,26/04/2024
CUST101597,Daniel,Ramos,Male,Davao City,Central Visayas,customer1596@example.com,29/10/2024
CUST101598,Grace,Mendoza,Male,Digos,Metro Manila,customer1597@example.com,15/08/2023
CUST101599,Patricia,Rivera,male,Davao City,Metro Manila,customer1598@example.com,10/06/2021
CUST101600,Grace,Dela Cruz,male,Panabo,Davao Region,customer1599@example.com,01/03/2023
CUST101601,Angela,Navarro,F,Iloilo,SOCCSKSARGEN,customer1600@example.com,01/03/2021
CUST101602,Grace,Navarro,M,Tagum,SOCCSKSARGEN,customer1601@example.com,19/06/2022
CUST101603,Patricia,Garcia,M,Cebu City,Northern Mindanao,customer1602@example.com,11/03/2022
CUST101604,Angela,Flores,Male,Quezon City,Davao Region,customer1603@example.com,12/11/2024
CUST101605,Ana,Reyes,male,Quezon City,Davao Region,customer1604@example.com,24/09/2022
CUST101606, Luis ,Aquino,F,Digos,Metro Manila,customer1605@example.com,22/09/2024
CUST101607,Ana,Bautista,M,Cebu City,Davao Region,customer1606@example.com,25/12/2023
CUST101608,Kevin,Rivera,M,General Santos,Davao Region,customer1607@example.com,07/03/2024
CUST101609,John,Mendoza,F,Tagum,Metro Manila,customer1608@example.com,31/10/2020
CUST101610,Ana,Dela Cruz,male,Panabo,Davao Region,customer1609@example.com,27/10/2023
CUST101611,James,Navarro,M,Manila,Davao Region,customer1610@example.com,28/03/2021
CUST101612,Ana,Castillo,Male,Cebu City,Davao Region,customer1611@example.com,05/11/2022
CUST101613,Daniel,Rivera,Female,Cagayan de Oro,Western Visayas,customer1612@example.com,25/05/2022
CUST101614,Daniel,Santos,female,Manila,Central Visayas,customer1613@example.com,12/04/2021
CUST101615,Maria,Garcia,M,Cebu City,Northern Mindanao,customer1614@example.com,07/11/2024
CUST101616,Mark,Dela Cruz,female,Digos,Metro Manila,customer1615@example.com,24/04/2024
CUST101617,James,Dela Cruz,Male,Panabo,Northern Mindanao,,30/10/2022
CUST101618,Liza,Flores,Female,Iloilo,Metro Manila,customer1617@example.com,20/01/2020
CUST101619,Ana,Villanueva,M,Iloilo,Central Visayas,customer1618@example.com,25/11/2020
CUST101620,Marco,Santos,F,Davao City,Western Visayas,customer1619@example.com,13/02/2021
CUST101621,Carlo,Villanueva,Male,Manila,Metro Manila,customer1620@example.com,15/10/2024
CUST101622,Juan,Ramos,F,Tagum,Western Visayas,customer1621@example.com,27/12/2021
CUST101623,Ella,Ramos,F,Quezon City,Northern Mindanao,customer1622@example.com,25/03/2020
CUST101624,Juan,Aquino,F,Cagayan de Oro,Davao Region,customer1623@example.com,21/11/2022
CUST101625,Kevin,Reyes,F,Cebu City,Metro Manila,customer1624@example.com,06/09/2024
CUST101626,Marco,Castillo,M,Manila,Davao Region,customer1625@example.com,06/10/2022
CUST101627,Kevin,Garcia,F,Cebu City,Central Visayas,customer1626@example.com,10/03/2022
CUST101628,Kevin,Navarro,M,Panabo,Metro Manila,customer1627@example.com,12/11/2020
CUST101629,Paolo,Aquino,female,Quezon City,Western Visayas,customer1628@example.com,30/04/2024
CUST101630,Ana,Ramos,,Cagayan de Oro,Metro Manila,customer1629@example.com,07/07/2020
CUST101631,Kevin,Mendoza,M,Cagayan de Oro,SOCCSKSARGEN,customer1630@example.com,07/08/2024
CUST101632,Luis,Torres,M,Digos,Metro Manila,customer1631@example.com,04/02/2021
CUST101633,Maria,Flores,M,Davao City,Central Visayas,customer1632@example.com,05/09/2020
CUST101634,Luis,Santos,F,Cagayan de Oro,Northern Mindanao,customer1633@example.com,19/09/2021
CUST101635,Sofia,Castillo,male,Digos,Western Visayas,customer1634@example.com,09/01/2020
CUST101636,Liza,Reyes,F,Cebu City,Western Visayas,customer1635@example.com,26/01/2020
CUST101637,Mark,Flores,M,Digos,Northern Mindanao,customer1636@example.com,01/12/2020
CUST101638,Nicole,Aquino,M,Iloilo,Davao Region,customer1637@example.com,31/05/2023
CUST101639,Mark,Reyes,M,Cebu City,Davao Region,customer1638@example.com,06/01/2024
CUST101640,Carlo,Rivera,male,General Santos,Metro Manila,customer1639@example.com,21/03/2021
CUST101641,Grace,Torres,Male,Manila,Metro Manila,customer1640@example.com,06/03/2023
CUST101642,Maria,Santos,F,Cebu City,Davao Region,customer1641@example.com,24/09/2021
CUST101643,Sofia,Aquino,F,Cebu City,Davao Region,customer1642@example.com,18/02/2022
CUST101644,Kevin,Navarro,female,Cagayan de Oro,Metro Manila,customer1643@example.com,25/08/2021
CUST101645,Ana,Aquino,F,Iloilo,Central Visayas,customer1644@example.com,23/05/2024
CUST101646,Carlo,Bautista,male,Digos,Central Visayas,customer1645@example.com,10/07/2022
CUST101647,Angela,Flores,female,General Santos,Northern Mindanao,customer1646@example.com,30/06/2022
CUST101648,Daniel,Villanueva,F,Panabo,Western Visayas,customer1647@example.com,27/03/2024
CUST101649,Marco,Mendoza,female,Cagayan de Oro,Western Visayas,customer1648@example.com,29/03/2023
CUST101650,Patricia,Navarro,M,Iloilo,Davao Region,customer1649@example.com,25/09/2020
CUST101651,Mark,Cruz,Male,Cebu City,Davao Region,customer1650@example.com,05/12/2020
CUST101652,Juan,Ramos,M,Panabo,Metro Manila,customer1651@example.com,05/09/2021
CUST101653,Maria,Dela Cruz,F,Iloilo,Metro Manila,customer1652@example.com,25/06/2020
CUST101654,Kevin,Castillo,M,Manila,Davao Region,customer1653@example.com,30/05/2023
CUST101655,Mark,Bautista,M,General Santos,Davao Region,customer1654@example.com,10/06/2022
CUST101656,John,Villanueva,M,Tagum,Western Visayas,customer1655@example.com,20/03/2020
CUST101657,Patricia,Gonzales,F,General Santos,Central Visayas,customer1656@example.com,21/12/2021
CUST101658,Luis,Reyes,F,Quezon City,Davao Region,customer1657@example.com,02/02/2024
CUST101659,Patricia,Cruz,F,Cagayan de Oro,Metro Manila,customer1658@example.com,20/06/2024
CUST101660,Carlo,Gonzales,F,Tagum,Davao Region,customer1659@example.com,27/09/2024
CUST101661,Nicole,Torres,,Tagum,Northern Mindanao,customer1660@example.com,18/07/2024
CUST101662,Nicole,Santos,female,Iloilo,Western Visayas,customer1661@example.com,29/12/2022
CUST101663,Mark,Dela Cruz,M,General Santos,Northern Mindanao,customer1662@example.com,26/07/2024
CUST101664,Kevin,Villanueva,F,Cebu City,Davao Region,customer1663@example.com,17/09/2024
CUST101665,Liza,Mendoza,Male,Digos,SOCCSKSARGEN,customer1664@example.com,17/02/2023
CUST101666,Paolo,Reyes,Female,Davao City,Northern Mindanao,customer1665@example.com,13/01/2022
CUST101667,James,Castillo,F,General Santos,Metro Manila,customer1666@example.com,04/10/2024
CUST101668,Daniel,Garcia,Female,Cebu City,Western Visayas,customer1667@example.com,17/01/2022
CUST101669,Liza,Mendoza,M,Digos,SOCCSKSARGEN,customer1668@example.com,26/10/2020
CUST101670,Grace,Santos,F,Cebu City,Western Visayas,customer1669@example.com,10/07/2020
CUST101671,James,Ramos,Female,General Santos,Central Visayas,customer1670@example.com,18/10/2022
CUST101672,Kevin,Flores,Male,Digos,SOCCSKSARGEN,customer1671@example.com,04/03/2020
CUST101673,Carlo,Villanueva,male,Panabo,Davao Region,customer1672@example.com,01/08/2020
CUST101674,James,Mendoza,M,Panabo,Northern Mindanao,customer1673@example.com,16/03/2021
CUST101675,Grace,Garcia,M,Panabo,Northern Mindanao,customer1674@example.com,11/08/2022
CUST101676,Marco,Cruz,M,Manila,Metro Manila,customer1675@example.com,10/05/2022
CUST101677,Ana,Garcia,M,Digos,SOCCSKSARGEN,customer1676@example.com,09/07/2022
CUST101678,Sofia,Flores,M,Manila,Western Visayas,customer1677@example.com,02/07/2022
CUST101679,Ella,Reyes,F,Digos,SOCCSKSARGEN,customer1678@example.com,24/11/2024
CUST101680,Liza,Torres,F,Digos,Davao Region,customer1679@example.com,26/01/2021
CUST101681,Ella,Villanueva,Male,Iloilo,Western Visayas,customer1680@example.com,03/05/2022
CUST101682,Juan,Bautista,F,Quezon City,Western Visayas,customer1681@example.com,08/01/2023
CUST101683,Juan,Aquino,M,General Santos,Central Visayas,customer1682@example.com,08/05/2021
CUST101684,James,Gonzales,Male,Panabo,Davao Region,customer1683@example.com,22/11/2020
CUST101685,Paolo,Bautista,M,Manila,Davao Region,customer1684@example.com,24/03/2020
CUST101686,Liza,Aquino,male,Davao City,SOCCSKSARGEN,customer1685@example.com,10/08/2021
CUST101687,Sofia,Villanueva,M,General Santos,Northern Mindanao,customer1686@example.com,02/04/2021
CUST101688,Sofia,Reyes,F,Cagayan de Oro,Metro Manila,customer1687@example.com,18/12/2020
CUST101689,Ella,Villanueva,female,Cebu City,SOCCSKSARGEN,customer1688@example.com,03/05/2021
CUST101690,Maria,Dela Cruz,F,Tagum,Central Visayas,customer1689@example.com,07/06/2023
CUST101691,James,Castillo,Male,Davao City,Northern Mindanao,customer1690@example.com,29/01/2024
CUST101692,Luis,Gonzales,Male,Panabo,Central Visayas,customer1691@example.com,18/07/2022
CUST101693,Daniel,Flores,M,Tagum,Northern Mindanao,customer1692@example.com,29/04/2020
CUST101694,Paolo,Reyes,Male,Cagayan de Oro,Northern Mindanao,customer1693@example.com,17/08/2023
CUST101695,Mark,Mendoza,female,Iloilo,Western Visayas,customer1694@example.com,30/09/2020
CUST101696,Daniel,Torres,,Panabo,Central Visayas,customer1695@example.com,13/04/2020
CUST101697,Miguel,Gonzales,F,General Santos,Western Visayas,customer1696@example.com,20/10/2022
CUST101698,Ana,Rivera,F,Panabo,Western Visayas,customer1697@example.com,04/02/2022
CUST101699,Paolo,Ramos,Female,Davao City,Metro Manila,customer1698@example.com,15/07/2021
CUST101700,Marco,Rivera,F,Manila,Metro Manila,customer1699@example.com,06/10/2024
CUST101701,Carlo,Torres,M,Panabo,Northern Mindanao,customer1700@example.com,13/06/2020
CUST101702,Mark,Torres,M,Cagayan de Oro,Metro Manila,customer1701@example.com,06/04/2020
CUST101703,Daniel,Villanueva,M,Cebu City,Western Visayas,customer1702@example.com,23/11/2022
CUST101704,Mark,Aquino,F,Quezon City,Northern Mindanao,customer1703@example.com,23/01/2022
CUST101705,Ella,Navarro,M,Tagum,Northern Mindanao,customer1704@example.com,13/12/2023
CUST101706,Luis,Flores,M,Cagayan de Oro,Western Visayas,customer1705@example.com,13/03/2020
CUST101707,Marco,Castillo,M,Iloilo,SOCCSKSARGEN,customer1706@example.com,24/01/2022
CUST101708,Ella,Bautista,female,General Santos,Central Visayas,customer1707@example.com,20/09/2020
CUST101709,John,Flores,M,Davao City,Western Visayas,customer1708@example.com,15/03/2020
CUST101710,John,Santos,M,Panabo,Northern Mindanao,customer1709@example.com,12/04/2022
CUST101711,Angela,Reyes,F,Manila,Metro Manila,customer1710@example.com,15/08/2023
CUST101712,Miguel,Cruz,M,Manila,SOCCSKSARGEN,customer1711@example.com,10/10/2020
CUST101713,Luis,Flores,,Digos,Central Visayas,customer1712@example.com,25/02/2024
CUST101714,Grace,Ramos,female,Tagum,Metro Manila,customer1713@example.com,22/07/2022
CUST101715,Nicole,Bautista,F,Panabo,Davao Region,customer1714@example.com,14/05/2022
CUST101716,Luis,Garcia,F,Panabo,Metro Manila,customer1715@example.com,18/07/2024
CUST101717,Nicole,Bautista,F,Manila,Metro Manila,customer1716@example.com,15/08/2021
CUST101718, Paolo ,Aquino,M,Quezon City,SOCCSKSARGEN,customer1717@example.com,26/12/2020
CUST101719, Sofia ,Santos,M,Davao City,Northern Mindanao,,16/11/2023
CUST101720,Liza,Mendoza,M,Manila,Central Visayas,,11/07/2020
CUST101721,Maria,Dela Cruz,M,Manila,Metro Manila,customer1720@example.com,18/04/2024
CUST101722,Grace,Gonzales,F,Cebu City,SOCCSKSARGEN,customer1721@example.com,25/01/2024
CUST101723,Daniel,Gonzales,M,Quezon City,Northern Mindanao,customer1722@example.com,24/10/2024
CUST101724,Grace,Villanueva,M,Davao City,Western Visayas,customer1723@example.com,08/04/2022
CUST101725,Liza,Navarro,F,Cebu City,SOCCSKSARGEN,customer1724@example.com,24/01/2023
CUST101726,James,Flores,F,Tagum,Metro Manila,customer1725@example.com,07/05/2024
CUST101727,Ella,Dela Cruz,M,Quezon City,Central Visayas,customer1726@example.com,24/08/2020
CUST101728,Kevin,Bautista,M,General Santos,Northern Mindanao,customer1727@example.com,05/07/2021
CUST101729,Sofia,Reyes,M,Davao City,Northern Mindanao,customer1728@example.com,29/04/2022
CUST101730,Ana,Dela Cruz,M,Manila,Davao Region,customer1729@example.com,03/02/2023
CUST101731,James,Cruz,male,Manila,Davao Region,customer1730@example.com,07/05/2023
CUST101732,Ella,Flores,female,General Santos,Central Visayas,customer1731@example.com,19/07/2024
CUST101733,Daniel,Dela Cruz,F,Digos,Davao Region,customer1732@example.com,30/05/2022
CUST101734,Luis,Garcia,F,Davao City,Davao Region,customer1733@example.com,05/11/2020
CUST101735,Luis,Torres,Female,Iloilo,Western Visayas,,07/12/2020
CUST101736,James,Villanueva,Male,Tagum,Davao Region,customer1735@example.com,12/12/2023
CUST101737,Liza,Navarro,M,Quezon City,Davao Region,customer1736@example.com,09/04/2022
CUST101738,Maria,Villanueva,M,Cagayan de Oro,Metro Manila,customer1737@example.com,10/02/2023
CUST101739,Juan,Gonzales,F,Cebu City,SOCCSKSARGEN,customer1738@example.com,10/10/2022
CUST101740,John,Gonzales,F,Cebu City,Western Visayas,customer1739@example.com,03/01/2024
CUST101741,Sofia,Mendoza,M,Quezon City,Davao Region,customer1740@example.com,28/01/2021
CUST101742, Grace ,Gonzales,M,Davao City,Northern Mindanao,customer1741@example.com,03/11/2020
CUST101743,Miguel,Gonzales,F,Iloilo,Western Visayas,customer1742@example.com,13/08/2023
CUST101744,Juan,Rivera,M,Davao City,Western Visayas,customer1743@example.com,20/02/2022
CUST101745,John,Mendoza,F,Iloilo,Central Visayas,customer1744@example.com,08/01/2024
CUST101746,Marco,Garcia,Male,Panabo,SOCCSKSARGEN,customer1745@example.com,19/08/2020
CUST101747,Marco,Ramos,F,Quezon City,SOCCSKSARGEN,customer1746@example.com,04/05/2021
CUST101748,Paolo,Gonzales,M,Davao City,Western Visayas,,24/09/2024
CUST101749,Patricia,Gonzales,M,General Santos,Western Visayas,customer1748@example.com,27/02/2024
CUST101750,Grace,Ramos,male,Cagayan de Oro,Western Visayas,customer1749@example.com,22/04/2020
CUST101751,Ella,Cruz,F,Iloilo,Davao Region,customer1750@example.com,10/01/2024
CUST101752,Luis,Torres,M,Tagum,Western Visayas,customer1751@example.com,27/04/2020
CUST101753,Nicole,Castillo,M,Davao City,SOCCSKSARGEN,customer1752@example.com,04/08/2020
CUST101754,Paolo,Navarro,male,Cebu City,Northern Mindanao,customer1753@example.com,04/06/2024
CUST101755,Nicole,Mendoza,Female,Davao City,Davao Region,customer1754@example.com,14/08/2020
CUST101756,Angela,Mendoza,male,Manila,Central Visayas,customer1755@example.com,25/06/2021
CUST101757,Angela,Santos,Male,Davao City,Northern Mindanao,customer1756@example.com,31/08/2020
CUST101758,Nicole,Dela Cruz,F,Iloilo,SOCCSKSARGEN,customer1757@example.com,10/12/2022
CUST101759,Kevin,Aquino,F,Cagayan de Oro,Central Visayas,customer1758@example.com,12/04/2020
CUST101760,Kevin,Garcia,M,Iloilo,Metro Manila,customer1759@example.com,01/06/2021
CUST101761,Paolo,Rivera,Male,Tagum,SOCCSKSARGEN,customer1760@example.com,10/08/2021
CUST101762,Sofia,Reyes,F,Panabo,Western Visayas,customer1761@example.com,13/03/2023
CUST101763,Juan,Ramos,M,General Santos,Western Visayas,customer1762@example.com,12/06/2022
CUST101764,Nicole,Flores,female,Davao City,SOCCSKSARGEN,customer1763@example.com,12/12/2020
CUST101765,Kevin,Villanueva,F,Tagum,Western Visayas,customer1764@example.com,15/04/2022
CUST101766,Ella,Gonzales,M,Digos,Northern Mindanao,customer1765@example.com,05/04/2022
CUST101767,Liza,Navarro,F,Manila,Western Visayas,customer1766@example.com,28/09/2021
CUST101768,Miguel,Aquino,male,Manila,Northern Mindanao,customer1767@example.com,18/08/2022
CUST101769,Maria,Castillo,female,Davao City,Northern Mindanao,customer1768@example.com,10/08/2021
CUST101770,Mark,Navarro,F,Davao City,Metro Manila,customer1769@example.com,23/08/2021
CUST101771,Angela,Cruz,female,Cebu City,Northern Mindanao,customer1770@example.com,11/11/2023
CUST101772,Paolo,Torres,male,Digos,Davao Region,customer1771@example.com,29/03/2021
CUST101773,Paolo,Garcia,male,Manila,SOCCSKSARGEN,customer1772@example.com,15/08/2021
CUST101774,Paolo,Flores,male,Panabo,Metro Manila,customer1773@example.com,09/09/2020
CUST101775,James,Ramos,F,Digos,Western Visayas,customer1774@example.com,10/06/2023
CUST101776,Ana,Garcia,Female,Panabo,Western Visayas,customer1775@example.com,25/06/2023
CUST101777,Angela,Garcia,F,Panabo,Metro Manila,customer1776@example.com,05/05/2023
CUST101778,Mark,Villanueva,Female,Manila,Metro Manila,customer1777@example.com,29/10/2020
CUST101779,Angela,Torres,M,General Santos,Western Visayas,customer1778@example.com,23/03/2022
CUST101780,Daniel,Garcia,Female,Cebu City,Northern Mindanao,customer1779@example.com,09/06/2021
CUST101781,Juan,Castillo,female,Davao City,Western Visayas,customer1780@example.com,06/10/2023
CUST101782,Angela,Castillo,F,Cagayan de Oro,Western Visayas,customer1781@example.com,29/08/2021
CUST101783,Juan,Villanueva,,General Santos,Northern Mindanao,customer1782@example.com,18/01/2022
CUST101784, Marco ,Bautista,F,Iloilo,Davao Region,customer1783@example.com,28/03/2022
CUST101785,Grace,Rivera,M,General Santos,SOCCSKSARGEN,customer1784@example.com,01/10/2023
CUST101786,John,Ramos,M,Tagum,SOCCSKSARGEN,customer1785@example.com,18/06/2023
CUST101787,Mark,Dela Cruz,Female,Cebu City,SOCCSKSARGEN,customer1786@example.com,15/01/2024
CUST101788,Maria,Villanueva,F,Tagum,Davao Region,customer1787@example.com,09/02/2022
CUST101789,Miguel,Dela Cruz,F,Iloilo,SOCCSKSARGEN,customer1788@example.com,15/01/2024
CUST101790,James,Dela Cruz,Male,Digos,SOCCSKSARGEN,customer1789@example.com,16/04/2024
CUST101791,Kevin,Villanueva,F,Manila,Western Visayas,customer1790@example.com,01/08/2022
CUST101792,Luis,Gonzales,F,Cebu City,Central Visayas,customer1791@example.com,08/05/2023
CUST101793,Angela,Mendoza,male,General Santos,Metro Manila,customer1792@example.com,25/06/2024
CUST101794,Carlo,Castillo,Male,Cagayan de Oro,Central Visayas,customer1793@example.com,18/02/2024
CUST101795,Miguel,Gonzales,Female,Tagum,Davao Region,customer1794@example.com,12/05/2021
CUST101796,John,Bautista,F,Davao City,Metro Manila,customer1795@example.com,13/07/2023
CUST101797,Marco,Santos,,Manila,Northern Mindanao,customer1796@example.com,13/03/2022
CUST101798,Mark,Aquino,M,Iloilo,Northern Mindanao,customer1797@example.com,24/09/2020
CUST101799,Miguel,Cruz,M,Quezon City,Davao Region,customer1798@example.com,31/10/2021
CUST101800,Liza,Villanueva,M,Digos,Central Visayas,customer1799@example.com,26/10/2024
CUST101801,Maria,Reyes,F,Digos,Davao Region,customer1800@example.com,20/09/2024
CUST101802,Miguel,Rivera,Male,Digos,SOCCSKSARGEN,customer1801@example.com,16/11/2023
CUST101803,Miguel,Cruz,Female,Manila,SOCCSKSARGEN,,17/11/2024
CUST101804,Carlo,Torres,F,Cebu City,Western Visayas,customer1803@example.com,27/10/2022
CUST101805,Ana,Garcia,M,Manila,Northern Mindanao,customer1804@example.com,25/09/2023
CUST101806,Juan,Villanueva,Male,Iloilo,Davao Region,customer1805@example.com,24/10/2020
CUST101807,Juan,Torres,,Digos,Metro Manila,customer1806@example.com,21/06/2021
CUST101808,Miguel,Castillo,M,Cebu City,Western Visayas,customer1807@example.com,06/11/2020
CUST101809,Maria,Reyes,M,Cagayan de Oro,Davao Region,customer1808@example.com,14/08/2024
CUST101810,Marco,Flores,M,Iloilo,SOCCSKSARGEN,customer1809@example.com,10/01/2023
CUST101811,John,Gonzales,F,Digos,Central Visayas,customer1810@example.com,05/08/2024
CUST101812,Daniel,Gonzales,M,Tagum,Western Visayas,customer1811@example.com,19/01/2022
CUST101813,Daniel,Garcia,F,Digos,Davao Region,,27/12/2021
CUST101814,Miguel,Torres,Male,Cebu City,Central Visayas,customer1813@example.com,01/05/2023
CUST101815,Luis,Torres,F,Iloilo,Central Visayas,customer1814@example.com,19/10/2022
CUST101816,Ana,Ramos,F,Quezon City,Davao Region,customer1815@example.com,01/11/2021
CUST101817,John,Navarro,M,Davao City,Western Visayas,customer1816@example.com,25/07/2021
CUST101818,Carlo,Reyes,female,Cagayan de Oro,SOCCSKSARGEN,customer1817@example.com,12/07/2022
CUST101819,Ana,Bautista,F,Tagum,Metro Manila,customer1818@example.com,15/05/2020
CUST101820,Carlo,Garcia,F,Digos,Central Visayas,customer1819@example.com,04/12/2020
CUST101821,Angela,Mendoza,M,Iloilo,Metro Manila,customer1820@example.com,19/03/2020
CUST101822,James,Villanueva,Male,Iloilo,Central Visayas,customer1821@example.com,06/10/2020
CUST101823,Angela,Castillo,male,Tagum,Central Visayas,customer1822@example.com,23/12/2020
CUST101824,Luis,Torres,M,Tagum,Western Visayas,customer1823@example.com,16/05/2020
CUST101825,James,Gonzales,M,Cebu City,Metro Manila,customer1824@example.com,09/04/2020
CUST101826,Ella,Torres,M,General Santos,Northern Mindanao,,15/01/2024
CUST101827,Ana,Ramos,Male,General Santos,Central Visayas,customer1826@example.com,24/11/2020
CUST101828,Marco,Garcia,female,Quezon City,SOCCSKSARGEN,customer1827@example.com,26/09/2022
CUST101829,Nicole,Cruz,F,Iloilo,Metro Manila,customer1828@example.com,26/06/2020
CUST101830,Marco,Flores,F,Iloilo,Davao Region,customer1829@example.com,31/08/2024
CUST101831,Paolo,Ramos,Female,Manila,SOCCSKSARGEN,customer1830@example.com,06/03/2021
CUST101832,Marco,Bautista,Female,Iloilo,Western Visayas,customer1831@example.com,11/09/2023
CUST101833,Kevin,Torres,M,Manila,Northern Mindanao,customer1832@example.com,28/02/2023
CUST101834,Maria,Gonzales,M,Quezon City,SOCCSKSARGEN,customer1833@example.com,15/10/2023
CUST101835,Sofia,Ramos,F,Cagayan de Oro,SOCCSKSARGEN,customer1834@example.com,06/02/2023
CUST101836,Ana,Reyes,Female,Davao City,SOCCSKSARGEN,customer1835@example.com,05/07/2022
CUST101837,Ella,Castillo,Male,Quezon City,Central Visayas,customer1836@example.com,21/10/2023
CUST101838, Angela ,Ramos,Male,Iloilo,SOCCSKSARGEN,customer1837@example.com,07/01/2024
CUST101839,John,Torres,male,Digos,Western Visayas,customer1838@example.com,14/11/2021
CUST101840,Kevin,Flores,M,General Santos,SOCCSKSARGEN,customer1839@example.com,22/08/2024
CUST101841,Sofia,Dela Cruz,F,Cagayan de Oro,Metro Manila,customer1840@example.com,12/11/2024
CUST101842,Maria,Ramos,M,Cebu City,Northern Mindanao,customer1841@example.com,23/07/2023
CUST101843,Patricia,Ramos,male,Cebu City,Northern Mindanao,customer1842@example.com,30/07/2024
CUST101844,Patricia,Flores,F,Digos,SOCCSKSARGEN,customer1843@example.com,09/07/2020
CUST101845,Grace,Dela Cruz,M,Quezon City,Metro Manila,customer1844@example.com,30/08/2022
CUST101846,Nicole,Torres,M,Quezon City,SOCCSKSARGEN,customer1845@example.com,17/03/2023
CUST101847,Sofia,Flores,Female,Iloilo,Metro Manila,customer1846@example.com,27/07/2024
CUST101848,Liza,Flores,Female,Cagayan de Oro,Metro Manila,customer1847@example.com,04/08/2020
CUST101849,Liza,Dela Cruz,Male,Davao City,Davao Region,customer1848@example.com,21/12/2023
CUST101850,Mark,Ramos,M,Quezon City,Central Visayas,customer1849@example.com,19/05/2020
CUST101851,Maria,Garcia,female,Davao City,Metro Manila,customer1850@example.com,06/10/2021
CUST101852,Carlo,Navarro,Female,Tagum,Davao Region,customer1851@example.com,01/06/2023
CUST101853,Miguel,Reyes,Male,Panabo,Davao Region,customer1852@example.com,07/06/2021
CUST101854,Mark,Flores,Male,Tagum,Metro Manila,customer1853@example.com,11/02/2024
CUST101855,Ana,Bautista,female,Manila,Northern Mindanao,customer1854@example.com,01/08/2024
CUST101856,Luis,Villanueva,female,General Santos,Western Visayas,customer1855@example.com,12/10/2020
CUST101857,Paolo,Castillo,F,Panabo,Central Visayas,customer1856@example.com,09/04/2021
CUST101858,Kevin,Castillo,F,Davao City,Central Visayas,customer1857@example.com,13/05/2020
CUST101859,Liza,Reyes,F,Panabo,Davao Region,customer1858@example.com,02/07/2023
CUST101860,Grace,Mendoza,male,Cebu City,Central Visayas,customer1859@example.com,14/05/2024
CUST101861,Grace,Aquino,Male,Manila,Metro Manila,customer1860@example.com,18/12/2022
CUST101862,Carlo,Bautista,M,Panabo,Metro Manila,customer1861@example.com,25/08/2020
CUST101863,Patricia,Ramos,M,Davao City,Northern Mindanao,customer1862@example.com,08/11/2020
CUST101864,Paolo,Villanueva,female,Cagayan de Oro,Davao Region,customer1863@example.com,04/03/2020
CUST101865,Patricia,Dela Cruz,female,Manila,SOCCSKSARGEN,customer1864@example.com,31/05/2022
CUST101866,Sofia,Cruz,female,Davao City,SOCCSKSARGEN,customer1865@example.com,21/07/2023
CUST101867,Ana,Reyes,F,Manila,SOCCSKSARGEN,customer1866@example.com,27/09/2020
CUST101868,James,Ramos,Female,Tagum,Northern Mindanao,customer1867@example.com,05/03/2024
CUST101869,Juan,Aquino,male,Panabo,Metro Manila,customer1868@example.com,30/03/2021
CUST101870,James,Dela Cruz,F,Cebu City,Davao Region,customer1869@example.com,15/07/2022
CUST101871,Juan,Bautista,M,Davao City,SOCCSKSARGEN,,16/04/2023
CUST101872,John,Castillo,,Digos,Davao Region,customer1871@example.com,29/08/2022
CUST101873,Nicole,Mendoza,M,Tagum,Central Visayas,customer1872@example.com,10/05/2022
CUST101874,Ella,Garcia,F,Panabo,SOCCSKSARGEN,customer1873@example.com,29/08/2021
CUST101875,Sofia,Castillo,Male,Manila,Western Visayas,customer1874@example.com,13/02/2022
CUST101876,Ana,Aquino,Male,Panabo,SOCCSKSARGEN,customer1875@example.com,05/03/2021
CUST101877,John,Cruz,M,Davao City,Central Visayas,customer1876@example.com,14/06/2021
CUST101878,Luis,Dela Cruz,Female,Panabo,Davao Region,customer1877@example.com,21/09/2023
CUST101879,Grace,Flores,M,Davao City,Davao Region,customer1878@example.com,07/05/2024
CUST101880,Ana,Navarro,male,Cebu City,Davao Region,customer1879@example.com,08/03/2024
CUST101881,Paolo,Cruz,M,Iloilo,Davao Region,customer1880@example.com,18/08/2021
CUST101882,Carlo,Rivera,Male,Tagum,Central Visayas,customer1881@example.com,01/08/2021
CUST101883,Mark,Torres,Female,Manila,Davao Region,customer1882@example.com,14/04/2020
CUST101884,Patricia,Torres,M,Digos,Northern Mindanao,customer1883@example.com,07/05/2021
CUST101885,Nicole,Santos,M,Davao City,Central Visayas,customer1884@example.com,20/11/2022
CUST101886,Mark,Gonzales,Female,Cebu City,Western Visayas,customer1885@example.com,27/04/2021
CUST101887,Daniel,Garcia,M,Panabo,Western Visayas,,13/08/2023
CUST101888,Sofia,Rivera,M,Cagayan de Oro,Davao Region,customer1887@example.com,01/04/2020
CUST101889,Maria,Flores,F,Cagayan de Oro,SOCCSKSARGEN,customer1888@example.com,11/01/2022
CUST101890,Sofia,Villanueva,female,Cagayan de Oro,Metro Manila,customer1889@example.com,20/05/2021
CUST101891,Mark,Cruz,F,Tagum,Central Visayas,customer1890@example.com,08/06/2022
CUST101892,John,Cruz,F,Panabo,Central Visayas,customer1891@example.com,16/02/2020
CUST101893,Luis,Bautista,,Manila,SOCCSKSARGEN,customer1892@example.com,23/01/2022
CUST101894,Grace,Villanueva,F,Iloilo,Central Visayas,customer1893@example.com,20/11/2023
CUST101895,Ana,Navarro,F,Davao City,Northern Mindanao,customer1894@example.com,22/03/2024
CUST101896,Luis,Santos,F,General Santos,Central Visayas,customer1895@example.com,05/04/2021
CUST101897,Kevin,Rivera,F,Quezon City,Davao Region,customer1896@example.com,10/02/2022
CUST101898,Luis,Torres,F,Panabo,Davao Region,customer1897@example.com,27/05/2023
CUST101899,Grace,Gonzales,Male,General Santos,Northern Mindanao,customer1898@example.com,14/04/2022
CUST101900,Angela,Villanueva,M,Iloilo,Northern Mindanao,customer1899@example.com,04/09/2022
CUST101901,Liza,Villanueva,Male,Iloilo,Central Visayas,customer1900@example.com,06/09/2021
CUST101902, Liza ,Castillo,M,Cebu City,Davao Region,customer1901@example.com,16/02/2024
CUST101903,Grace,Aquino,F,Cebu City,Metro Manila,customer1902@example.com,10/02/2023
CUST101904,John,Navarro,M,Cebu City,Davao Region,customer1903@example.com,24/09/2024
CUST101905,Angela,Santos,F,Panabo,Northern Mindanao,customer1904@example.com,04/11/2023
CUST101906,John,Torres,Female,Quezon City,SOCCSKSARGEN,customer1905@example.com,23/10/2021
CUST101907,Carlo,Castillo,F,Davao City,Davao Region,customer1906@example.com,13/08/2021
CUST101908,Mark,Bautista,M,Davao City,Northern Mindanao,customer1907@example.com,08/06/2020
CUST101909,Juan,Navarro,M,Cebu City,Metro Manila,customer1908@example.com,25/01/2023
CUST101910,Ella,Castillo,male,Quezon City,Northern Mindanao,customer1909@example.com,11/09/2023
CUST101911,Maria,Santos,M,Quezon City,Northern Mindanao,customer1910@example.com,29/09/2021
CUST101912,Luis,Flores,Female,Cebu City,Davao Region,customer1911@example.com,08/02/2020
CUST101913,Juan,Navarro,F,Digos,Central Visayas,customer1912@example.com,25/01/2024
CUST101914,James,Gonzales,M,Digos,Western Visayas,customer1913@example.com,05/02/2021
CUST101915,Angela,Dela Cruz,Female,General Santos,Metro Manila,customer1914@example.com,14/11/2022
CUST101916,Liza,Garcia,F,Panabo,SOCCSKSARGEN,customer1915@example.com,05/04/2020
CUST101917,Carlo,Mendoza,M,General Santos,Western Visayas,customer1916@example.com,22/04/2020
CUST101918,Miguel,Cruz,female,Tagum,Western Visayas,customer1917@example.com,04/06/2024
CUST101919,Miguel,Navarro,M,Digos,Central Visayas,customer1918@example.com,25/04/2023
CUST101920,Liza,Aquino,F,Iloilo,Metro Manila,customer1919@example.com,10/01/2020
CUST101921,Paolo,Bautista,F,Manila,Metro Manila,customer1920@example.com,30/06/2020
CUST101922,Liza,Rivera,F,Tagum,Western Visayas,,05/06/2022
CUST101923,Patricia,Reyes,Female,Panabo,Metro Manila,customer1922@example.com,09/05/2023
CUST101924,Sofia,Garcia,M,Panabo,Central Visayas,customer1923@example.com,02/02/2022
CUST101925, Paolo ,Dela Cruz,female,Panabo,Davao Region,customer1924@example.com,19/04/2024
CUST101926,Ana,Garcia,Male,Cebu City,SOCCSKSARGEN,customer1925@example.com,20/03/2023
CUST101927,Paolo,Villanueva,female,Quezon City,Central Visayas,customer1926@example.com,10/01/2023
CUST101928,Ana,Cruz,male,Manila,Western Visayas,customer1927@example.com,05/06/2021
CUST101929,Mark,Santos,female,General Santos,Western Visayas,customer1928@example.com,12/05/2023
CUST101930,Marco,Villanueva,Male,Tagum,Davao Region,customer1929@example.com,21/04/2024
CUST101931,Maria,Rivera,F,Tagum,Metro Manila,customer1930@example.com,29/03/2020
CUST101932,Miguel,Garcia,F,Quezon City,Central Visayas,customer1931@example.com,14/08/2023
CUST101933,Patricia,Mendoza,Male,Cebu City,Northern Mindanao,customer1932@example.com,02/05/2024
CUST101934,Marco,Navarro,F,Cagayan de Oro,Northern Mindanao,customer1933@example.com,17/02/2022
CUST101935,Ana,Navarro,Female,Cagayan de Oro,Metro Manila,customer1934@example.com,10/10/2023
CUST101936,Mark,Rivera,M,Quezon City,Davao Region,customer1935@example.com,06/10/2021
CUST101937,Paolo,Torres,male,Quezon City,Metro Manila,customer1936@example.com,13/12/2020
CUST101938,Kevin,Santos,M,Davao City,SOCCSKSARGEN,customer1937@example.com,08/01/2024
CUST101939,Marco,Torres,female,Digos,Davao Region,customer1938@example.com,14/07/2021
CUST101940,John,Navarro,M,Davao City,Davao Region,customer1939@example.com,24/09/2023
CUST101941,Mark,Navarro,M,Digos,Davao Region,customer1940@example.com,21/07/2021
CUST101942,Carlo,Navarro,male,Cebu City,Western Visayas,customer1941@example.com,19/12/2021
CUST101943,Luis,Gonzales,male,Panabo,SOCCSKSARGEN,customer1942@example.com,18/05/2023
CUST101944,Juan,Bautista,Female,Tagum,SOCCSKSARGEN,customer1943@example.com,06/09/2021
CUST101945,Paolo,Dela Cruz,,General Santos,Davao Region,customer1944@example.com,25/12/2023
CUST101946,Ana,Mendoza,M,Cagayan de Oro,Central Visayas,customer1945@example.com,10/03/2020
CUST101947,Mark,Aquino,male,Manila,Davao Region,customer1946@example.com,22/01/2020
CUST101948,Ella,Torres,F,Davao City,Central Visayas,customer1947@example.com,27/05/2020
CUST101949,Juan,Torres,F,Panabo,Northern Mindanao,customer1948@example.com,06/04/2021
CUST101950,Angela,Cruz,F,Manila,Metro Manila,customer1949@example.com,07/04/2020
CUST101951,Ella,Dela Cruz,M,Cebu City,SOCCSKSARGEN,customer1950@example.com,16/11/2021
CUST101952,Nicole,Castillo,F,Quezon City,Western Visayas,customer1951@example.com,13/02/2020
CUST101953,Maria,Villanueva,Female,Quezon City,Davao Region,customer1952@example.com,23/09/2023
CUST101954,Miguel,Bautista,M,Quezon City,Northern Mindanao,customer1953@example.com,02/10/2020
CUST101955,Marco,Dela Cruz,female,Cagayan de Oro,Northern Mindanao,customer1954@example.com,15/10/2024
CUST101956,Sofia,Cruz,F,Iloilo,Northern Mindanao,customer1955@example.com,22/03/2024
CUST101957,Liza,Cruz,M,General Santos,Central Visayas,customer1956@example.com,03/06/2023
CUST101958,Liza,Torres,Male,Iloilo,Metro Manila,customer1957@example.com,07/12/2023
CUST101959,Daniel,Navarro,M,Digos,Western Visayas,customer1958@example.com,26/10/2023
CUST101960,Mark,Gonzales,M,General Santos,SOCCSKSARGEN,customer1959@example.com,02/03/2024
CUST101961,Patricia,Gonzales,Male,Cebu City,Western Visayas,customer1960@example.com,26/09/2022
CUST101962,Marco,Santos,M,Digos,Northern Mindanao,customer1961@example.com,27/01/2023
CUST101963,Ana,Castillo,M,Tagum,Northern Mindanao,customer1962@example.com,24/04/2022
CUST101964,Patricia,Dela Cruz,Female,Quezon City,Central Visayas,customer1963@example.com,28/01/2023
CUST101965,Patricia,Garcia,M,General Santos,Western Visayas,customer1964@example.com,17/11/2021
CUST101966,Grace,Navarro,male,Iloilo,SOCCSKSARGEN,,11/08/2020
CUST101967,Paolo,Santos,Female,Digos,Central Visayas,customer1966@example.com,03/08/2024
CUST101968,Miguel,Mendoza,M,Iloilo,Northern Mindanao,customer1967@example.com,12/06/2023
CUST101969, Patricia ,Navarro,F,Cebu City,Davao Region,customer1968@example.com,22/06/2023
CUST101970,Mark,Dela Cruz,M,Manila,Davao Region,customer1969@example.com,19/05/2021
CUST101971,Patricia,Ramos,Male,Manila,Metro Manila,customer1970@example.com,19/10/2023
CUST101972,Ella,Flores,M,Panabo,Metro Manila,customer1971@example.com,23/07/2022
CUST101973,Daniel,Bautista,female,Quezon City,Metro Manila,customer1972@example.com,17/05/2020
CUST101974,Angela,Cruz,M,Iloilo,Davao Region,customer1973@example.com,14/09/2024
CUST101975,Kevin,Santos,Male,Cebu City,Central Visayas,customer1974@example.com,20/11/2024
CUST101976,Maria,Navarro,M,Iloilo,Northern Mindanao,customer1975@example.com,16/04/2024
CUST101977,Ella,Dela Cruz,M,Quezon City,Central Visayas,customer1976@example.com,04/05/2022
CUST101978,Angela,Castillo,F,Cebu City,Metro Manila,customer1977@example.com,23/02/2021
CUST101979,Maria,Reyes,F,General Santos,Northern Mindanao,customer1978@example.com,20/01/2020
CUST101980,James,Ramos,,Quezon City,Metro Manila,customer1979@example.com,18/08/2023
CUST101981,Daniel,Rivera,M,Tagum,Northern Mindanao,customer1980@example.com,22/05/2024
CUST101982,Nicole,Reyes,M,Cagayan de Oro,Metro Manila,customer1981@example.com,06/07/2020
CUST101983,Maria,Dela Cruz,F,Quezon City,Central Visayas,customer1982@example.com,16/05/2023
CUST101984,James,Villanueva,F,Iloilo,Central Visayas,customer1983@example.com,18/02/2020
CUST101985,Nicole,Navarro,female,Panabo,Davao Region,customer1984@example.com,29/10/2023
CUST101986,James,Cruz,female,Davao City,Metro Manila,customer1985@example.com,20/02/2020
CUST101987,Patricia,Garcia,female,Digos,SOCCSKSARGEN,customer1986@example.com,21/10/2024
CUST101988,John,Bautista,M,Quezon City,Metro Manila,customer1987@example.com,02/11/2020
CUST101989,John,Villanueva,F,Cagayan de Oro,Western Visayas,customer1988@example.com,21/12/2021
CUST101990,Ella,Mendoza,Female,Davao City,Western Visayas,customer1989@example.com,04/06/2023
CUST101991,Liza,Flores,F,Tagum,Davao Region,customer1990@example.com,03/03/2024
CUST101992,Sofia,Bautista,Male,Digos,Western Visayas,customer1991@example.com,15/10/2021
CUST101993,Carlo,Cruz,M,Digos,Northern Mindanao,customer1992@example.com,30/10/2024
CUST101994,Nicole,Garcia,F,Tagum,Metro Manila,customer1993@example.com,29/01/2020
CUST101995,James,Bautista,male,General Santos,SOCCSKSARGEN,customer1994@example.com,28/04/2022
CUST101996,Juan,Cruz,M,General Santos,SOCCSKSARGEN,customer1995@example.com,13/11/2024
CUST101997,Kevin,Bautista,,Tagum,Central Visayas,customer1996@example.com,08/05/2021
CUST101998,Marco,Flores,F,Panabo,SOCCSKSARGEN,customer1997@example.com,18/08/2022
CUST101999,Carlo,Rivera,M,Cebu City,Metro Manila,customer1998@example.com,11/03/2022
CUST102000,Carlo,Santos,M,Iloilo,Davao Region,customer1999@example.com,09/12/2021
CUST102001,Luis,Rivera,M,Iloilo,Northern Mindanao,customer2000@example.com,13/10/2023
CUST102002,Maria,Garcia,F,Cagayan de Oro,SOCCSKSARGEN,customer2001@example.com,22/07/2022
CUST102003,Paolo,Santos,M,Davao City,SOCCSKSARGEN,customer2002@example.com,08/07/2023
CUST102004,Miguel,Castillo,Male,Quezon City,SOCCSKSARGEN,customer2003@example.com,24/07/2022
CUST102005,James,Navarro,male,Iloilo,Central Visayas,customer2004@example.com,30/11/2024
CUST102006,Ana,Villanueva,F,Panabo,Northern Mindanao,customer2005@example.com,26/04/2022
CUST102007,Sofia,Reyes,M,General Santos,Western Visayas,customer2006@example.com,03/12/2023
CUST102008,Mark,Reyes,F,Davao City,Davao Region,customer2007@example.com,08/01/2023
CUST102009,James,Ramos,Female,Quezon City,SOCCSKSARGEN,customer2008@example.com,13/12/2023
CUST102010,Nicole,Gonzales,F,Manila,Metro Manila,customer2009@example.com,13/05/2024
CUST102011,Miguel,Torres,M,Davao City,Metro Manila,customer2010@example.com,11/02/2021
CUST102012,Paolo,Bautista,F,Manila,Central Visayas,customer2011@example.com,27/06/2021
CUST102013,Mark,Gonzales,F,General Santos,SOCCSKSARGEN,customer2012@example.com,26/06/2021
CUST102014,Ella,Villanueva,F,Cagayan de Oro,Western Visayas,customer2013@example.com,26/05/2022
CUST102015,Nicole,Navarro,M,Panabo,Davao Region,customer2014@example.com,04/06/2022
CUST102016,Angela,Castillo,,Quezon City,Metro Manila,customer2015@example.com,07/01/2020
CUST102017,Sofia,Navarro,M,General Santos,SOCCSKSARGEN,customer2016@example.com,30/05/2024
CUST102018,Grace,Aquino,M,Quezon City,Davao Region,customer2017@example.com,27/03/2024
CUST102019,Grace,Ramos,M,Tagum,Western Visayas,customer2018@example.com,17/12/2022
CUST102020,Miguel,Navarro,F,Cagayan de Oro,Northern Mindanao,customer2019@example.com,04/07/2021
CUST102021,Angela,Torres,F,Digos,Metro Manila,customer2020@example.com,27/01/2024
CUST102022,Daniel,Aquino,M,Iloilo,SOCCSKSARGEN,customer2021@example.com,03/05/2021
CUST102023,Daniel,Bautista,F,Cagayan de Oro,Central Visayas,customer2022@example.com,04/07/2021
CUST102024,Kevin,Gonzales,Male,Manila,Davao Region,customer2023@example.com,30/11/2024
CUST102025,Maria,Ramos,M,Davao City,Davao Region,customer2024@example.com,21/07/2024
CUST102026,Miguel,Reyes,female,Cebu City,Western Visayas,customer2025@example.com,17/11/2022
CUST102027,Nicole,Ramos,F,Tagum,SOCCSKSARGEN,customer2026@example.com,31/10/2020
CUST102028,Marco,Mendoza,M,Digos,Northern Mindanao,customer2027@example.com,09/08/2020
CUST102029,Liza,Santos,female,Panabo,SOCCSKSARGEN,customer2028@example.com,01/10/2024
CUST102030,Angela,Reyes,male,Davao City,Central Visayas,customer2029@example.com,22/04/2021
CUST102031,Kevin,Ramos,F,Cagayan de Oro,Davao Region,customer2030@example.com,11/05/2023
CUST102032,Mark,Rivera,male,Panabo,Metro Manila,customer2031@example.com,27/09/2021
CUST102033,Maria,Navarro,F,Cagayan de Oro,SOCCSKSARGEN,customer2032@example.com,12/06/2022
CUST102034,Daniel,Flores,F,Manila,Northern Mindanao,customer2033@example.com,09/11/2024
CUST102035,Marco,Reyes,male,Tagum,SOCCSKSARGEN,customer2034@example.com,03/12/2022
CUST102036,Patricia,Aquino,Female,Manila,Metro Manila,customer2035@example.com,14/02/2022
CUST102037,Kevin,Santos,M,Panabo,Central Visayas,customer2036@example.com,18/01/2022
CUST102038,Juan,Villanueva,Male,Digos,Western Visayas,customer2037@example.com,18/02/2021
CUST102039,Marco,Villanueva,F,Cagayan de Oro,Central Visayas,customer2038@example.com,28/09/2022
CUST102040,Sofia,Rivera,M,Cebu City,Davao Region,customer2039@example.com,22/10/2022
CUST102041,Carlo,Dela Cruz,,Cebu City,SOCCSKSARGEN,customer2040@example.com,20/06/2020
CUST102042,Luis,Cruz,F,Tagum,Central Visayas,customer2041@example.com,29/12/2021
CUST102043,Grace,Dela Cruz,F,Cagayan de Oro,Metro Manila,,06/03/2023
CUST102044,Grace,Bautista,F,Panabo,Western Visayas,customer2043@example.com,08/04/2020
CUST102045,Carlo,Garcia,F,Panabo,Davao Region,customer2044@example.com,23/10/2024
CUST102046,Marco,Gonzales,M,Iloilo,Western Visayas,customer2045@example.com,29/03/2024
CUST102047,Miguel,Cruz,,Tagum,Central Visayas,customer2046@example.com,20/02/2023
CUST102048,Liza,Santos,Male,General Santos,Metro Manila,customer2047@example.com,29/01/2020
CUST102049,James,Garcia,Male,General Santos,Central Visayas,customer2048@example.com,21/07/2022
CUST102050,Daniel,Bautista,F,Panabo,Western Visayas,customer2049@example.com,05/06/2024
CUST102051,Mark,Ramos,M,Manila,Northern Mindanao,customer2050@example.com,10/02/2020
CUST102052,Angela,Mendoza,M,General Santos,Davao Region,customer2051@example.com,26/11/2023
CUST102053,Paolo,Aquino,F,Manila,Central Visayas,customer2052@example.com,19/02/2024
CUST102054,Ella,Aquino,M,Digos,Davao Region,customer2053@example.com,16/05/2020
CUST102055,Grace,Navarro,Male,Quezon City,Northern Mindanao,customer2054@example.com,18/02/2021
CUST102056,Paolo,Navarro,male,Manila,Metro Manila,customer2055@example.com,26/07/2023
CUST102057,Grace,Reyes,F,Digos,Western Visayas,customer2056@example.com,28/06/2024
CUST102058,Grace,Dela Cruz,F,Iloilo,Western Visayas,customer2057@example.com,19/10/2023
CUST102059,Paolo,Navarro,Male,Quezon City,Northern Mindanao,customer2058@example.com,04/08/2022
CUST102060,Sofia,Cruz,M,Cagayan de Oro,Western Visayas,customer2059@example.com,20/12/2022
CUST102061,Luis,Flores,female,Davao City,Central Visayas,customer2060@example.com,02/08/2022
CUST102062,Kevin,Reyes,F,Cagayan de Oro,Northern Mindanao,customer2061@example.com,05/11/2022
CUST102063,Ana,Bautista,M,Cebu City,Western Visayas,customer2062@example.com,18/10/2023
CUST102064,Grace,Reyes,M,Digos,Metro Manila,customer2063@example.com,30/03/2020
CUST102065,Kevin,Reyes,female,Tagum,Central Visayas,customer2064@example.com,12/01/2021
CUST102066,Liza,Aquino,M,Cagayan de Oro,Metro Manila,customer2065@example.com,17/04/2020
CUST102067,Grace,Garcia,Male,Quezon City,Western Visayas,customer2066@example.com,04/12/2023
CUST102068,Ella,Mendoza,M,Digos,Northern Mindanao,,02/08/2023
CUST102069,Angela,Mendoza,M,General Santos,Davao Region,customer2068@example.com,05/04/2020
CUST102070,Sofia,Garcia,male,Davao City,Metro Manila,customer2069@example.com,09/07/2020
CUST102071,Mark,Bautista,M,Manila,Davao Region,customer2070@example.com,21/04/2021
CUST102072,Nicole,Castillo,M,Quezon City,Metro Manila,customer2071@example.com,11/03/2021
CUST102073,Sofia,Garcia,F,Manila,Central Visayas,customer2072@example.com,23/07/2022
CUST102074,Angela,Aquino,male,General Santos,Northern Mindanao,customer2073@example.com,16/06/2022
CUST102075,Daniel,Castillo,F,Davao City,Metro Manila,customer2074@example.com,05/10/2021
CUST102076,Sofia,Navarro,M,General Santos,Central Visayas,customer2075@example.com,22/10/2020
CUST102077,Miguel,Ramos,,Iloilo,Central Visayas,customer2076@example.com,14/03/2023
CUST102078,Sofia,Gonzales,Male,Davao City,Northern Mindanao,customer2077@example.com,22/11/2023
CUST102079,Carlo,Flores,male,Panabo,Western Visayas,customer2078@example.com,26/02/2023
CUST102080,Ana,Torres,Female,Quezon City,SOCCSKSARGEN,customer2079@example.com,24/12/2023
CUST102081,Patricia,Navarro,Male,Cagayan de Oro,Metro Manila,customer2080@example.com,03/07/2024
CUST102082,Maria,Villanueva,F,Tagum,Northern Mindanao,customer2081@example.com,24/02/2024
CUST102083,Angela,Castillo,F,Davao City,SOCCSKSARGEN,,18/03/2023
CUST102084,Daniel,Reyes,Female,General Santos,Davao Region,customer2083@example.com,30/03/2020
CUST102085,Ana,Flores,Female,Cagayan de Oro,Northern Mindanao,customer2084@example.com,25/08/2021
CUST102086,Daniel,Castillo,female,Quezon City,Davao Region,customer2085@example.com,09/02/2022
CUST102087,Grace,Garcia,F,Quezon City,SOCCSKSARGEN,customer2086@example.com,06/07/2023
CUST102088,Daniel,Rivera,M,General Santos,Davao Region,customer2087@example.com,04/03/2024
CUST102089,Angela,Bautista,F,General Santos,Metro Manila,customer2088@example.com,26/02/2023
CUST102090,Juan,Villanueva,Male,Iloilo,Northern Mindanao,customer2089@example.com,15/10/2021
CUST102091,Luis,Reyes,F,Manila,Northern Mindanao,customer2090@example.com,18/11/2023
CUST102092,Angela,Ramos,Female,Panabo,Metro Manila,customer2091@example.com,06/06/2023
CUST102093,Patricia,Navarro,F,Cebu City,Western Visayas,customer2092@example.com,07/12/2023
CUST102094, Mark ,Aquino,M,Manila,Davao Region,customer2093@example.com,26/11/2022
CUST102095,Mark,Villanueva,F,Panabo,Davao Region,customer2094@example.com,10/03/2023
CUST102096,James,Mendoza,Male,Iloilo,Northern Mindanao,customer2095@example.com,16/09/2021
CUST102097,Ella,Navarro,female,Panabo,SOCCSKSARGEN,customer2096@example.com,20/12/2021
CUST102098,Luis,Aquino,F,Cagayan de Oro,Davao Region,customer2097@example.com,12/05/2021
CUST102099,James,Bautista,F,General Santos,Northern Mindanao,customer2098@example.com,07/04/2021
CUST102100,John,Bautista,F,Cebu City,Central Visayas,customer2099@example.com,20/03/2023
CUST102101,Ella,Mendoza,F,Iloilo,Northern Mindanao,customer2100@example.com,21/11/2021
CUST102102,Daniel,Rivera,M,Digos,Davao Region,customer2101@example.com,28/08/2020
CUST102103,Mark,Santos,female,Digos,Metro Manila,customer2102@example.com,04/03/2020
CUST102104, Ana ,Flores,female,Manila,Metro Manila,customer2103@example.com,28/03/2024
CUST102105,Luis,Ramos,F,Iloilo,Northern Mindanao,customer2104@example.com,22/02/2022
CUST102106,Carlo,Santos,F,Iloilo,Western Visayas,customer2105@example.com,03/11/2022
CUST102107,James,Flores,M,Manila,Davao Region,customer2106@example.com,16/06/2024
CUST102108,Ana,Ramos,F,Manila,Western Visayas,customer2107@example.com,19/07/2020
CUST102109,Carlo,Ramos,F,Manila,Northern Mindanao,customer2108@example.com,14/08/2024
CUST102110,Carlo,Reyes,Female,Iloilo,Northern Mindanao,customer2109@example.com,20/06/2023
CUST102111,Carlo,Dela Cruz,M,Davao City,Northern Mindanao,customer2110@example.com,26/02/2023
CUST102112,Daniel,Garcia,Female,Cagayan de Oro,SOCCSKSARGEN,customer2111@example.com,15/02/2022
CUST102113,Ella,Aquino,M,Davao City,Metro Manila,customer2112@example.com,25/06/2023
CUST102114,Ella,Mendoza,Male,Cagayan de Oro,Western Visayas,customer2113@example.com,02/01/2021
CUST102115,Grace,Ramos,Male,Digos,Northern Mindanao,customer2114@example.com,27/06/2021
CUST102116,John,Castillo,M,Digos,Davao Region,customer2115@example.com,25/09/2024
CUST102117,Marco,Bautista,F,Quezon City,Davao Region,customer2116@example.com,11/05/2021
CUST102118,Liza,Cruz,male,Manila,Central Visayas,customer2117@example.com,19/07/2023
CUST102119,Liza,Gonzales,Male,Cagayan de Oro,Northern Mindanao,,01/08/2024
CUST102120,Grace,Cruz,M,Quezon City,Western Visayas,customer2119@example.com,03/12/2022
CUST102121,James,Santos,F,Davao City,Western Visayas,customer2120@example.com,19/06/2021
CUST102122,Marco,Santos,F,Cebu City,Northern Mindanao,customer2121@example.com,07/03/2024
CUST102123,Kevin,Garcia,Male,Tagum,Central Visayas,customer2122@example.com,27/01/2024
CUST102124,Nicole,Villanueva,Male,Panabo,Central Visayas,customer2123@example.com,05/09/2022
CUST102125,Grace,Garcia,M,Tagum,Western Visayas,customer2124@example.com,25/07/2020
CUST102126,Carlo,Castillo,Male,Cagayan de Oro,Metro Manila,customer2125@example.com,05/03/2022
CUST102127,Angela,Torres,Female,Cebu City,Metro Manila,customer2126@example.com,15/02/2022
CUST102128,Nicole,Santos,Female,Manila,Davao Region,customer2127@example.com,07/12/2020
CUST102129,Maria,Flores,M,General Santos,Central Visayas,customer2128@example.com,24/12/2021
CUST102130,Angela,Santos,F,Iloilo,SOCCSKSARGEN,customer2129@example.com,03/10/2020
CUST102131,Grace,Flores,F,Digos,Central Visayas,customer2130@example.com,31/05/2023
CUST102132,Marco,Navarro,M,Tagum,Northern Mindanao,customer2131@example.com,16/02/2022
CUST102133,Liza,Navarro,F,Davao City,Northern Mindanao,customer2132@example.com,07/08/2023
CUST102134,Paolo,Dela Cruz,M,Tagum,Davao Region,customer2133@example.com,31/03/2022
CUST102135,Sofia,Bautista,M,General Santos,Western Visayas,customer2134@example.com,08/07/2023
CUST102136,Daniel,Ramos,Male,General Santos,Davao Region,customer2135@example.com,12/08/2023
CUST102137,Liza,Dela Cruz,M,Quezon City,Metro Manila,customer2136@example.com,15/10/2020
CUST102138,Juan,Torres,Female,Tagum,Central Visayas,customer2137@example.com,06/03/2022
CUST102139,Liza,Reyes,M,Panabo,Davao Region,,11/09/2023
CUST102140,Sofia,Gonzales,F,Iloilo,SOCCSKSARGEN,customer2139@example.com,03/12/2022
CUST102141,Grace,Bautista,F,Davao City,Western Visayas,customer2140@example.com,02/02/2021
CUST102142,Luis,Dela Cruz,Female,General Santos,Western Visayas,customer2141@example.com,07/02/2024
CUST102143,Marco,Aquino,Female,Tagum,SOCCSKSARGEN,customer2142@example.com,25/12/2020
CUST102144,Nicole,Aquino,F,Cagayan de Oro,SOCCSKSARGEN,customer2143@example.com,23/11/2024
CUST102145,Paolo,Ramos,Male,Iloilo,Western Visayas,customer2144@example.com,26/06/2023
CUST102146,Sofia,Santos,M,Panabo,Metro Manila,customer2145@example.com,03/08/2021
CUST102147,Mark,Gonzales,F,Digos,Western Visayas,customer2146@example.com,16/12/2020
CUST102148,Ella,Rivera,M,General Santos,Central Visayas,customer2147@example.com,11/06/2024
CUST102149,Patricia,Rivera,F,Manila,Northern Mindanao,customer2148@example.com,31/07/2022
CUST102150,Luis,Rivera,M,Iloilo,Central Visayas,customer2149@example.com,21/12/2023
CUST102151,Angela,Gonzales,female,Davao City,Central Visayas,customer2150@example.com,06/02/2024
CUST102152, Angela ,Castillo,F,General Santos,Davao Region,customer2151@example.com,02/05/2020
CUST102153,Luis,Santos,F,Manila,SOCCSKSARGEN,customer2152@example.com,15/05/2023
CUST102154,Liza,Flores,F,Davao City,SOCCSKSARGEN,customer2153@example.com,24/08/2021
CUST102155,Grace,Garcia,M,Quezon City,Central Visayas,customer2154@example.com,21/06/2024
CUST102156,Miguel,Garcia,M,Panabo,Central Visayas,customer2155@example.com,29/01/2021
CUST102157,Sofia,Villanueva,female,Cagayan de Oro,SOCCSKSARGEN,customer2156@example.com,01/03/2020
CUST102158,Nicole,Villanueva,Female,Iloilo,Central Visayas,customer2157@example.com,10/04/2023
CUST102159,Patricia,Navarro,M,Cebu City,Western Visayas,customer2158@example.com,20/09/2022
CUST102160,Angela,Castillo,Female,Iloilo,Metro Manila,customer2159@example.com,26/09/2022
CUST102161,Patricia,Cruz,F,Cebu City,Northern Mindanao,customer2160@example.com,18/04/2021
CUST102162,John,Garcia,M,Panabo,Western Visayas,customer2161@example.com,09/06/2022
CUST102163,Sofia,Villanueva,F,Cebu City,Northern Mindanao,customer2162@example.com,01/10/2024
CUST102164,Ella,Flores,M,Cebu City,Northern Mindanao,customer2163@example.com,06/10/2023
CUST102165,Marco,Navarro,M,Digos,Western Visayas,customer2164@example.com,07/11/2024
CUST102166,Ella,Flores,Male,Davao City,Western Visayas,customer2165@example.com,22/08/2021
CUST102167,Angela,Garcia,M,Cebu City,SOCCSKSARGEN,customer2166@example.com,15/04/2024
CUST102168,Patricia,Villanueva,female,Cagayan de Oro,Western Visayas,customer2167@example.com,19/11/2021
CUST102169,Ella,Bautista,Male,Manila,Davao Region,customer2168@example.com,11/08/2024
CUST102170,Marco,Aquino,male,Tagum,SOCCSKSARGEN,customer2169@example.com,07/04/2024
CUST102171,Juan,Mendoza,Male,Cagayan de Oro,Central Visayas,customer2170@example.com,23/10/2020
CUST102172,Grace,Aquino,male,Quezon City,Davao Region,customer2171@example.com,15/10/2024
CUST102173,Marco,Rivera,F,Quezon City,Metro Manila,customer2172@example.com,29/12/2022
CUST102174,James,Aquino,F,Iloilo,Northern Mindanao,customer2173@example.com,29/10/2023
CUST102175,John,Flores,F,Panabo,Central Visayas,customer2174@example.com,08/11/2022
CUST102176,James,Dela Cruz,female,Tagum,Central Visayas,customer2175@example.com,25/01/2021
CUST102177,Ana,Navarro,M,Cagayan de Oro,Davao Region,customer2176@example.com,07/11/2024
CUST102178,Miguel,Mendoza,F,General Santos,SOCCSKSARGEN,customer2177@example.com,21/07/2020
CUST102179,Nicole,Ramos,Female,Panabo,Metro Manila,customer2178@example.com,27/12/2023
CUST102180,Miguel,Santos,F,Tagum,SOCCSKSARGEN,customer2179@example.com,11/01/2021
CUST102181, Daniel ,Garcia,male,Tagum,Central Visayas,customer2180@example.com,15/11/2023
CUST102182,John,Bautista,F,Digos,Metro Manila,customer2181@example.com,30/01/2022
CUST102183,Nicole,Torres,M,Manila,Western Visayas,customer2182@example.com,01/03/2021
CUST102184,Nicole,Torres,F,Davao City,Northern Mindanao,customer2183@example.com,02/03/2021
CUST102185,Nicole,Navarro,F,Tagum,SOCCSKSARGEN,customer2184@example.com,29/07/2021
CUST102186,Carlo,Flores,M,Panabo,Northern Mindanao,customer2185@example.com,09/06/2024
CUST102187,Angela,Bautista,M,Quezon City,SOCCSKSARGEN,customer2186@example.com,16/10/2023
CUST102188,Carlo,Garcia,M,Iloilo,Metro Manila,customer2187@example.com,22/04/2023
CUST102189,Miguel,Bautista,Female,General Santos,Metro Manila,customer2188@example.com,07/02/2023
CUST102190,Kevin,Garcia,female,Davao City,Northern Mindanao,customer2189@example.com,20/01/2022
CUST102191,Paolo,Mendoza,F,Davao City,Metro Manila,customer2190@example.com,10/06/2024
CUST102192,Sofia,Ramos,M,Quezon City,Metro Manila,customer2191@example.com,07/05/2021
CUST102193,Carlo,Gonzales,F,General Santos,SOCCSKSARGEN,customer2192@example.com,24/08/2024
CUST102194,John,Garcia,male,Davao City,SOCCSKSARGEN,customer2193@example.com,16/11/2021
CUST102195, Daniel ,Ramos,Female,Quezon City,Central Visayas,customer2194@example.com,06/09/2021
CUST102196,Patricia,Reyes,M,Cagayan de Oro,Central Visayas,customer2195@example.com,06/05/2022
CUST102197,Carlo,Reyes,M,Digos,Central Visayas,customer2196@example.com,09/09/2023
CUST102198,Luis,Bautista,female,General Santos,Central Visayas,customer2197@example.com,08/07/2023
CUST102199,Kevin,Castillo,male,Panabo,Davao Region,customer2198@example.com,12/10/2023
CUST102200,Mark,Torres,M,Iloilo,Davao Region,customer2199@example.com,09/06/2020
CUST102201,Paolo,Ramos,male,Manila,Western Visayas,customer2200@example.com,16/10/2020
CUST102202,Juan,Torres,M,Tagum,Northern Mindanao,customer2201@example.com,07/03/2024
CUST102203,Juan,Dela Cruz,M,Manila,Central Visayas,customer2202@example.com,31/10/2024
CUST102204,Angela,Torres,Female,Tagum,Western Visayas,customer2203@example.com,17/08/2020
CUST102205,Miguel,Dela Cruz,F,General Santos,Metro Manila,customer2204@example.com,15/06/2024
CUST102206,James,Villanueva,F,Manila,Central Visayas,customer2205@example.com,17/04/2021
CUST102207,Ana,Torres,female,Davao City,Western Visayas,customer2206@example.com,28/10/2024
CUST102208,Patricia,Mendoza,male,Manila,Davao Region,customer2207@example.com,23/11/2024
CUST102209,John,Navarro,M,Panabo,Central Visayas,customer2208@example.com,20/02/2023
CUST102210,Ana,Bautista,Male,Cebu City,Davao Region,customer2209@example.com,08/12/2020
CUST102211,Daniel,Dela Cruz,Female,General Santos,Metro Manila,customer2210@example.com,19/11/2023
CUST102212,James,Rivera,F,Davao City,Davao Region,customer2211@example.com,01/07/2020
CUST102213,Nicole,Flores,,Manila,SOCCSKSARGEN,customer2212@example.com,24/08/2021
CUST102214,Ana,Aquino,Male,Panabo,Metro Manila,customer2213@example.com,23/02/2023
CUST102215,Ana,Rivera,M,Iloilo,Northern Mindanao,customer2214@example.com,01/05/2020
CUST102216,Paolo,Torres,M,Quezon City,Metro Manila,customer2215@example.com,08/12/2021
CUST102217,Miguel,Garcia,male,Tagum,Central Visayas,customer2216@example.com,05/12/2023
CUST102218,Marco,Castillo,,Cebu City,Metro Manila,customer2217@example.com,14/06/2020
CUST102219,Carlo,Santos,M,Digos,Northern Mindanao,customer2218@example.com,22/10/2021
CUST102220,Mark,Flores,M,Cebu City,Metro Manila,customer2219@example.com,07/01/2020
CUST102221,Ella,Rivera,Female,Cagayan de Oro,Davao Region,customer2220@example.com,30/03/2023
CUST102222,Mark,Torres,M,Panabo,Davao Region,customer2221@example.com,22/05/2020
CUST102223,Juan,Aquino,M,Cebu City,Metro Manila,customer2222@example.com,20/05/2021
CUST102224,Sofia,Navarro,female,Panabo,Metro Manila,customer2223@example.com,29/07/2022
CUST102225,Sofia,Garcia,male,Iloilo,Northern Mindanao,customer2224@example.com,21/01/2021
CUST102226,Nicole,Mendoza,female,Iloilo,Davao Region,customer2225@example.com,19/02/2021
CUST102227,Luis,Navarro,Male,Tagum,Central Visayas,customer2226@example.com,11/02/2024
CUST102228,Ella,Reyes,F,Manila,SOCCSKSARGEN,customer2227@example.com,31/10/2023
CUST102229,Carlo,Torres,female,Iloilo,Western Visayas,customer2228@example.com,25/05/2020
CUST102230,Marco,Torres,M,Tagum,Davao Region,customer2229@example.com,23/03/2024
CUST102231,Nicole,Villanueva,M,Manila,SOCCSKSARGEN,,22/04/2022
CUST102232,Maria,Reyes,female,Iloilo,Central Visayas,customer2231@example.com,17/09/2020
CUST102233,Ella,Villanueva,Male,Panabo,Metro Manila,customer2232@example.com,20/06/2024
CUST102234,Ana,Torres,female,Cagayan de Oro,Davao Region,customer2233@example.com,29/08/2021
CUST102235,Kevin,Aquino,M,Manila,Northern Mindanao,customer2234@example.com,09/08/2021
CUST102236,James,Navarro,female,Digos,Western Visayas,customer2235@example.com,20/09/2020
CUST102237,John,Dela Cruz,Male,Panabo,Northern Mindanao,customer2236@example.com,14/05/2024
CUST102238,Carlo,Gonzales,Male,Digos,Davao Region,customer2237@example.com,31/05/2021
CUST102239,Miguel,Garcia,female,Digos,Davao Region,customer2238@example.com,02/12/2022
CUST102240,Luis,Santos,F,Manila,SOCCSKSARGEN,customer2239@example.com,06/03/2021
CUST102241,John,Bautista,Female,Digos,Western Visayas,customer2240@example.com,30/05/2024
CUST102242,Daniel,Ramos,Male,Digos,Davao Region,customer2241@example.com,17/11/2023
CUST102243,Miguel,Gonzales,Female,Iloilo,SOCCSKSARGEN,customer2242@example.com,24/06/2022
CUST102244,Ana,Flores,female,Cagayan de Oro,Western Visayas,customer2243@example.com,13/09/2021
CUST102245,Grace,Santos,Male,Iloilo,Central Visayas,customer2244@example.com,25/03/2023
CUST102246,Patricia,Santos,M,Manila,Metro Manila,customer2245@example.com,11/06/2022
CUST102247,Kevin,Torres,M,Quezon City,Northern Mindanao,,20/08/2024
CUST102248,Mark,Garcia,female,Tagum,Northern Mindanao,customer2247@example.com,28/04/2023
CUST102249,Mark,Gonzales,,Iloilo,Western Visayas,customer2248@example.com,18/02/2020
CUST102250,Sofia,Reyes,,Iloilo,Northern Mindanao,customer2249@example.com,20/01/2024
CUST102251,Liza,Gonzales,M,Davao City,Central Visayas,customer2250@example.com,13/12/2020
CUST102252,Kevin,Garcia,F,Digos,Central Visayas,customer2251@example.com,26/06/2021
CUST102253,John,Reyes,Female,General Santos,Davao Region,customer2252@example.com,23/02/2022
CUST102254,Liza,Dela Cruz,Female,General Santos,Western Visayas,customer2253@example.com,11/01/2021
CUST102255,Carlo,Cruz,M,Manila,Western Visayas,customer2254@example.com,23/08/2024
CUST102256,Daniel,Torres,Male,Cebu City,SOCCSKSARGEN,customer2255@example.com,27/10/2024
CUST102257,James,Mendoza,M,Panabo,Metro Manila,customer2256@example.com,07/10/2020
CUST102258,Daniel,Navarro,F,Cebu City,Northern Mindanao,customer2257@example.com,30/07/2021
CUST102259,Juan,Navarro,M,Iloilo,Northern Mindanao,customer2258@example.com,29/10/2021
CUST102260,Marco,Santos,M,General Santos,Central Visayas,customer2259@example.com,22/04/2023
CUST102261,Juan,Reyes,M,Iloilo,SOCCSKSARGEN,customer2260@example.com,11/12/2022
CUST102262,Marco,Cruz,female,Cebu City,Northern Mindanao,customer2261@example.com,05/05/2023
CUST102263,Juan,Garcia,Female,Iloilo,Western Visayas,customer2262@example.com,25/02/2020
CUST102264,Liza,Reyes,female,Iloilo,Davao Region,customer2263@example.com,14/07/2022
CUST102265,Ana,Mendoza,F,Davao City,SOCCSKSARGEN,customer2264@example.com,14/01/2021
CUST102266,Maria,Navarro,F,Quezon City,Metro Manila,customer2265@example.com,15/02/2021
CUST102267,Daniel,Dela Cruz,F,Tagum,Central Visayas,customer2266@example.com,26/10/2023
CUST102268,Grace,Mendoza,Male,Quezon City,Central Visayas,customer2267@example.com,11/09/2020
CUST102269,Ana,Flores,F,Quezon City,Central Visayas,customer2268@example.com,26/02/2020
CUST102270,Marco,Navarro,Female,Panabo,Northern Mindanao,customer2269@example.com,26/05/2022
CUST102271,Angela,Mendoza,male,Davao City,Metro Manila,customer2270@example.com,17/08/2023
CUST102272, Angela ,Garcia,male,General Santos,SOCCSKSARGEN,customer2271@example.com,08/07/2022
CUST102273,Carlo,Torres,M,Digos,Northern Mindanao,customer2272@example.com,17/10/2020
CUST102274,Miguel,Santos,F,Cagayan de Oro,Western Visayas,customer2273@example.com,24/10/2023
CUST102275,Mark,Flores,M,Davao City,Metro Manila,customer2274@example.com,18/11/2021
CUST102276,Sofia,Rivera,M,Davao City,Western Visayas,customer2275@example.com,01/07/2023
CUST102277,John,Torres,Female,General Santos,Western Visayas,customer2276@example.com,29/12/2020
CUST102278,Maria,Reyes,F,Manila,Davao Region,customer2277@example.com,29/06/2024
CUST102279,Paolo,Castillo,Female,Digos,Davao Region,customer2278@example.com,25/05/2021
CUST102280,Daniel,Cruz,M,Digos,SOCCSKSARGEN,customer2279@example.com,13/10/2024
CUST102281,James,Garcia,,Tagum,Davao Region,customer2280@example.com,10/11/2021
CUST102282,Paolo,Cruz,,Panabo,Metro Manila,customer2281@example.com,03/08/2023
CUST102283,Angela,Gonzales,F,Panabo,Western Visayas,customer2282@example.com,22/06/2022
CUST102284,James,Rivera,male,Panabo,Metro Manila,customer2283@example.com,17/05/2020
CUST102285,Daniel,Ramos,M,Digos,Davao Region,customer2284@example.com,25/06/2020
CUST102286,Patricia,Ramos,Female,Panabo,Davao Region,customer2285@example.com,30/12/2021
CUST102287,Ella,Aquino,male,Cebu City,Western Visayas,customer2286@example.com,13/12/2020
CUST102288, Patricia ,Ramos,male,Digos,SOCCSKSARGEN,customer2287@example.com,31/12/2022
CUST102289,Ella,Navarro,male,Manila,Central Visayas,customer2288@example.com,05/09/2020
CUST102290,Sofia,Rivera,F,Cebu City,Metro Manila,customer2289@example.com,28/11/2022
CUST102291,Paolo,Castillo,male,Cebu City,SOCCSKSARGEN,customer2290@example.com,03/01/2021
CUST102292,Angela,Reyes,Male,Cagayan de Oro,Western Visayas,customer2291@example.com,22/11/2020
CUST102293,John,Torres,M,Iloilo,Metro Manila,customer2292@example.com,22/10/2021
CUST102294,Grace,Rivera,M,Panabo,Metro Manila,customer2293@example.com,15/11/2022
CUST102295,Grace,Torres,Female,Iloilo,SOCCSKSARGEN,customer2294@example.com,20/12/2021
CUST102296, Patricia ,Garcia,Male,Panabo,Western Visayas,customer2295@example.com,21/09/2021
CUST102297,Mark,Villanueva,F,Tagum,Central Visayas,customer2296@example.com,04/09/2021
CUST102298,Miguel,Ramos,female,Quezon City,Western Visayas,customer2297@example.com,02/09/2021
CUST102299,John,Ramos,Male,Quezon City,Northern Mindanao,customer2298@example.com,27/12/2021
CUST102300,Luis,Torres,F,Davao City,SOCCSKSARGEN,customer2299@example.com,10/02/2024
CUST102301,Carlo,Reyes,F,Cagayan de Oro,Davao Region,customer2300@example.com,06/11/2022
CUST102302,Ana,Torres,Male,Cagayan de Oro,Northern Mindanao,customer2301@example.com,29/01/2022
CUST102303,Kevin,Torres,Female,Panabo,Central Visayas,customer2302@example.com,11/09/2023
CUST102304,Luis,Gonzales,F,Cagayan de Oro,Northern Mindanao,customer2303@example.com,07/08/2022
CUST102305,Ella,Dela Cruz,F,Cebu City,Metro Manila,customer2304@example.com,04/09/2024
CUST102306,Maria,Cruz,Female,Cagayan de Oro,Western Visayas,customer2305@example.com,10/10/2022
CUST102307,Angela,Torres,Female,Cagayan de Oro,SOCCSKSARGEN,customer2306@example.com,23/01/2021
CUST102308,Mark,Rivera,male,Quezon City,Metro Manila,customer2307@example.com,10/10/2022
CUST102309,Angela,Flores,M,Panabo,Metro Manila,customer2308@example.com,24/10/2023
CUST102310,Liza,Torres,Female,Cebu City,Metro Manila,customer2309@example.com,18/01/2021
CUST102311,Carlo,Aquino,F,Digos,Davao Region,customer2310@example.com,29/12/2020
CUST102312,Maria,Aquino,M,Iloilo,Western Visayas,customer2311@example.com,15/12/2022
CUST102313,Liza,Dela Cruz,Male,Panabo,Davao Region,customer2312@example.com,11/05/2024
CUST102314,Maria,Rivera,Female,Quezon City,Metro Manila,customer2313@example.com,25/08/2021
CUST102315, John ,Ramos,F,Cebu City,SOCCSKSARGEN,customer2314@example.com,01/07/2022
CUST102316,Juan,Santos,Female,Panabo,Western Visayas,customer2315@example.com,25/03/2023
CUST102317,Maria,Torres,F,Manila,Metro Manila,customer2316@example.com,09/04/2023
CUST102318,Sofia,Gonzales,M,Panabo,Northern Mindanao,customer2317@example.com,19/09/2020
CUST102319,Luis,Torres,F,Panabo,SOCCSKSARGEN,customer2318@example.com,12/12/2021
CUST102320,James,Ramos,F,Digos,SOCCSKSARGEN,customer2319@example.com,24/11/2024
CUST102321,Maria,Ramos,Male,Cebu City,Central Visayas,customer2320@example.com,18/05/2024
CUST102322,Juan,Castillo,male,Digos,Davao Region,customer2321@example.com,21/10/2023
CUST102323,Angela,Villanueva,Female,Cagayan de Oro,Metro Manila,customer2322@example.com,13/02/2020
CUST102324,Daniel,Cruz,M,Cagayan de Oro,Metro Manila,customer2323@example.com,21/01/2022
CUST102325,Grace,Navarro,F,Tagum,SOCCSKSARGEN,customer2324@example.com,02/04/2020
CUST102326,Patricia,Navarro,M,Panabo,SOCCSKSARGEN,customer2325@example.com,26/06/2021
CUST102327,Angela,Cruz,Male,Digos,Northern Mindanao,customer2326@example.com,05/04/2024
CUST102328,Mark,Aquino,M,Panabo,Northern Mindanao,customer2327@example.com,29/11/2021
CUST102329,Juan,Reyes,F,Iloilo,SOCCSKSARGEN,customer2328@example.com,30/10/2020
CUST102330,Ana,Flores,Female,Digos,Northern Mindanao,customer2329@example.com,22/07/2023
CUST102331,Maria,Mendoza,Male,General Santos,Central Visayas,customer2330@example.com,28/09/2023
CUST102332,Luis,Cruz,M,Cebu City,Northern Mindanao,customer2331@example.com,25/03/2023
CUST102333,Carlo,Villanueva,F,Manila,Central Visayas,customer2332@example.com,27/12/2023
CUST102334,Patricia,Garcia,Male,Cebu City,Metro Manila,customer2333@example.com,17/06/2023
CUST102335,Kevin,Dela Cruz,F,Cagayan de Oro,Northern Mindanao,customer2334@example.com,16/02/2023
CUST102336,Liza,Villanueva,M,Iloilo,Central Visayas,customer2335@example.com,19/05/2024
CUST102337,Miguel,Gonzales,male,Quezon City,Central Visayas,customer2336@example.com,06/08/2021
CUST102338,Patricia,Santos,F,Panabo,Davao Region,customer2337@example.com,01/04/2022
CUST102339,Juan,Dela Cruz,F,Tagum,Western Visayas,customer2338@example.com,10/10/2022
CUST102340,Maria,Castillo,M,Digos,SOCCSKSARGEN,customer2339@example.com,20/04/2023
CUST102341,Sofia,Bautista,F,Quezon City,Central Visayas,customer2340@example.com,07/05/2022
CUST102342,Paolo,Rivera,F,Iloilo,Northern Mindanao,customer2341@example.com,05/03/2022
CUST102343,Liza,Navarro,M,Manila,Metro Manila,customer2342@example.com,24/10/2020
CUST102344,Grace,Santos,F,Cebu City,Metro Manila,customer2343@example.com,22/02/2023
CUST102345,Kevin,Villanueva,F,Panabo,Metro Manila,customer2344@example.com,10/08/2020
CUST102346, Carlo ,Cruz,female,Cagayan de Oro,Metro Manila,customer2345@example.com,04/05/2022
CUST102347,Angela,Reyes,female,Tagum,Western Visayas,customer2346@example.com,06/01/2022
CUST102348,James,Aquino,M,Cagayan de Oro,Davao Region,customer2347@example.com,29/10/2023
CUST102349,John,Ramos,M,Tagum,Davao Region,customer2348@example.com,07/05/2022
CUST102350,Liza,Santos,Female,Davao City,Davao Region,customer2349@example.com,10/01/2020
CUST102351,Liza,Cruz,,Iloilo,Davao Region,customer2350@example.com,29/06/2022
CUST102352, James ,Ramos,male,Quezon City,SOCCSKSARGEN,customer2351@example.com,23/01/2021
CUST102353,Grace,Dela Cruz,M,Cebu City,Western Visayas,customer2352@example.com,15/11/2021
CUST102354,Miguel,Aquino,M,Cebu City,Metro Manila,customer2353@example.com,17/06/2021
CUST102355,Angela,Torres,M,Panabo,Western Visayas,customer2354@example.com,26/10/2020
CUST102356,Paolo,Ramos,male,Cagayan de Oro,Davao Region,customer2355@example.com,28/08/2024
CUST102357,Sofia,Flores,F,Manila,Northern Mindanao,customer2356@example.com,01/04/2021
CUST102358,John,Mendoza,F,Cagayan de Oro,Western Visayas,customer2357@example.com,01/07/2022
CUST102359,Nicole,Mendoza,F,Panabo,Central Visayas,customer2358@example.com,30/01/2024
CUST102360,John,Castillo,M,Digos,Metro Manila,customer2359@example.com,17/10/2021
CUST102361,Nicole,Navarro,Male,Quezon City,Western Visayas,customer2360@example.com,14/08/2024
CUST102362, James ,Ramos,M,Panabo,Davao Region,customer2361@example.com,28/12/2021
CUST102363, Marco ,Ramos,Male,Iloilo,Western Visayas,customer2362@example.com,31/08/2024
CUST102364,Ana,Garcia,Female,Manila,Western Visayas,customer2363@example.com,24/03/2022
CUST102365,James,Gonzales,Male,Quezon City,Central Visayas,customer2364@example.com,26/01/2020
CUST102366,Maria,Ramos,F,Cagayan de Oro,Central Visayas,customer2365@example.com,11/04/2024
CUST102367,Angela,Castillo,male,Panabo,Davao Region,customer2366@example.com,04/04/2024
CUST102368,Mark,Gonzales,Female,Davao City,Northern Mindanao,customer2367@example.com,28/09/2024
CUST102369,Mark,Gonzales,M,Cagayan de Oro,Northern Mindanao,customer2368@example.com,11/08/2020
CUST102370,Mark,Aquino,M,Digos,SOCCSKSARGEN,customer2369@example.com,28/02/2024
CUST102371,Juan,Bautista,Male,Tagum,Davao Region,customer2370@example.com,06/09/2021
CUST102372,Patricia,Flores,M,Iloilo,Northern Mindanao,customer2371@example.com,23/02/2024
CUST102373,Maria,Castillo,M,Iloilo,Davao Region,customer2372@example.com,30/09/2024
CUST102374,Paolo,Mendoza,M,Digos,Northern Mindanao,customer2373@example.com,24/12/2020
CUST102375,Daniel,Castillo,M,Cebu City,Davao Region,customer2374@example.com,30/10/2021
CUST102376,Marco,Reyes,F,General Santos,Northern Mindanao,customer2375@example.com,28/04/2021
CUST102377,Luis,Gonzales,Male,General Santos,Western Visayas,customer2376@example.com,02/07/2021
CUST102378,Ana,Garcia,M,Cebu City,Western Visayas,customer2377@example.com,08/12/2022
CUST102379,Marco,Aquino,Female,General Santos,Central Visayas,customer2378@example.com,12/01/2022
CUST102380,Daniel,Santos,M,Quezon City,Western Visayas,customer2379@example.com,27/03/2023
CUST102381,Mark,Cruz,F,Tagum,Metro Manila,customer2380@example.com,28/04/2023
CUST102382,Sofia,Rivera,M,Cebu City,SOCCSKSARGEN,customer2381@example.com,30/12/2020
CUST102383,Ella,Villanueva,Female,Iloilo,Western Visayas,customer2382@example.com,20/03/2020
CUST102384,Paolo,Garcia,female,Quezon City,Northern Mindanao,customer2383@example.com,05/09/2023
CUST102385,Mark,Cruz,F,Davao City,Metro Manila,customer2384@example.com,22/11/2020
CUST102386,Luis,Villanueva,M,Tagum,Western Visayas,customer2385@example.com,25/12/2020
CUST102387,Marco,Rivera,M,Cebu City,Northern Mindanao,customer2386@example.com,18/12/2022
CUST102388,Marco,Cruz,M,Iloilo,Metro Manila,customer2387@example.com,18/04/2021
CUST102389,Marco,Aquino,male,Quezon City,Central Visayas,customer2388@example.com,07/12/2020
CUST102390,Luis,Dela Cruz,M,Iloilo,Northern Mindanao,customer2389@example.com,06/07/2021
CUST102391,Miguel,Castillo,,Tagum,Northern Mindanao,customer2390@example.com,29/07/2022
CUST102392,Mark,Torres,F,Cagayan de Oro,Davao Region,customer2391@example.com,02/03/2024
CUST102393,Nicole,Cruz,F,Manila,Western Visayas,customer2392@example.com,14/11/2024
CUST102394,John,Mendoza,male,Cebu City,Western Visayas,customer2393@example.com,10/08/2023
CUST102395,Miguel,Navarro,M,Manila,Metro Manila,customer2394@example.com,05/06/2024
CUST102396,Daniel,Bautista,Female,Panabo,Northern Mindanao,customer2395@example.com,13/08/2022
CUST102397,Ella,Santos,M,General Santos,Davao Region,customer2396@example.com,04/01/2022
CUST102398,Carlo,Rivera,male,General Santos,Metro Manila,customer2397@example.com,15/01/2024
CUST102399,Carlo,Aquino,F,Iloilo,Northern Mindanao,customer2398@example.com,28/06/2021
CUST102400,Grace,Gonzales,M,Panabo,Metro Manila,customer2399@example.com,03/01/2024
CUST102401,Juan,Gonzales,male,Digos,SOCCSKSARGEN,customer2400@example.com,01/12/2024
CUST102402,Kevin,Cruz,M,Davao City,Davao Region,customer2401@example.com,02/12/2021
CUST102403,Grace,Reyes,M,Tagum,Metro Manila,customer2402@example.com,14/02/2023
CUST102404, Kevin ,Bautista,Female,Iloilo,SOCCSKSARGEN,customer2403@example.com,07/11/2023
CUST102405,Paolo,Garcia,F,Quezon City,Central Visayas,customer2404@example.com,11/11/2023
CUST102406,Patricia,Cruz,female,Panabo,Western Visayas,customer2405@example.com,06/01/2021
CUST102407,Paolo,Flores,Male,Manila,Western Visayas,customer2406@example.com,28/09/2024
CUST102408,Grace,Gonzales,Male,Cagayan de Oro,Central Visayas,customer2407@example.com,24/06/2022
CUST102409,Miguel,Bautista,M,Iloilo,Northern Mindanao,customer2408@example.com,16/03/2020
CUST102410,Juan,Navarro,M,Digos,Western Visayas,customer2409@example.com,31/07/2020
CUST102411,Liza,Garcia,,Iloilo,Metro Manila,customer2410@example.com,02/08/2023
CUST102412,Juan,Mendoza,M,Digos,Central Visayas,customer2411@example.com,07/02/2022
CUST102413,Ella,Castillo,F,Manila,Northern Mindanao,customer2412@example.com,13/07/2020
CUST102414, Nicole ,Cruz,M,Digos,Western Visayas,customer2413@example.com,25/07/2022
CUST102415, Paolo ,Navarro,M,Cebu City,Northern Mindanao,customer2414@example.com,15/12/2022
CUST102416,Miguel,Santos,F,Digos,Davao Region,customer2415@example.com,23/05/2020
CUST102417,Nicole,Mendoza,Female,Quezon City,Davao Region,customer2416@example.com,22/09/2021
CUST102418,Carlo,Garcia,Female,Cebu City,Central Visayas,customer2417@example.com,12/04/2022
CUST102419,Carlo,Aquino,male,Panabo,Davao Region,customer2418@example.com,05/11/2023
CUST102420,Sofia,Gonzales,M,Iloilo,Central Visayas,customer2419@example.com,19/03/2023
CUST102421,Carlo,Cruz,F,Manila,Northern Mindanao,customer2420@example.com,05/06/2020
CUST102422,James,Bautista,M,General Santos,Central Visayas,customer2421@example.com,10/01/2023
CUST102423,Ana,Aquino,Female,Tagum,Western Visayas,customer2422@example.com,12/06/2024
CUST102424,Patricia,Rivera,F,Iloilo,Central Visayas,customer2423@example.com,07/04/2020
CUST102425,Angela,Gonzales,F,Manila,Metro Manila,customer2424@example.com,10/11/2024
CUST102426,Kevin,Reyes,M,Cebu City,Davao Region,customer2425@example.com,20/06/2020
CUST102427,Mark,Castillo,male,Quezon City,Davao Region,customer2426@example.com,25/01/2023
CUST102428,Paolo,Ramos,male,Cebu City,SOCCSKSARGEN,customer2427@example.com,24/09/2021
CUST102429,James,Reyes,male,Panabo,Metro Manila,customer2428@example.com,08/08/2023
CUST102430,Carlo,Dela Cruz,M,Panabo,Davao Region,customer2429@example.com,25/02/2024
CUST102431,Ana,Gonzales,,Davao City,Metro Manila,customer2430@example.com,13/03/2024
CUST102432,Liza,Navarro,M,Davao City,Davao Region,customer2431@example.com,14/04/2024
CUST102433,Mark,Mendoza,F,Manila,Davao Region,customer2432@example.com,09/01/2024
CUST102434,Angela,Mendoza,M,Quezon City,Central Visayas,customer2433@example.com,11/07/2021
CUST102435,Miguel,Villanueva,M,Tagum,Metro Manila,customer2434@example.com,17/04/2022
CUST102436,Kevin,Dela Cruz,F,Cagayan de Oro,Metro Manila,customer2435@example.com,18/07/2023
CUST102437,Nicole,Cruz,M,Tagum,Western Visayas,customer2436@example.com,30/10/2020
CUST102438,Daniel,Ramos,F,General Santos,Northern Mindanao,customer2437@example.com,05/11/2022
CUST102439,Patricia,Rivera,Male,Manila,Northern Mindanao,customer2438@example.com,12/08/2022
CUST102440,Maria,Cruz,male,Quezon City,Metro Manila,customer2439@example.com,05/11/2024
CUST102441,Paolo,Dela Cruz,Male,Iloilo,SOCCSKSARGEN,customer2440@example.com,30/03/2020
CUST102442,Juan,Flores,F,Digos,Western Visayas,customer2441@example.com,19/06/2020
CUST102443,Juan,Garcia,M,Iloilo,Western Visayas,customer2442@example.com,24/02/2020
CUST102444,John,Aquino,male,Manila,Davao Region,customer2443@example.com,13/09/2022
CUST102445,Kevin,Dela Cruz,M,Digos,SOCCSKSARGEN,customer2444@example.com,18/09/2022
CUST102446,Luis,Cruz,M,Digos,SOCCSKSARGEN,customer2445@example.com,02/12/2022
CUST102447,James,Dela Cruz,M,Tagum,Metro Manila,customer2446@example.com,11/03/2021
CUST102448,Nicole,Gonzales,Male,Iloilo,Central Visayas,customer2447@example.com,07/07/2021
CUST102449,James,Gonzales,F,Panabo,Metro Manila,customer2448@example.com,20/01/2022
CUST102450,Mark,Navarro,Male,Panabo,Metro Manila,customer2449@example.com,25/03/2020
CUST102451,Patricia,Torres,F,General Santos,SOCCSKSARGEN,customer2450@example.com,16/09/2023
CUST102452,Luis,Villanueva,F,Tagum,Davao Region,customer2451@example.com,03/04/2020
CUST102453,Maria,Garcia,F,Quezon City,Metro Manila,customer2452@example.com,15/04/2023
CUST102454,Miguel,Aquino,M,Cebu City,Western Visayas,customer2453@example.com,27/03/2022
CUST102455,Patricia,Aquino,F,Tagum,Central Visayas,customer2454@example.com,02/12/2024
CUST102456,Miguel,Castillo,Male,Tagum,SOCCSKSARGEN,customer2455@example.com,31/05/2023
CUST102457,Patricia,Garcia,F,Davao City,Davao Region,customer2456@example.com,05/05/2022
CUST102458,Ella,Castillo,M,Iloilo,Davao Region,customer2457@example.com,14/06/2023
CUST102459,Miguel,Ramos,Male,General Santos,Western Visayas,customer2458@example.com,30/07/2020
CUST102460,Maria,Gonzales,F,Cebu City,Davao Region,customer2459@example.com,21/11/2020
CUST102461,Angela,Cruz,M,Tagum,Central Visayas,customer2460@example.com,17/06/2022
CUST102462,John,Ramos,M,Panabo,Northern Mindanao,customer2461@example.com,24/03/2024
CUST102463,Miguel,Villanueva,F,Cagayan de Oro,Western Visayas,customer2462@example.com,16/01/2024
CUST102464,Kevin,Dela Cruz,F,Panabo,Davao Region,customer2463@example.com,09/11/2021
CUST102465,Miguel,Castillo,Male,Cebu City,Central Visayas,customer2464@example.com,25/05/2021
CUST102466,Mark,Reyes,M,Iloilo,SOCCSKSARGEN,customer2465@example.com,01/10/2024
CUST102467,Angela,Castillo,Female,Digos,Central Visayas,customer2466@example.com,14/10/2022
CUST102468,Daniel,Ramos,M,Cebu City,Metro Manila,customer2467@example.com,31/07/2020
CUST102469,Juan,Garcia,Male,Iloilo,SOCCSKSARGEN,customer2468@example.com,08/02/2021
CUST102470,John,Reyes,Female,Quezon City,Metro Manila,customer2469@example.com,14/02/2024
CUST102471,Luis,Castillo,F,Davao City,Western Visayas,customer2470@example.com,04/06/2024
CUST102472,Maria,Garcia,M,Tagum,SOCCSKSARGEN,customer2471@example.com,23/06/2024
CUST102473,Sofia,Flores,F,Iloilo,Metro Manila,customer2472@example.com,13/01/2020
CUST102474,John,Santos,,Iloilo,Western Visayas,customer2473@example.com,20/01/2024
CUST102475, Ana ,Rivera,,Digos,Metro Manila,customer2474@example.com,20/07/2020
CUST102476,Sofia,Navarro,M,Cagayan de Oro,Western Visayas,customer2475@example.com,26/12/2023
CUST102477,Liza,Gonzales,Female,Cagayan de Oro,Metro Manila,customer2476@example.com,05/05/2024
CUST102478,Mark,Cruz,F,Cebu City,Central Visayas,customer2477@example.com,12/10/2021
CUST102479,Maria,Garcia,M,Manila,Metro Manila,customer2478@example.com,14/12/2020
CUST102480,Ana,Ramos,Male,Digos,Central Visayas,customer2479@example.com,08/07/2023
CUST102481,Daniel,Ramos,F,Quezon City,Central Visayas,customer2480@example.com,03/05/2020
CUST102482,Luis,Bautista,F,Davao City,Northern Mindanao,customer2481@example.com,08/11/2022
CUST102483,Mark,Gonzales,male,Davao City,Central Visayas,,19/08/2021
CUST102484,Angela,Villanueva,F,Iloilo,Central Visayas,customer2483@example.com,03/02/2022
CUST102485,Angela,Cruz,Male,Tagum,Metro Manila,customer2484@example.com,26/01/2024
CUST102486,Paolo,Dela Cruz,F,Iloilo,Central Visayas,customer2485@example.com,22/11/2024
CUST102487,John,Gonzales,M,Panabo,Central Visayas,customer2486@example.com,24/12/2021
CUST102488,Maria,Navarro,F,Digos,Davao Region,customer2487@example.com,06/06/2021
CUST102489,Liza,Villanueva,female,Davao City,Central Visayas,customer2488@example.com,10/02/2024
CUST102490,Paolo,Ramos,F,Iloilo,Central Visayas,customer2489@example.com,13/01/2022
CUST102491,Angela,Santos,M,Digos,SOCCSKSARGEN,customer2490@example.com,25/12/2020
CUST102492,Carlo,Flores,Male,Tagum,Central Visayas,customer2491@example.com,13/06/2024
CUST102493,Ella,Villanueva,,General Santos,Davao Region,customer2492@example.com,20/11/2024
CUST102494,Nicole,Aquino,female,Tagum,Northern Mindanao,customer2493@example.com,04/06/2021
CUST102495,Sofia,Cruz,F,Manila,Western Visayas,customer2494@example.com,11/10/2020
CUST102496,John,Garcia,F,Davao City,Davao Region,customer2495@example.com,01/10/2020
CUST102497, Patricia ,Villanueva,F,General Santos,Davao Region,customer2496@example.com,13/12/2022
CUST102498,Luis,Rivera,male,Digos,Central Visayas,customer2497@example.com,11/07/2021
CUST102499,Juan,Bautista,male,Davao City,Central Visayas,customer2498@example.com,26/01/2023
CUST102500,Ella,Reyes,male,Davao City,Central Visayas,customer2499@example.com,28/09/2023
CUST102501,Daniel,Ramos,F,Cagayan de Oro,Davao Region,customer2500@example.com,11/01/2020
CUST102502,Maria,Villanueva,M,Digos,Western Visayas,customer2501@example.com,27/03/2024
CUST102503,James,Aquino,F,Tagum,Northern Mindanao,customer2502@example.com,22/02/2020
CUST102504,Ana,Ramos,M,Tagum,Western Visayas,customer2503@example.com,25/07/2020
CUST102505,Maria,Flores,M,Quezon City,Metro Manila,customer2504@example.com,28/07/2023
CUST102506,Ana,Garcia,F,Manila,Northern Mindanao,customer2505@example.com,24/01/2023
CUST102507,Miguel,Dela Cruz,Male,Cebu City,Central Visayas,,27/10/2024
CUST102508,Nicole,Castillo,male,Quezon City,Davao Region,customer2507@example.com,18/10/2022
CUST102509,Sofia,Reyes,Female,Davao City,Western Visayas,customer2508@example.com,20/01/2022
CUST102510, Ana ,Reyes,male,Cebu City,Northern Mindanao,customer2509@example.com,18/04/2023
CUST102511,Mark,Torres,Female,Manila,Central Visayas,customer2510@example.com,03/10/2023
CUST102512,Luis,Bautista,Female,Panabo,Davao Region,customer2511@example.com,22/04/2023
CUST102513,Marco,Aquino,M,Cagayan de Oro,Central Visayas,customer2512@example.com,29/10/2021
CUST102514,James,Ramos,Male,Manila,Central Visayas,customer2513@example.com,23/09/2024
CUST102515,Ana,Navarro,M,Cebu City,Northern Mindanao,customer2514@example.com,26/06/2021
CUST102516,Patricia,Reyes,M,Panabo,SOCCSKSARGEN,customer2515@example.com,15/09/2021
CUST102517,Daniel,Mendoza,M,Cebu City,Northern Mindanao,customer2516@example.com,14/05/2021
CUST102518,Liza,Reyes,male,Manila,Northern Mindanao,customer2517@example.com,23/06/2021
CUST102519,Ana,Bautista,Female,Davao City,Metro Manila,customer2518@example.com,18/01/2021
CUST102520,Marco,Bautista,female,Cagayan de Oro,Northern Mindanao,customer2519@example.com,12/11/2022
CUST102521,Sofia,Dela Cruz,,Cagayan de Oro,Central Visayas,customer2520@example.com,04/08/2023
CUST102522,Juan,Dela Cruz,female,Digos,Western Visayas,customer2521@example.com,11/02/2022
CUST102523,John,Mendoza,M,Davao City,Davao Region,customer2522@example.com,19/07/2024
CUST102524,Sofia,Gonzales,male,Davao City,Metro Manila,customer2523@example.com,02/05/2022
CUST102525,Maria,Flores,male,Manila,Davao Region,customer2524@example.com,20/04/2022
CUST102526,Angela,Bautista,male,Quezon City,Davao Region,customer2525@example.com,04/05/2020
CUST102527,Miguel,Flores,M,General Santos,Davao Region,customer2526@example.com,14/06/2024
CUST102528,Ella,Castillo,M,Iloilo,Davao Region,customer2527@example.com,23/09/2020
CUST102529,Maria,Navarro,female,Iloilo,Central Visayas,customer2528@example.com,22/10/2020
CUST102530,Kevin,Dela Cruz,M,Cebu City,SOCCSKSARGEN,customer2529@example.com,10/08/2024
CUST102531,Ella,Gonzales,F,Cagayan de Oro,SOCCSKSARGEN,customer2530@example.com,24/07/2022
CUST102532,Patricia,Castillo,F,Iloilo,Davao Region,customer2531@example.com,02/05/2020
CUST102533,Ella,Bautista,M,Cebu City,SOCCSKSARGEN,customer2532@example.com,06/03/2022
CUST102534,Mark,Rivera,M,Iloilo,Metro Manila,customer2533@example.com,28/11/2022
CUST102535,Patricia,Garcia,,Iloilo,Metro Manila,customer2534@example.com,19/01/2020
CUST102536,Marco,Reyes,male,Tagum,Western Visayas,customer2535@example.com,20/09/2023
CUST102537,Angela,Ramos,female,Cebu City,Central Visayas,customer2536@example.com,18/04/2023
CUST102538, Miguel ,Mendoza,M,Manila,Northern Mindanao,customer2537@example.com,22/01/2020
CUST102539,Liza,Torres,M,Quezon City,Metro Manila,customer2538@example.com,18/01/2023
CUST102540,Miguel,Garcia,F,Digos,Western Visayas,customer2539@example.com,04/02/2021
CUST102541,Carlo,Torres,F,Quezon City,Western Visayas,customer2540@example.com,14/08/2023
CUST102542,Marco,Torres,M,General Santos,Northern Mindanao,customer2541@example.com,09/11/2021
CUST102543,Marco,Mendoza,Female,Digos,SOCCSKSARGEN,customer2542@example.com,29/12/2020
CUST102544,Paolo,Castillo,,Tagum,Northern Mindanao,customer2543@example.com,01/07/2022
CUST102545,Patricia,Ramos,F,Digos,Western Visayas,customer2544@example.com,08/03/2022
CUST102546,Paolo,Flores,F,Iloilo,Northern Mindanao,customer2545@example.com,06/09/2021
CUST102547,James,Reyes,F,Manila,Davao Region,customer2546@example.com,30/04/2024
CUST102548,Kevin,Ramos,M,Manila,SOCCSKSARGEN,customer2547@example.com,14/03/2023
CUST102549,Miguel,Cruz,M,Quezon City,Metro Manila,customer2548@example.com,27/05/2022
CUST102550,Ana,Mendoza,F,Panabo,Northern Mindanao,customer2549@example.com,11/02/2021
CUST102551,Daniel,Torres,F,Cebu City,Davao Region,customer2550@example.com,20/10/2022
CUST102552,Angela,Cruz,F,Digos,Davao Region,customer2551@example.com,15/02/2020
CUST102553,John,Torres,male,Quezon City,Northern Mindanao,customer2552@example.com,11/05/2024
CUST102554,Mark,Dela Cruz,M,General Santos,SOCCSKSARGEN,customer2553@example.com,03/01/2020
CUST102555,Marco,Villanueva,M,Quezon City,Northern Mindanao,customer2554@example.com,11/06/2023
CUST102556,Ana,Villanueva,M,Manila,Davao Region,customer2555@example.com,13/09/2021
CUST102557,James,Santos,M,Manila,SOCCSKSARGEN,customer2556@example.com,18/07/2023
CUST102558,Luis,Ramos,F,Iloilo,SOCCSKSARGEN,customer2557@example.com,12/10/2021
CUST102559,Juan,Aquino,male,Manila,Northern Mindanao,customer2558@example.com,17/02/2020
CUST102560,Kevin,Torres,female,Digos,Metro Manila,customer2559@example.com,03/09/2024
CUST102561,Kevin,Flores,Male,Cagayan de Oro,Metro Manila,customer2560@example.com,10/10/2023
CUST102562,Paolo,Bautista,F,General Santos,Metro Manila,,21/03/2020
CUST102563,Daniel,Torres,M,Davao City,Northern Mindanao,customer2562@example.com,29/02/2020
CUST102564,Sofia,Reyes,F,Cagayan de Oro,Western Visayas,customer2563@example.com,12/08/2022
CUST102565,Sofia,Mendoza,F,General Santos,SOCCSKSARGEN,customer2564@example.com,17/09/2024
CUST102566,Sofia,Dela Cruz,male,Digos,Western Visayas,customer2565@example.com,06/11/2022
CUST102567,Patricia,Torres,F,Tagum,SOCCSKSARGEN,customer2566@example.com,20/01/2020
CUST102568,Nicole,Garcia,M,Cagayan de Oro,Davao Region,customer2567@example.com,12/06/2023
CUST102569,Paolo,Cruz,M,Cagayan de Oro,Metro Manila,customer2568@example.com,08/02/2022
CUST102570,Ella,Rivera,M,Tagum,SOCCSKSARGEN,customer2569@example.com,23/02/2023
CUST102571,Patricia,Cruz,female,Cebu City,Metro Manila,customer2570@example.com,22/09/2021
CUST102572,Ella,Castillo,M,Tagum,SOCCSKSARGEN,customer2571@example.com,15/01/2020
CUST102573,Grace,Castillo,M,Tagum,Central Visayas,customer2572@example.com,03/02/2020
CUST102574,Paolo,Ramos,M,General Santos,SOCCSKSARGEN,customer2573@example.com,11/02/2023
CUST102575,James,Gonzales,male,Digos,SOCCSKSARGEN,customer2574@example.com,17/02/2023
CUST102576,Angela,Santos,F,Iloilo,Metro Manila,customer2575@example.com,03/08/2021
CUST102577,Carlo,Dela Cruz,Male,Davao City,Western Visayas,customer2576@example.com,28/05/2020
CUST102578,Miguel,Cruz,F,Digos,Metro Manila,customer2577@example.com,23/10/2023
CUST102579,Marco,Ramos,M,Manila,Northern Mindanao,customer2578@example.com,29/09/2020
CUST102580,Kevin,Aquino,male,Panabo,Metro Manila,customer2579@example.com,05/12/2020
CUST102581,Paolo,Gonzales,M,Iloilo,SOCCSKSARGEN,customer2580@example.com,25/03/2022
CUST102582,Miguel,Torres,M,Manila,Davao Region,customer2581@example.com,13/07/2023
CUST102583,Carlo,Garcia,F,Iloilo,Northern Mindanao,customer2582@example.com,26/11/2024
CUST102584,Daniel,Gonzales,M,Iloilo,Central Visayas,customer2583@example.com,30/01/2023
CUST102585,Paolo,Aquino,M,Tagum,Central Visayas,customer2584@example.com,24/09/2024
CUST102586,Kevin,Bautista,male,General Santos,Metro Manila,customer2585@example.com,20/03/2023
CUST102587,Paolo,Flores,F,Manila,Central Visayas,customer2586@example.com,06/03/2024
CUST102588,Angela,Flores,M,Davao City,Metro Manila,customer2587@example.com,12/11/2020
CUST102589,Marco,Torres,F,General Santos,Davao Region,customer2588@example.com,11/04/2020
CUST102590, Angela ,Castillo,Female,Cebu City,Northern Mindanao,customer2589@example.com,19/04/2023
CUST102591,Maria,Garcia,M,Manila,Western Visayas,customer2590@example.com,21/10/2024
CUST102592,Paolo,Rivera,M,General Santos,Central Visayas,customer2591@example.com,19/08/2023
CUST102593,Liza,Cruz,Male,Quezon City,Western Visayas,customer2592@example.com,09/09/2021
CUST102594,Maria,Flores,Male,Cebu City,Metro Manila,customer2593@example.com,30/05/2022
CUST102595,Angela,Mendoza,,Davao City,Northern Mindanao,customer2594@example.com,20/07/2020
CUST102596,Mark,Aquino,F,Panabo,Central Visayas,customer2595@example.com,04/09/2021
CUST102597,Liza,Aquino,M,Iloilo,SOCCSKSARGEN,customer2596@example.com,14/05/2023
CUST102598,Grace,Gonzales,F,Davao City,SOCCSKSARGEN,customer2597@example.com,26/10/2020
CUST102599,Marco,Bautista,Male,Tagum,Davao Region,customer2598@example.com,16/05/2022
CUST102600,Paolo,Garcia,M,Digos,Western Visayas,customer2599@example.com,05/06/2021
CUST102601,Luis,Garcia,F,Iloilo,Central Visayas,customer2600@example.com,02/06/2022
CUST102602,John,Gonzales,M,Manila,Davao Region,customer2601@example.com,06/10/2023
CUST102603,James,Flores,male,Tagum,Metro Manila,customer2602@example.com,11/05/2024
CUST102604,Kevin,Reyes,male,Digos,Davao Region,,06/01/2022
CUST102605,James,Villanueva,F,Iloilo,Northern Mindanao,customer2604@example.com,28/01/2024
CUST102606,James,Aquino,,Panabo,Western Visayas,customer2605@example.com,18/06/2023
CUST102607,Liza,Santos,,Cagayan de Oro,Western Visayas,customer2606@example.com,17/07/2024
CUST102608,Carlo,Bautista,M,General Santos,Central Visayas,customer2607@example.com,25/08/2023
CUST102609,Liza,Ramos,F,Manila,Western Visayas,customer2608@example.com,18/09/2022
CUST102610,Patricia,Ramos,Male,Manila,SOCCSKSARGEN,customer2609@example.com,28/04/2023
CUST102611, Marco ,Villanueva,M,Quezon City,Central Visayas,customer2610@example.com,25/07/2021
CUST102612,Ella,Flores,F,Tagum,Northern Mindanao,customer2611@example.com,27/04/2023
CUST102613,Mark,Flores,M,General Santos,Metro Manila,customer2612@example.com,29/06/2023
CUST102614,Kevin,Ramos,female,Cebu City,Davao Region,customer2613@example.com,04/01/2023
CUST102615,Ana,Garcia,F,General Santos,SOCCSKSARGEN,customer2614@example.com,04/07/2020
CUST102616, Daniel ,Cruz,Female,Cebu City,Central Visayas,customer2615@example.com,22/07/2022
CUST102617,Marco,Villanueva,F,Cebu City,Western Visayas,customer2616@example.com,03/07/2023
CUST102618,Maria,Garcia,M,Digos,Western Visayas,customer2617@example.com,22/12/2020
CUST102619,Daniel,Navarro,male,Tagum,Central Visayas,customer2618@example.com,18/11/2023
CUST102620,Ella,Dela Cruz,M,Iloilo,SOCCSKSARGEN,,26/02/2024
CUST102621,Patricia,Garcia,M,Quezon City,Western Visayas,customer2620@example.com,27/08/2022
CUST102622,Paolo,Ramos,F,Quezon City,SOCCSKSARGEN,customer2621@example.com,01/10/2024
CUST102623,Ana,Bautista,Male,Panabo,Davao Region,customer2622@example.com,24/03/2024
CUST102624,Ella,Flores,F,Digos,Central Visayas,customer2623@example.com,19/04/2022
CUST102625,Ella,Cruz,M,Digos,SOCCSKSARGEN,customer2624@example.com,10/05/2024
CUST102626,Kevin,Garcia,F,Davao City,Western Visayas,customer2625@example.com,06/08/2024
CUST102627,Marco,Cruz,M,Tagum,Central Visayas,customer2626@example.com,13/07/2020
CUST102628,Juan,Gonzales,M,Digos,Davao Region,customer2627@example.com,01/12/2024
CUST102629,Nicole,Mendoza,F,Iloilo,Northern Mindanao,customer2628@example.com,09/01/2020
CUST102630,Juan,Mendoza,M,Panabo,Metro Manila,,25/05/2022
CUST102631,Ella,Reyes,M,Cagayan de Oro,Metro Manila,customer2630@example.com,15/08/2024
CUST102632,Daniel,Flores,Male,Cagayan de Oro,SOCCSKSARGEN,customer2631@example.com,27/07/2023
CUST102633,Ella,Gonzales,Female,Digos,Davao Region,customer2632@example.com,25/04/2021
CUST102634,Kevin,Torres,M,Iloilo,Central Visayas,customer2633@example.com,04/03/2023
CUST102635,Maria,Aquino,F,Davao City,Northern Mindanao,customer2634@example.com,21/01/2021
CUST102636,Juan,Cruz,M,Quezon City,SOCCSKSARGEN,customer2635@example.com,03/03/2021
CUST102637,Angela,Cruz,female,Manila,Davao Region,customer2636@example.com,28/06/2024
CUST102638,Grace,Castillo,M,Digos,Northern Mindanao,customer2637@example.com,25/03/2020
CUST102639,Mark,Reyes,M,Manila,Northern Mindanao,customer2638@example.com,27/09/2024
CUST102640,Luis,Flores,F,General Santos,Davao Region,customer2639@example.com,27/03/2022
CUST102641,John,Mendoza,M,Iloilo,Metro Manila,customer2640@example.com,26/04/2020
CUST102642,Miguel,Santos,M,Davao City,Metro Manila,customer2641@example.com,17/11/2023
CUST102643,John,Navarro,M,Davao City,Metro Manila,customer2642@example.com,27/03/2020
CUST102644,Miguel,Rivera,Male,Cagayan de Oro,SOCCSKSARGEN,customer2643@example.com,08/08/2021
CUST102645,Miguel,Reyes,Male,Iloilo,Central Visayas,customer2644@example.com,09/03/2021
CUST102646,Juan,Villanueva,Male,Davao City,Northern Mindanao,customer2645@example.com,12/11/2023
CUST102647,Kevin,Navarro,Female,Manila,Central Visayas,customer2646@example.com,15/12/2021
CUST102648,James,Castillo,F,Iloilo,Western Visayas,customer2647@example.com,24/03/2023
CUST102649,Ella,Reyes,female,General Santos,Metro Manila,customer2648@example.com,09/05/2020
CUST102650,Angela,Villanueva,Female,Quezon City,Northern Mindanao,customer2649@example.com,05/06/2023
CUST102651,Luis,Santos,male,Manila,Western Visayas,customer2650@example.com,03/07/2023
CUST102652,Luis,Gonzales,Female,Panabo,Western Visayas,customer2651@example.com,29/05/2021
CUST102653,Marco,Aquino,F,Quezon City,Northern Mindanao,,05/05/2024
CUST102654,Paolo,Mendoza,M,Cebu City,Metro Manila,customer2653@example.com,26/04/2022
CUST102655,Luis,Santos,F,Davao City,Metro Manila,customer2654@example.com,16/04/2023
CUST102656,Kevin,Ramos,M,Cagayan de Oro,Northern Mindanao,customer2655@example.com,23/11/2020
CUST102657,Maria,Reyes,F,Cebu City,Davao Region,customer2656@example.com,06/08/2024
CUST102658,Carlo,Ramos,M,Quezon City,Western Visayas,customer2657@example.com,19/03/2021
CUST102659,Daniel,Bautista,M,Manila,Metro Manila,customer2658@example.com,01/02/2023
CUST102660,Mark,Dela Cruz,female,General Santos,Western Visayas,customer2659@example.com,10/06/2020
CUST102661,Sofia,Garcia,Male,Panabo,Central Visayas,customer2660@example.com,21/03/2020
CUST102662,James,Garcia,F,Tagum,Metro Manila,customer2661@example.com,16/08/2020
CUST102663,Ana,Garcia,F,Davao City,SOCCSKSARGEN,customer2662@example.com,24/08/2024
CUST102664,Miguel,Reyes,F,Cebu City,Northern Mindanao,customer2663@example.com,13/01/2021
CUST102665,John,Garcia,female,Iloilo,Metro Manila,customer2664@example.com,02/05/2024
CUST102666,Liza,Aquino,Male,Davao City,Davao Region,customer2665@example.com,10/11/2022
CUST102667,John,Dela Cruz,Male,Manila,Davao Region,customer2666@example.com,08/06/2020
CUST102668,Marco,Bautista,F,Cagayan de Oro,SOCCSKSARGEN,customer2667@example.com,05/03/2022
CUST102669, Maria ,Villanueva,F,Tagum,Davao Region,customer2668@example.com,12/05/2022
CUST102670,Marco,Bautista,Male,Panabo,Metro Manila,customer2669@example.com,25/04/2021
CUST102671,James,Navarro,,Panabo,Metro Manila,,23/12/2022
CUST102672,Luis,Mendoza,F,Cebu City,Western Visayas,customer2671@example.com,30/03/2024
CUST102673,Luis,Gonzales,F,Panabo,Metro Manila,customer2672@example.com,09/05/2024
CUST102674,Mark,Garcia,F,Quezon City,Western Visayas,customer2673@example.com,03/08/2022
CUST102675,Ella,Flores,F,Digos,SOCCSKSARGEN,customer2674@example.com,27/05/2024
CUST102676,Kevin,Flores,,Tagum,Western Visayas,customer2675@example.com,19/07/2024
CUST102677,Marco,Castillo,Female,Davao City,Western Visayas,customer2676@example.com,07/06/2020
CUST102678,Luis,Navarro,F,General Santos,Davao Region,customer2677@example.com,16/02/2023
CUST102679,Kevin,Bautista,F,General Santos,Northern Mindanao,customer2678@example.com,23/10/2023
CUST102680, Paolo ,Gonzales,F,Manila,Central Visayas,customer2679@example.com,29/01/2020
CUST102681,Ana,Torres,M,General Santos,Metro Manila,customer2680@example.com,22/12/2022
CUST102682,Ana,Villanueva,F,Tagum,Western Visayas,customer2681@example.com,02/07/2024
CUST102683,Paolo,Cruz,male,Panabo,Western Visayas,customer2682@example.com,27/04/2021
CUST102684,Patricia,Gonzales,Male,Cagayan de Oro,Davao Region,customer2683@example.com,23/03/2024
CUST102685,Liza,Cruz,M,Digos,Northern Mindanao,customer2684@example.com,08/08/2024
CUST102686,Miguel,Villanueva,Female,Cebu City,Davao Region,customer2685@example.com,17/02/2023
CUST102687,John,Torres,Female,Iloilo,Metro Manila,customer2686@example.com,07/02/2023
CUST102688,Kevin,Rivera,M,Digos,Metro Manila,customer2687@example.com,20/08/2022
CUST102689,Nicole,Cruz,Male,Cagayan de Oro,Davao Region,customer2688@example.com,06/01/2022
CUST102690,Marco,Flores,Male,Quezon City,SOCCSKSARGEN,customer2689@example.com,26/03/2022
CUST102691,Grace,Gonzales,male,Panabo,Northern Mindanao,customer2690@example.com,29/07/2022
CUST102692, Nicole ,Santos,M,Cagayan de Oro,Metro Manila,customer2691@example.com,17/05/2022
CUST102693,Ella,Dela Cruz,M,Digos,Western Visayas,customer2692@example.com,26/01/2024
CUST102694,Sofia,Reyes,F,Cebu City,Davao Region,customer2693@example.com,16/10/2023
CUST102695,Ella,Mendoza,M,Manila,SOCCSKSARGEN,customer2694@example.com,17/09/2021
CUST102696,Paolo,Torres,F,Tagum,SOCCSKSARGEN,customer2695@example.com,12/07/2022
CUST102697,Ana,Ramos,Female,Tagum,SOCCSKSARGEN,,22/01/2021
CUST102698,Sofia,Dela Cruz,M,Davao City,Davao Region,customer2697@example.com,12/11/2020
CUST102699,Ana,Cruz,F,Davao City,Central Visayas,,25/10/2021
CUST102700,Ana,Cruz,,Davao City,Northern Mindanao,customer2699@example.com,14/04/2020
CUST102701,Luis,Rivera,F,Manila,Central Visayas,customer2700@example.com,18/03/2024
CUST102702,James,Rivera,F,Iloilo,SOCCSKSARGEN,customer2701@example.com,15/08/2020
CUST102703,John,Garcia,F,General Santos,Western Visayas,customer2702@example.com,10/08/2021
CUST102704,Patricia,Garcia,M,Quezon City,Western Visayas,customer2703@example.com,28/03/2021
CUST102705,Maria,Santos,M,Manila,Central Visayas,customer2704@example.com,07/01/2021
CUST102706,Carlo,Rivera,Male,Quezon City,SOCCSKSARGEN,,23/10/2021
CUST102707,Grace,Castillo,F,Manila,SOCCSKSARGEN,customer2706@example.com,18/07/2023
CUST102708,Angela,Bautista,M,Tagum,Western Visayas,customer2707@example.com,25/05/2024
CUST102709,Grace,Dela Cruz,M,Cagayan de Oro,Western Visayas,customer2708@example.com,05/12/2020
CUST102710,Luis,Aquino,male,Cagayan de Oro,Metro Manila,customer2709@example.com,06/03/2021
CUST102711,Maria,Santos,M,Cebu City,Davao Region,customer2710@example.com,25/04/2022
CUST102712,Juan,Aquino,Female,Manila,Northern Mindanao,customer2711@example.com,29/07/2021
CUST102713,Ella,Ramos,F,Tagum,Western Visayas,customer2712@example.com,10/12/2023
CUST102714,Liza,Mendoza,F,Cebu City,Northern Mindanao,customer2713@example.com,05/02/2021
CUST102715,Liza,Castillo,M,Quezon City,Northern Mindanao,customer2714@example.com,25/12/2021
CUST102716,Miguel,Aquino,M,Tagum,SOCCSKSARGEN,customer2715@example.com,09/09/2022
CUST102717,Sofia,Flores,F,General Santos,Central Visayas,customer2716@example.com,17/11/2021
CUST102718,Daniel,Cruz,Male,Quezon City,SOCCSKSARGEN,customer2717@example.com,15/01/2023
CUST102719,Kevin,Santos,M,Davao City,Northern Mindanao,customer2718@example.com,10/12/2023
CUST102720,Mark,Rivera,F,Tagum,Central Visayas,,15/08/2022
CUST102721,Nicole,Dela Cruz,F,Quezon City,Central Visayas,,02/04/2022
CUST102722,Daniel,Dela Cruz,M,Tagum,Central Visayas,customer2721@example.com,09/09/2024
CUST102723,Ana,Aquino,F,Manila,Central Visayas,customer2722@example.com,02/11/2024
CUST102724,Paolo,Dela Cruz,M,Iloilo,Northern Mindanao,customer2723@example.com,26/11/2024
CUST102725,James,Torres,F,General Santos,Western Visayas,customer2724@example.com,30/01/2020
CUST102726,Nicole,Castillo,M,General Santos,Northern Mindanao,customer2725@example.com,16/02/2024
CUST102727,Ana,Ramos,F,General Santos,Central Visayas,customer2726@example.com,05/06/2024
CUST102728,Juan,Aquino,F,Digos,SOCCSKSARGEN,customer2727@example.com,20/12/2023
CUST102729,Kevin,Santos,F,Digos,Central Visayas,customer2728@example.com,11/09/2023
CUST102730,Miguel,Flores,F,Cagayan de Oro,Davao Region,customer2729@example.com,20/10/2021
CUST102731,Marco,Flores,female,Quezon City,Davao Region,customer2730@example.com,30/07/2023
CUST102732,Liza,Aquino,F,Iloilo,Central Visayas,customer2731@example.com,09/11/2022
CUST102733,Ella,Cruz,male,Quezon City,Metro Manila,customer2732@example.com,05/02/2024
CUST102734,John,Cruz,M,Tagum,SOCCSKSARGEN,customer2733@example.com,24/09/2021
CUST102735,Sofia,Bautista,F,Digos,Davao Region,customer2734@example.com,29/08/2023
CUST102736,Ana,Aquino,M,Manila,Metro Manila,customer2735@example.com,12/11/2023
CUST102737,Kevin,Bautista,F,Cagayan de Oro,Northern Mindanao,customer2736@example.com,09/02/2024
CUST102738,Mark,Dela Cruz,Male,Digos,Central Visayas,customer2737@example.com,05/11/2020
CUST102739,Miguel,Rivera,male,Digos,Central Visayas,customer2738@example.com,03/04/2024
CUST102740,Angela,Dela Cruz,F,Tagum,Northern Mindanao,customer2739@example.com,25/01/2021
CUST102741,Mark,Aquino,Male,Digos,Davao Region,customer2740@example.com,13/08/2024
CUST102742,Maria,Cruz,M,General Santos,Davao Region,customer2741@example.com,10/03/2020
CUST102743,Liza,Gonzales,M,General Santos,Metro Manila,customer2742@example.com,06/02/2021
CUST102744,Ella,Mendoza,Female,Cagayan de Oro,Northern Mindanao,customer2743@example.com,01/01/2023
CUST102745,Mark,Bautista,M,Panabo,Northern Mindanao,customer2744@example.com,05/09/2022
CUST102746,Sofia,Mendoza,M,Panabo,Davao Region,customer2745@example.com,24/05/2023
CUST102747,John,Bautista,female,Quezon City,Davao Region,customer2746@example.com,27/12/2021
CUST102748,Patricia,Flores,,General Santos,Davao Region,customer2747@example.com,07/01/2020
CUST102749,Sofia,Santos,Male,Panabo,Central Visayas,customer2748@example.com,16/01/2023
CUST102750,Marco,Garcia,F,Cebu City,Davao Region,customer2749@example.com,08/07/2022
CUST102751,John,Aquino,male,Cagayan de Oro,Northern Mindanao,customer2750@example.com,04/07/2022
CUST102752,Maria,Garcia,M,Cagayan de Oro,Northern Mindanao,customer2751@example.com,09/11/2021
CUST102753,Kevin,Dela Cruz,F,Panabo,Northern Mindanao,customer2752@example.com,21/05/2024
CUST102754,Daniel,Navarro,F,Manila,Davao Region,customer2753@example.com,27/11/2023
CUST102755,Marco,Dela Cruz,female,Tagum,Davao Region,customer2754@example.com,22/11/2020
CUST102756,Luis,Cruz,female,Quezon City,SOCCSKSARGEN,customer2755@example.com,11/03/2020
CUST102757,Luis,Ramos,Male,General Santos,Western Visayas,customer2756@example.com,22/11/2020
CUST102758,Nicole,Castillo,M,General Santos,Davao Region,customer2757@example.com,28/03/2020
CUST102759,Paolo,Castillo,F,Digos,Northern Mindanao,customer2758@example.com,30/06/2023
CUST102760,Sofia,Rivera,M,General Santos,Central Visayas,customer2759@example.com,21/01/2023
CUST102761,Ana,Reyes,female,Cebu City,SOCCSKSARGEN,customer2760@example.com,13/04/2022
CUST102762,Sofia,Torres,M,General Santos,SOCCSKSARGEN,customer2761@example.com,30/11/2022
CUST102763,Paolo,Garcia,M,Tagum,Western Visayas,customer2762@example.com,26/12/2023
CUST102764,Juan,Gonzales,Female,Cagayan de Oro,Davao Region,customer2763@example.com,04/02/2024
CUST102765,John,Navarro,F,Panabo,Central Visayas,customer2764@example.com,21/02/2022
CUST102766,Liza,Reyes,male,Tagum,Central Visayas,customer2765@example.com,02/12/2022
CUST102767,Paolo,Castillo,M,Quezon City,Metro Manila,customer2766@example.com,04/11/2022
CUST102768,Marco,Santos,male,Digos,SOCCSKSARGEN,customer2767@example.com,04/09/2024
CUST102769,Miguel,Dela Cruz,M,Cagayan de Oro,Northern Mindanao,customer2768@example.com,02/10/2023
CUST102770,Marco,Castillo,M,Tagum,Metro Manila,customer2769@example.com,19/07/2021
CUST102771,Daniel,Navarro,F,Digos,Northern Mindanao,customer2770@example.com,15/05/2024
CUST102772,Juan,Bautista,M,Digos,Northern Mindanao,customer2771@example.com,17/12/2021
CUST102773,John,Ramos,F,Tagum,Northern Mindanao,customer2772@example.com,25/09/2023
CUST102774,Grace,Villanueva,M,Iloilo,Western Visayas,customer2773@example.com,25/10/2024
CUST102775,Liza,Ramos,M,Digos,Central Visayas,customer2774@example.com,27/12/2023
CUST102776,Angela,Santos,Female,Cagayan de Oro,Western Visayas,customer2775@example.com,12/07/2020
CUST102777,Liza,Reyes,M,Cagayan de Oro,Western Visayas,customer2776@example.com,05/01/2021
CUST102778,Ella,Bautista,Male,General Santos,Central Visayas,customer2777@example.com,03/12/2023
CUST102779,Paolo,Santos,Female,Cagayan de Oro,SOCCSKSARGEN,customer2778@example.com,10/08/2020
CUST102780,Juan,Torres,M,Cagayan de Oro,Davao Region,customer2779@example.com,21/01/2020
CUST102781,Angela,Santos,Female,Davao City,SOCCSKSARGEN,customer2780@example.com,09/04/2021
CUST102782,Ella,Dela Cruz,M,Cebu City,Davao Region,customer2781@example.com,25/05/2022
CUST102783,James,Ramos,F,Tagum,Central Visayas,customer2782@example.com,19/08/2020
CUST102784,Patricia,Cruz,M,General Santos,Western Visayas,customer2783@example.com,03/10/2020
CUST102785,Ella,Flores,male,Digos,Western Visayas,customer2784@example.com,01/09/2021
CUST102786,Ana,Rivera,F,General Santos,Northern Mindanao,customer2785@example.com,13/12/2022
CUST102787,Carlo,Reyes,F,Davao City,SOCCSKSARGEN,customer2786@example.com,06/09/2022
CUST102788,Maria,Reyes,,Manila,Davao Region,customer2787@example.com,07/12/2023
CUST102789,Juan,Dela Cruz,F,General Santos,Western Visayas,customer2788@example.com,31/10/2024
CUST102790,Patricia,Villanueva,female,Davao City,Metro Manila,customer2789@example.com,29/02/2020
CUST102791,Ella,Torres,Female,Davao City,Northern Mindanao,customer2790@example.com,23/05/2023
CUST102792,Mark,Aquino,female,Cagayan de Oro,SOCCSKSARGEN,customer2791@example.com,21/10/2020
CUST102793,Grace,Santos,female,Cebu City,Western Visayas,customer2792@example.com,10/10/2021
CUST102794,Liza,Castillo,,Cagayan de Oro,Davao Region,customer2793@example.com,08/09/2021
CUST102795,Maria,Reyes,M,Manila,Davao Region,customer2794@example.com,15/06/2023
CUST102796,Ella,Castillo,Female,Manila,Davao Region,customer2795@example.com,05/04/2021
CUST102797,Luis,Cruz,male,Quezon City,Central Visayas,customer2796@example.com,29/05/2024
CUST102798,Kevin,Villanueva,Male,Iloilo,Central Visayas,customer2797@example.com,20/11/2021
CUST102799,Grace,Dela Cruz,M,Quezon City,Western Visayas,customer2798@example.com,07/01/2024
CUST102800,Paolo,Cruz,,Manila,Western Visayas,customer2799@example.com,09/09/2024
CUST102801,James,Mendoza,M,General Santos,Davao Region,customer2800@example.com,08/07/2022
CUST102802,Sofia,Santos,F,Cagayan de Oro,Central Visayas,customer2801@example.com,01/07/2020
CUST102803,Marco,Cruz,F,Cebu City,Western Visayas,customer2802@example.com,16/06/2023
CUST102804,Maria,Ramos,M,Tagum,SOCCSKSARGEN,customer2803@example.com,31/01/2022
CUST102805,Mark,Dela Cruz,Female,Cebu City,Northern Mindanao,customer2804@example.com,01/09/2021
CUST102806,Marco,Mendoza,M,Cagayan de Oro,Davao Region,customer2805@example.com,02/04/2022
CUST102807,Carlo,Bautista,Male,Cagayan de Oro,Davao Region,customer2806@example.com,23/06/2021
CUST102808,Angela,Reyes,male,Quezon City,Central Visayas,customer2807@example.com,19/05/2021
CUST102809,James,Torres,F,Cebu City,Central Visayas,customer2808@example.com,16/11/2024
CUST102810,Mark,Cruz,Female,Iloilo,Central Visayas,customer2809@example.com,16/05/2021
CUST102811,Liza,Flores,M,Iloilo,Davao Region,customer2810@example.com,05/04/2022
CUST102812,Carlo,Mendoza,male,Quezon City,Central Visayas,customer2811@example.com,10/07/2023
CUST102813,Mark,Santos,female,Panabo,Northern Mindanao,customer2812@example.com,01/02/2021
CUST102814,Marco,Reyes,M,Tagum,Central Visayas,customer2813@example.com,17/01/2023
CUST102815,Mark,Villanueva,Male,Panabo,Davao Region,customer2814@example.com,30/05/2024
CUST102816,Maria,Santos,F,Manila,Western Visayas,customer2815@example.com,03/01/2024
CUST102817, Daniel ,Bautista,F,Quezon City,Central Visayas,customer2816@example.com,21/02/2020
CUST102818,Luis,Gonzales,Female,Quezon City,Northern Mindanao,customer2817@example.com,30/12/2021
CUST102819,Ana,Flores,F,Cebu City,SOCCSKSARGEN,customer2818@example.com,01/01/2020
CUST102820,Grace,Dela Cruz,Male,Cebu City,Western Visayas,customer2819@example.com,28/12/2022
CUST102821,Liza,Bautista,M,Iloilo,Davao Region,customer2820@example.com,08/08/2021
CUST102822,Patricia,Rivera,F,Cebu City,Davao Region,customer2821@example.com,27/05/2024
CUST102823,Ana,Reyes,male,Tagum,Davao Region,customer2822@example.com,11/11/2020
CUST102824,Marco,Rivera,M,Cagayan de Oro,Metro Manila,customer2823@example.com,12/03/2024
CUST102825,Nicole,Rivera,F,Digos,Central Visayas,customer2824@example.com,08/09/2021
CUST102826,Patricia,Cruz,M,Cebu City,Central Visayas,customer2825@example.com,14/07/2024
CUST102827,Paolo,Santos,male,Cebu City,Metro Manila,customer2826@example.com,25/12/2020
CUST102828,Ella,Castillo,F,Panabo,Metro Manila,customer2827@example.com,29/04/2021
CUST102829,Nicole,Reyes,F,Panabo,Davao Region,customer2828@example.com,23/09/2021
CUST102830,Ana,Ramos,M,Davao City,Davao Region,customer2829@example.com,08/11/2024
CUST102831,Ella,Reyes,F,Panabo,Western Visayas,customer2830@example.com,14/08/2023
CUST102832,James,Castillo,female,Quezon City,SOCCSKSARGEN,customer2831@example.com,09/01/2024
CUST102833,Angela,Garcia,F,Cebu City,SOCCSKSARGEN,customer2832@example.com,22/09/2022
CUST102834,Liza,Reyes,F,Iloilo,SOCCSKSARGEN,customer2833@example.com,01/12/2023
CUST102835,Paolo,Reyes,Female,Iloilo,Central Visayas,customer2834@example.com,02/02/2023
CUST102836,Liza,Garcia,F,Quezon City,Western Visayas,customer2835@example.com,16/04/2023
CUST102837,Marco,Navarro,F,Tagum,SOCCSKSARGEN,customer2836@example.com,15/02/2024
CUST102838,Luis,Reyes,F,Digos,SOCCSKSARGEN,customer2837@example.com,04/11/2024
CUST102839,John,Bautista,M,Davao City,Davao Region,customer2838@example.com,02/11/2022
CUST102840,Marco,Ramos,Female,Davao City,Davao Region,customer2839@example.com,05/03/2022
CUST102841,Sofia,Dela Cruz,male,Panabo,Central Visayas,customer2840@example.com,21/03/2023
CUST102842,Grace,Rivera,female,Panabo,Metro Manila,customer2841@example.com,27/08/2023
CUST102843,James,Aquino,female,Davao City,SOCCSKSARGEN,customer2842@example.com,10/11/2024
CUST102844,Miguel,Aquino,F,Quezon City,Northern Mindanao,customer2843@example.com,11/06/2023
CUST102845,Miguel,Cruz,M,Cagayan de Oro,Western Visayas,customer2844@example.com,14/09/2024
CUST102846,Miguel,Castillo,Male,Cebu City,SOCCSKSARGEN,customer2845@example.com,10/08/2023
CUST102847,Luis,Navarro,female,Cebu City,SOCCSKSARGEN,,09/09/2024
CUST102848,Paolo,Rivera,Female,Iloilo,Northern Mindanao,customer2847@example.com,14/09/2023
CUST102849,Carlo,Flores,F,Tagum,Northern Mindanao,customer2848@example.com,11/05/2024
CUST102850,Paolo,Aquino,Male,Digos,Northern Mindanao,customer2849@example.com,09/12/2020
CUST102851,Mark,Mendoza,Female,Digos,Western Visayas,customer2850@example.com,21/11/2024
CUST102852,Paolo,Santos,female,Cagayan de Oro,Western Visayas,customer2851@example.com,20/09/2021
CUST102853,Ana,Cruz,Female,Cagayan de Oro,Central Visayas,customer2852@example.com,06/12/2023
CUST102854,Maria,Villanueva,F,Manila,Davao Region,customer2853@example.com,07/12/2021
CUST102855,Grace,Castillo,M,Cagayan de Oro,Metro Manila,customer2854@example.com,04/04/2022
CUST102856,Maria,Mendoza,F,Panabo,Western Visayas,customer2855@example.com,08/09/2023
CUST102857,Kevin,Castillo,F,Cagayan de Oro,Central Visayas,customer2856@example.com,31/08/2022
CUST102858,James,Santos,female,Iloilo,Northern Mindanao,customer2857@example.com,13/07/2023
CUST102859,Grace,Santos,F,Cagayan de Oro,Metro Manila,customer2858@example.com,22/05/2020
CUST102860,Sofia,Navarro,F,Cagayan de Oro,Metro Manila,customer2859@example.com,09/02/2024
CUST102861,Mark,Ramos,F,Tagum,Metro Manila,customer2860@example.com,05/01/2022
CUST102862,Ella,Gonzales,Male,Davao City,SOCCSKSARGEN,customer2861@example.com,20/11/2023
CUST102863,Patricia,Bautista,F,Panabo,Northern Mindanao,customer2862@example.com,28/05/2021
CUST102864,Nicole,Dela Cruz,M,Davao City,Metro Manila,customer2863@example.com,08/12/2022
CUST102865,Maria,Villanueva,male,General Santos,SOCCSKSARGEN,customer2864@example.com,24/11/2022
CUST102866,Juan,Flores,F,Quezon City,Northern Mindanao,customer2865@example.com,08/09/2020
CUST102867,Angela,Villanueva,F,General Santos,Northern Mindanao,customer2866@example.com,03/05/2022
CUST102868,Mark,Cruz,M,Cebu City,Davao Region,customer2867@example.com,17/02/2023
CUST102869,Luis,Santos,F,Quezon City,Central Visayas,customer2868@example.com,14/02/2024
CUST102870,John,Santos,Female,Manila,Davao Region,customer2869@example.com,15/05/2024
CUST102871,Carlo,Rivera,female,Cebu City,Western Visayas,customer2870@example.com,23/11/2021
CUST102872,Marco,Reyes,M,Manila,Davao Region,customer2871@example.com,03/03/2023
CUST102873,Patricia,Rivera,,Panabo,Western Visayas,customer2872@example.com,10/11/2020
CUST102874,John,Castillo,Female,General Santos,Metro Manila,customer2873@example.com,31/05/2024
CUST102875,Paolo,Cruz,M,Digos,SOCCSKSARGEN,customer2874@example.com,11/04/2024
CUST102876,Liza,Villanueva,M,Manila,Central Visayas,customer2875@example.com,03/12/2024
CUST102877,Daniel,Cruz,M,General Santos,Central Visayas,customer2876@example.com,25/05/2022
CUST102878,Ella,Cruz,male,Iloilo,Northern Mindanao,customer2877@example.com,08/10/2021
CUST102879,Luis,Ramos,M,Tagum,Metro Manila,customer2878@example.com,26/09/2023
CUST102880,Marco,Dela Cruz,F,Tagum,Northern Mindanao,customer2879@example.com,25/07/2023
CUST102881,Juan,Dela Cruz,Female,Manila,Davao Region,customer2880@example.com,16/01/2021
CUST102882,John,Garcia,male,Manila,SOCCSKSARGEN,customer2881@example.com,29/08/2022
CUST102883,Kevin,Ramos,Male,Cebu City,Western Visayas,customer2882@example.com,04/03/2023
CUST102884,Juan,Santos,Female,Digos,Davao Region,customer2883@example.com,29/03/2022
CUST102885,Paolo,Garcia,M,Davao City,Metro Manila,customer2884@example.com,30/10/2021
CUST102886,Mark,Navarro,male,Digos,Northern Mindanao,customer2885@example.com,07/03/2021
CUST102887,Ella,Flores,M,General Santos,Northern Mindanao,customer2886@example.com,10/01/2022
CUST102888,Maria,Castillo,M,General Santos,Central Visayas,customer2887@example.com,18/03/2021
CUST102889,Ana,Garcia,,Iloilo,Western Visayas,customer2888@example.com,24/06/2021
CUST102890,Mark,Aquino,M,Quezon City,Davao Region,customer2889@example.com,28/11/2020
CUST102891,Ana,Bautista,M,Manila,Central Visayas,customer2890@example.com,08/11/2021
CUST102892,Kevin,Torres,Male,Davao City,SOCCSKSARGEN,customer2891@example.com,10/02/2023
CUST102893,Paolo,Dela Cruz,F,Tagum,Central Visayas,customer2892@example.com,10/11/2021
CUST102894,Ella,Navarro,M,General Santos,Davao Region,customer2893@example.com,12/09/2020
CUST102895,Carlo,Ramos,Male,Cebu City,Central Visayas,customer2894@example.com,13/12/2023
CUST102896,Liza,Reyes,Female,Cebu City,Western Visayas,customer2895@example.com,15/02/2022
CUST102897,Daniel,Ramos,Female,Panabo,SOCCSKSARGEN,customer2896@example.com,16/11/2022
CUST102898, Nicole ,Cruz,M,Tagum,Metro Manila,customer2897@example.com,30/07/2022
CUST102899,James,Ramos,F,Digos,Davao Region,customer2898@example.com,30/06/2022
CUST102900,John,Gonzales,male,Manila,Western Visayas,customer2899@example.com,27/02/2022
CUST102901,Liza,Navarro,M,Iloilo,Western Visayas,customer2900@example.com,22/09/2023
CUST102902,Patricia,Bautista,M,Iloilo,Metro Manila,customer2901@example.com,18/03/2024
CUST102903,Luis,Dela Cruz,M,Cagayan de Oro,SOCCSKSARGEN,customer2902@example.com,14/06/2024
CUST102904,Nicole,Gonzales,F,Davao City,Western Visayas,customer2903@example.com,08/03/2022
CUST102905,Daniel,Villanueva,M,Iloilo,Northern Mindanao,customer2904@example.com,05/09/2021
CUST102906,Luis,Gonzales,Female,Tagum,Central Visayas,customer2905@example.com,29/05/2020
CUST102907,Nicole,Castillo,,Panabo,Metro Manila,customer2906@example.com,07/03/2022
CUST102908,Ella,Aquino,M,Iloilo,Central Visayas,customer2907@example.com,20/11/2024
CUST102909,Ana,Navarro,Male,Cagayan de Oro,Metro Manila,customer2908@example.com,13/04/2021
CUST102910,Angela,Gonzales,M,Tagum,Western Visayas,customer2909@example.com,29/02/2024
CUST102911,Ana,Villanueva,M,Cagayan de Oro,Davao Region,customer2910@example.com,23/09/2023
CUST102912,Maria,Torres,Female,Davao City,Metro Manila,customer2911@example.com,03/04/2023
CUST102913,Miguel,Reyes,F,Digos,Davao Region,customer2912@example.com,14/10/2022
CUST102914,John,Santos,female,Iloilo,Metro Manila,customer2913@example.com,23/09/2023
CUST102915,Sofia,Garcia,F,Panabo,Central Visayas,customer2914@example.com,26/06/2020
CUST102916,Sofia,Reyes,M,Quezon City,Northern Mindanao,customer2915@example.com,18/08/2020
CUST102917,Nicole,Garcia,F,Cagayan de Oro,SOCCSKSARGEN,customer2916@example.com,18/12/2020
CUST102918,Ella,Reyes,M,Cebu City,Northern Mindanao,customer2917@example.com,10/10/2023
CUST102919,Patricia,Rivera,male,Manila,Davao Region,customer2918@example.com,16/02/2022
CUST102920,Paolo,Reyes,Male,Cagayan de Oro,Central Visayas,customer2919@example.com,08/01/2021
CUST102921,Angela,Aquino,F,Davao City,Western Visayas,customer2920@example.com,21/03/2020
CUST102922,James,Mendoza,F,Iloilo,Davao Region,customer2921@example.com,30/05/2022
CUST102923,Ana,Cruz,Male,General Santos,Central Visayas,customer2922@example.com,18/12/2021
CUST102924,Liza,Castillo,Female,Cebu City,Central Visayas,customer2923@example.com,16/11/2020
CUST102925,Sofia,Rivera,M,Cagayan de Oro,SOCCSKSARGEN,customer2924@example.com,11/02/2020
CUST102926,Mark,Bautista,M,Cebu City,Davao Region,customer2925@example.com,18/09/2023
CUST102927,Nicole,Rivera,M,Digos,Davao Region,customer2926@example.com,03/11/2023
CUST102928,Angela,Ramos,F,Quezon City,Metro Manila,customer2927@example.com,18/03/2021
CUST102929,Mark,Aquino,F,Panabo,Northern Mindanao,customer2928@example.com,07/06/2022
CUST102930,Daniel,Cruz,M,Cebu City,Western Visayas,customer2929@example.com,31/03/2021
CUST102931,Mark,Villanueva,F,Cagayan de Oro,Northern Mindanao,customer2930@example.com,05/01/2022
CUST102932,Daniel,Castillo,F,Cagayan de Oro,Metro Manila,customer2931@example.com,15/07/2020
CUST102933,Mark,Dela Cruz,M,Davao City,Davao Region,customer2932@example.com,30/08/2024
CUST102934,Sofia,Mendoza,female,Digos,Western Visayas,customer2933@example.com,21/07/2023
CUST102935,Patricia,Ramos,F,Davao City,Metro Manila,customer2934@example.com,09/06/2024
CUST102936,John,Santos,F,Cagayan de Oro,Davao Region,customer2935@example.com,16/06/2021
CUST102937,James,Villanueva,F,Cebu City,Northern Mindanao,customer2936@example.com,20/04/2024
CUST102938,Grace,Dela Cruz,F,Cagayan de Oro,Davao Region,customer2937@example.com,21/07/2022
CUST102939,Ella,Reyes,male,Manila,Davao Region,customer2938@example.com,22/12/2020
CUST102940,Mark,Mendoza,F,Digos,Western Visayas,customer2939@example.com,21/08/2021
CUST102941,Grace,Villanueva,F,Digos,Central Visayas,customer2940@example.com,31/12/2023
CUST102942,Ella,Dela Cruz,female,General Santos,Western Visayas,customer2941@example.com,26/10/2023
CUST102943,James,Navarro,male,Panabo,Northern Mindanao,customer2942@example.com,20/07/2023
CUST102944,Mark,Bautista,male,Quezon City,Western Visayas,customer2943@example.com,11/02/2021
CUST102945,Patricia,Santos,M,Quezon City,Metro Manila,customer2944@example.com,11/03/2023
CUST102946,Ana,Bautista,M,General Santos,Metro Manila,customer2945@example.com,20/08/2024
CUST102947,Kevin,Dela Cruz,Male,Manila,Western Visayas,customer2946@example.com,28/03/2020
CUST102948,Miguel,Castillo,F,Davao City,Western Visayas,customer2947@example.com,01/08/2021
CUST102949,Liza,Garcia,Male,Tagum,Western Visayas,customer2948@example.com,24/05/2020
CUST102950,Liza,Cruz,Female,Panabo,Western Visayas,customer2949@example.com,05/07/2020
CUST102951,Juan,Bautista,M,Digos,Central Visayas,customer2950@example.com,01/12/2024
CUST102952,Liza,Bautista,M,Panabo,Western Visayas,customer2951@example.com,08/03/2021
CUST102953,Ella,Rivera,F,Cagayan de Oro,SOCCSKSARGEN,customer2952@example.com,18/11/2020
CUST102954,Sofia,Aquino,M,Manila,Western Visayas,customer2953@example.com,13/05/2020
CUST102955,Carlo,Flores,Male,General Santos,Metro Manila,customer2954@example.com,31/10/2024
CUST102956,Marco,Garcia,Female,General Santos,Davao Region,customer2955@example.com,23/04/2022
CUST102957,Maria,Dela Cruz,F,Davao City,Central Visayas,customer2956@example.com,25/11/2023
CUST102958,Miguel,Aquino,Female,Panabo,Davao Region,customer2957@example.com,26/03/2021
CUST102959,Liza,Mendoza,F,Quezon City,Davao Region,customer2958@example.com,27/02/2023
CUST102960,Miguel,Flores,Female,Quezon City,Central Visayas,customer2959@example.com,13/05/2024
CUST102961, Ella ,Cruz,M,Tagum,Central Visayas,customer2960@example.com,23/04/2023
CUST102962,Sofia,Flores,Female,Davao City,Metro Manila,customer2961@example.com,19/07/2022
CUST102963,Marco,Garcia,Female,Quezon City,SOCCSKSARGEN,customer2962@example.com,13/01/2021
CUST102964,Maria,Reyes,M,Tagum,Western Visayas,customer2963@example.com,24/02/2021
CUST102965,Grace,Cruz,F,Cagayan de Oro,Central Visayas,customer2964@example.com,10/12/2022
CUST102966,Kevin,Navarro,male,Quezon City,Central Visayas,customer2965@example.com,23/03/2022
CUST102967,John,Mendoza,M,Manila,Western Visayas,customer2966@example.com,24/03/2020
CUST102968,John,Reyes,Female,Cagayan de Oro,Northern Mindanao,customer2967@example.com,18/12/2020
CUST102969,Grace,Navarro,female,Digos,SOCCSKSARGEN,customer2968@example.com,16/02/2022
CUST102970,Nicole,Cruz,male,Manila,Western Visayas,customer2969@example.com,17/11/2020
CUST102971,Nicole,Santos,F,Cebu City,Western Visayas,customer2970@example.com,24/09/2022
CUST102972,Maria,Cruz,Male,Quezon City,Northern Mindanao,customer2971@example.com,25/06/2021
CUST102973, Kevin ,Flores,,Cagayan de Oro,Metro Manila,customer2972@example.com,08/06/2021
CUST102974,Marco,Rivera,F,Iloilo,Western Visayas,customer2973@example.com,13/07/2020
CUST102975,Juan,Garcia,M,Manila,Davao Region,customer2974@example.com,24/06/2022
CUST102976,Miguel,Dela Cruz,M,Davao City,Northern Mindanao,customer2975@example.com,05/12/2020
CUST102977, Miguel ,Garcia,Female,Panabo,Metro Manila,customer2976@example.com,08/02/2023
CUST102978,Luis,Mendoza,F,Manila,Central Visayas,customer2977@example.com,15/08/2024
CUST102979,Carlo,Castillo,M,Tagum,Western Visayas,customer2978@example.com,30/06/2024
CUST102980,Miguel,Mendoza,F,Manila,Central Visayas,customer2979@example.com,15/04/2023
CUST102981,Grace,Aquino,Female,Digos,SOCCSKSARGEN,customer2980@example.com,24/12/2023
CUST102982,Maria,Gonzales,F,Panabo,Northern Mindanao,customer2981@example.com,15/07/2024
CUST102983,Patricia,Rivera,male,Cagayan de Oro,Central Visayas,customer2982@example.com,12/05/2023
CUST102984,Patricia,Ramos,Female,Iloilo,Davao Region,,07/04/2021
CUST102985,Grace,Castillo,,Quezon City,Northern Mindanao,customer2984@example.com,20/06/2022
CUST102986, Nicole ,Gonzales,female,General Santos,Northern Mindanao,customer2985@example.com,22/03/2024
CUST102987,Grace,Bautista,M,Davao City,Western Visayas,customer2986@example.com,17/04/2023
CUST102988,James,Dela Cruz,Male,Quezon City,Central Visayas,customer2987@example.com,14/10/2021
CUST102989,Ella,Cruz,M,Quezon City,Northern Mindanao,customer2988@example.com,30/10/2020
CUST102990,Sofia,Reyes,,Cebu City,Northern Mindanao,customer2989@example.com,16/09/2020
CUST102991,Miguel,Gonzales,M,Cebu City,Metro Manila,customer2990@example.com,09/11/2021
CUST102992,Nicole,Navarro,Male,Cagayan de Oro,Western Visayas,customer2991@example.com,19/12/2023
CUST102993, Mark ,Dela Cruz,male,Davao City,SOCCSKSARGEN,customer2992@example.com,21/09/2022
CUST102994,Luis,Mendoza,M,Tagum,Davao Region,customer2993@example.com,17/04/2020
CUST102995,James,Dela Cruz,male,Tagum,SOCCSKSARGEN,customer2994@example.com,11/07/2024
CUST102996,Nicole,Bautista,M,Iloilo,Central Visayas,customer2995@example.com,29/12/2021
CUST102997,Angela,Ramos,F,Davao City,Western Visayas,customer2996@example.com,04/12/2021
CUST102998,Angela,Gonzales,F,Cagayan de Oro,Davao Region,customer2997@example.com,14/01/2024
CUST102999,Sofia,Dela Cruz,F,Digos,Metro Manila,customer2998@example.com,09/11/2021
CUST103000,Daniel,Flores,F,Davao City,SOCCSKSARGEN,customer2999@example.com,15/01/2023
CUST103001,James,Reyes,female,Iloilo,Davao Region,customer3000@example.com,16/07/2024
CUST103002,Daniel,Rivera,F,Davao City,Western Visayas,customer3001@example.com,21/07/2022
CUST103003,Ella,Navarro,F,Quezon City,Davao Region,customer3002@example.com,10/01/2023
CUST103004,Marco,Navarro,male,Manila,SOCCSKSARGEN,customer3003@example.com,28/09/2021
CUST103005,Grace,Torres,Female,Manila,Western Visayas,customer3004@example.com,22/05/2024
CUST103006,Paolo,Dela Cruz,M,Tagum,SOCCSKSARGEN,customer3005@example.com,15/05/2020
CUST103007,Kevin,Rivera,female,Quezon City,SOCCSKSARGEN,customer3006@example.com,12/05/2021
CUST103008,Sofia,Flores,M,Cagayan de Oro,Northern Mindanao,customer3007@example.com,18/11/2024
CUST103009,Nicole,Aquino,F,General Santos,Central Visayas,,21/05/2022
CUST103010,Patricia,Santos,F,Cebu City,Western Visayas,customer3009@example.com,10/11/2020
CUST103011,Paolo,Dela Cruz,Female,Digos,Northern Mindanao,customer3010@example.com,14/01/2022
CUST103012,Liza,Bautista,M,Panabo,Northern Mindanao,customer3011@example.com,04/04/2021
CUST103013,Juan,Reyes,M,Panabo,Davao Region,customer3012@example.com,03/08/2022
CUST103014,Grace,Reyes,Female,Cagayan de Oro,SOCCSKSARGEN,customer3013@example.com,28/02/2021
CUST103015,Miguel,Bautista,M,Cebu City,Northern Mindanao,customer3014@example.com,19/12/2021
CUST103016,Miguel,Dela Cruz,F,Panabo,Central Visayas,customer3015@example.com,22/06/2024
CUST103017,Liza,Dela Cruz,Female,Panabo,Central Visayas,customer3016@example.com,28/05/2020
CUST103018,John,Ramos,Male,Iloilo,Central Visayas,customer3017@example.com,06/10/2023
CUST103019,Kevin,Garcia,M,Cagayan de Oro,Western Visayas,customer3018@example.com,20/05/2020
CUST103020,Grace,Santos,F,Quezon City,SOCCSKSARGEN,customer3019@example.com,03/04/2022
CUST103021,Angela,Santos,,Digos,Metro Manila,customer3020@example.com,17/04/2023
CUST103022,Ana,Reyes,F,Panabo,SOCCSKSARGEN,customer3021@example.com,15/09/2024
CUST103023,Paolo,Cruz,M,Panabo,Davao Region,customer3022@example.com,26/03/2021
CUST103024,Mark,Castillo,M,Cagayan de Oro,SOCCSKSARGEN,customer3023@example.com,05/04/2020
CUST103025,Paolo,Dela Cruz,F,Manila,Davao Region,customer3024@example.com,13/09/2023
CUST103026,Nicole,Reyes,,Cagayan de Oro,Davao Region,customer3025@example.com,27/05/2024
CUST103027,Ana,Santos,F,Panabo,Davao Region,customer3026@example.com,14/10/2022
CUST103028,Grace,Flores,M,Iloilo,Northern Mindanao,customer3027@example.com,18/04/2020
CUST103029,John,Villanueva,F,Cagayan de Oro,SOCCSKSARGEN,customer3028@example.com,20/06/2022
CUST103030,Luis,Mendoza,M,Digos,Northern Mindanao,customer3029@example.com,05/12/2021
CUST103031,Grace,Reyes,M,Davao City,Western Visayas,customer3030@example.com,23/03/2022
CUST103032,Carlo,Garcia,,Cagayan de Oro,Central Visayas,customer3031@example.com,07/04/2020
CUST103033,Kevin,Flores,Female,Cebu City,Davao Region,customer3032@example.com,25/07/2021
CUST103034,Ana,Garcia,M,Iloilo,Central Visayas,customer3033@example.com,03/12/2024
CUST103035,Maria,Rivera,F,Panabo,Northern Mindanao,customer3034@example.com,23/03/2020
CUST103036,Marco,Bautista,M,Tagum,Northern Mindanao,customer3035@example.com,03/07/2024
CUST103037,Patricia,Mendoza,M,Iloilo,Metro Manila,customer3036@example.com,20/07/2022
CUST103038,Mark,Rivera,F,Cagayan de Oro,Western Visayas,customer3037@example.com,18/11/2022
CUST103039,Carlo,Mendoza,F,Davao City,Metro Manila,customer3038@example.com,07/08/2024
CUST103040,Mark,Cruz,Female,Tagum,Northern Mindanao,customer3039@example.com,27/01/2021
CUST103041,Paolo,Rivera,female,General Santos,Western Visayas,customer3040@example.com,06/11/2024
CUST103042,Carlo,Rivera,M,Cebu City,Western Visayas,customer3041@example.com,13/05/2021
CUST103043,Angela,Mendoza,female,Panabo,Northern Mindanao,customer3042@example.com,20/09/2021
CUST103044,Liza,Ramos,F,Digos,SOCCSKSARGEN,customer3043@example.com,20/03/2022
CUST103045,Mark,Cruz,M,Manila,SOCCSKSARGEN,customer3044@example.com,18/12/2022
CUST103046,Luis,Aquino,male,Iloilo,Metro Manila,customer3045@example.com,04/08/2021
CUST103047,Grace,Castillo,M,General Santos,Northern Mindanao,customer3046@example.com,28/11/2023
CUST103048,James,Castillo,F,General Santos,Central Visayas,customer3047@example.com,08/02/2020
CUST103049,Mark,Ramos,Female,Digos,Central Visayas,customer3048@example.com,14/04/2023
CUST103050,Grace,Castillo,M,Tagum,Northern Mindanao,customer3049@example.com,27/03/2023
CUST103051,Patricia,Navarro,male,Davao City,Northern Mindanao,customer3050@example.com,20/08/2022
CUST103052,Mark,Villanueva,M,Quezon City,Davao Region,customer3051@example.com,09/01/2023
CUST103053,James,Cruz,male,Davao City,Davao Region,customer3052@example.com,07/09/2023
CUST103054,Paolo,Flores,M,Quezon City,Western Visayas,customer3053@example.com,15/06/2024
CUST103055,James,Torres,M,Panabo,Davao Region,customer3054@example.com,28/01/2021
CUST103056,Miguel,Navarro,F,Cebu City,Central Visayas,customer3055@example.com,08/05/2022
CUST103057,Patricia,Cruz,male,Iloilo,Central Visayas,customer3056@example.com,08/10/2022
CUST103058,Ana,Mendoza,M,Manila,Davao Region,customer3057@example.com,12/09/2021
CUST103059,Paolo,Rivera,male,Manila,Western Visayas,customer3058@example.com,18/10/2024
CUST103060,Carlo,Reyes,M,Panabo,SOCCSKSARGEN,customer3059@example.com,09/07/2022
CUST103061,John,Aquino,F,Cagayan de Oro,Metro Manila,customer3060@example.com,02/12/2022
CUST103062, Angela ,Aquino,F,Cebu City,Western Visayas,customer3061@example.com,16/12/2020
CUST103063,Paolo,Flores,M,General Santos,Northern Mindanao,customer3062@example.com,18/01/2022
CUST103064,Ana,Santos,female,Davao City,SOCCSKSARGEN,customer3063@example.com,30/01/2023
CUST103065,Grace,Santos,F,Iloilo,Western Visayas,customer3064@example.com,10/02/2022
CUST103066,Kevin,Dela Cruz,Male,Tagum,Central Visayas,customer3065@example.com,18/10/2023
CUST103067,Patricia,Reyes,F,Iloilo,Western Visayas,customer3066@example.com,03/09/2020
CUST103068,Grace,Reyes,F,Iloilo,SOCCSKSARGEN,customer3067@example.com,03/10/2020
CUST103069,Ana,Cruz,Male,Davao City,Metro Manila,customer3068@example.com,02/09/2021
CUST103070,Maria,Garcia,female,Manila,Northern Mindanao,customer3069@example.com,27/07/2021
CUST103071,Sofia,Villanueva,Male,Cebu City,Northern Mindanao,customer3070@example.com,07/01/2024
CUST103072,Miguel,Aquino,F,Panabo,Northern Mindanao,customer3071@example.com,11/04/2024
CUST103073,John,Santos,Male,Quezon City,Northern Mindanao,customer3072@example.com,29/04/2022
CUST103074,James,Aquino,Male,Tagum,SOCCSKSARGEN,customer3073@example.com,28/06/2022
CUST103075,Kevin,Cruz,F,Panabo,Northern Mindanao,customer3074@example.com,13/06/2021
CUST103076,Grace,Torres,Male,Iloilo,SOCCSKSARGEN,customer3075@example.com,15/08/2022
CUST103077,Ana,Santos,F,Manila,Northern Mindanao,customer3076@example.com,25/06/2023
CUST103078,Patricia,Reyes,Female,Tagum,Central Visayas,customer3077@example.com,24/07/2023
CUST103079,John,Cruz,,Tagum,Metro Manila,customer3078@example.com,10/10/2024
CUST103080,Sofia,Torres,female,Panabo,Davao Region,customer3079@example.com,06/11/2022
CUST103081,Sofia,Flores,male,Davao City,Northern Mindanao,customer3080@example.com,04/09/2021
CUST103082,Patricia,Mendoza,Male,Tagum,Northern Mindanao,customer3081@example.com,05/05/2020
CUST103083,Carlo,Ramos,Female,Cagayan de Oro,Davao Region,customer3082@example.com,23/05/2023
CUST103084,John,Castillo,M,Davao City,Western Visayas,customer3083@example.com,18/12/2023
CUST103085,Angela,Castillo,F,Panabo,Metro Manila,customer3084@example.com,21/09/2022
CUST103086,Paolo,Ramos,M,Digos,SOCCSKSARGEN,customer3085@example.com,19/07/2024
CUST103087, Mark ,Navarro,M,Iloilo,SOCCSKSARGEN,customer3086@example.com,24/07/2021
CUST103088,Mark,Flores,,Iloilo,Central Visayas,,05/04/2020
CUST103089,John,Garcia,male,Quezon City,Western Visayas,customer3088@example.com,13/02/2023
CUST103090,Miguel,Flores,F,Digos,Davao Region,customer3089@example.com,06/08/2020
CUST103091,Angela,Santos,M,Cagayan de Oro,Central Visayas,customer3090@example.com,31/05/2020
CUST103092,Paolo,Rivera,Male,Cagayan de Oro,Metro Manila,customer3091@example.com,17/06/2023
CUST103093,Grace,Mendoza,F,Quezon City,Central Visayas,customer3092@example.com,20/02/2022
CUST103094,John,Bautista,male,Manila,Western Visayas,customer3093@example.com,24/12/2022
CUST103095,Ella,Rivera,,Iloilo,SOCCSKSARGEN,customer3094@example.com,07/09/2023
CUST103096,James,Flores,F,Cagayan de Oro,Central Visayas,customer3095@example.com,19/11/2021
CUST103097,Mark,Villanueva,M,Iloilo,Northern Mindanao,customer3096@example.com,04/01/2023
CUST103098,Angela,Flores,M,Manila,Metro Manila,customer3097@example.com,28/08/2022
CUST103099,Mark,Cruz,M,Manila,SOCCSKSARGEN,customer3098@example.com,10/11/2022
CUST103100,Carlo,Santos,F,Cebu City,SOCCSKSARGEN,customer3099@example.com,20/06/2023
CUST103101,Paolo,Cruz,M,Digos,Western Visayas,customer3100@example.com,15/11/2021
CUST103102,Ana,Rivera,M,Cebu City,Northern Mindanao,customer3101@example.com,27/06/2022
CUST103103,Juan,Flores,M,Digos,Northern Mindanao,customer3102@example.com,30/11/2022
CUST103104,Sofia,Mendoza,M,Cebu City,Metro Manila,customer3103@example.com,09/09/2020
CUST103105,Grace,Flores,Female,Panabo,Central Visayas,customer3104@example.com,15/01/2021
CUST103106,Angela,Dela Cruz,M,Manila,Metro Manila,,09/06/2020
CUST103107,Luis,Villanueva,male,Cagayan de Oro,SOCCSKSARGEN,customer3106@example.com,22/12/2020
CUST103108,Paolo,Rivera,M,Manila,Metro Manila,customer3107@example.com,28/02/2022
CUST103109,Ella,Reyes,M,Panabo,Central Visayas,customer3108@example.com,14/08/2024
CUST103110,John,Castillo,M,Manila,SOCCSKSARGEN,customer3109@example.com,19/07/2024
CUST103111,Liza,Mendoza,Female,Quezon City,Central Visayas,customer3110@example.com,05/10/2023
CUST103112,James,Santos,M,Tagum,Metro Manila,customer3111@example.com,01/10/2022
CUST103113,Maria,Gonzales,F,Digos,Davao Region,customer3112@example.com,30/12/2020
CUST103114,Ella,Santos,M,Cebu City,Metro Manila,customer3113@example.com,06/10/2021
CUST103115,Paolo,Garcia,,Quezon City,Central Visayas,customer3114@example.com,11/10/2023
CUST103116,Miguel,Santos,M,Manila,Davao Region,customer3115@example.com,23/06/2024
CUST103117,Nicole,Flores,F,General Santos,Northern Mindanao,customer3116@example.com,28/09/2024
CUST103118,Nicole,Ramos,male,Panabo,Western Visayas,customer3117@example.com,30/11/2021
CUST103119,Juan,Mendoza,M,Iloilo,Northern Mindanao,customer3118@example.com,25/05/2022
CUST103120,Luis,Reyes,M,Quezon City,Davao Region,customer3119@example.com,05/07/2022
CUST103121,Nicole,Reyes,male,Quezon City,Davao Region,customer3120@example.com,11/04/2020
CUST103122,Marco,Gonzales,M,Digos,Davao Region,customer3121@example.com,28/07/2020
CUST103123,Miguel,Bautista,M,General Santos,Central Visayas,customer3122@example.com,22/03/2020
CUST103124,Nicole,Gonzales,F,Panabo,Central Visayas,customer3123@example.com,20/08/2023
CUST103125,Sofia,Navarro,M,Iloilo,Metro Manila,customer3124@example.com,07/02/2021
CUST103126,Luis,Navarro,female,Quezon City,Metro Manila,customer3125@example.com,14/06/2023
CUST103127,Patricia,Bautista,Male,Tagum,Metro Manila,customer3126@example.com,06/11/2021
CUST103128,Ella,Ramos,F,Panabo,SOCCSKSARGEN,customer3127@example.com,30/11/2023
CUST103129, Liza ,Torres,M,Cagayan de Oro,Northern Mindanao,customer3128@example.com,26/07/2020
CUST103130,James,Dela Cruz,Male,General Santos,Western Visayas,customer3129@example.com,08/08/2021
CUST103131,Paolo,Flores,Male,General Santos,Davao Region,customer3130@example.com,03/01/2021
CUST103132,Miguel,Reyes,M,Digos,SOCCSKSARGEN,customer3131@example.com,23/02/2022
CUST103133,James,Garcia,female,Cebu City,Central Visayas,customer3132@example.com,08/10/2022
CUST103134,Maria,Castillo,F,Quezon City,Central Visayas,customer3133@example.com,30/10/2020
CUST103135,Grace,Villanueva,Female,Iloilo,Davao Region,customer3134@example.com,15/04/2023
CUST103136,Juan,Reyes,M,General Santos,Metro Manila,customer3135@example.com,02/10/2024
CUST103137,Kevin,Reyes,M,Quezon City,Central Visayas,customer3136@example.com,18/03/2020
CUST103138,Miguel,Reyes,Female,Cebu City,SOCCSKSARGEN,customer3137@example.com,03/06/2020
CUST103139,Miguel,Bautista,Female,Tagum,Northern Mindanao,customer3138@example.com,09/09/2024
CUST103140,Miguel,Dela Cruz,F,Manila,Central Visayas,customer3139@example.com,14/03/2023
CUST103141,Miguel,Mendoza,M,Digos,SOCCSKSARGEN,customer3140@example.com,13/07/2024
CUST103142,Sofia,Santos,male,Cebu City,Western Visayas,customer3141@example.com,23/06/2023
CUST103143,Miguel,Rivera,M,Manila,Western Visayas,customer3142@example.com,15/07/2023
CUST103144,Kevin,Torres,F,Iloilo,Metro Manila,customer3143@example.com,10/10/2020
CUST103145,James,Bautista,Male,Iloilo,SOCCSKSARGEN,customer3144@example.com,10/07/2022
CUST103146,Kevin,Castillo,M,Quezon City,Northern Mindanao,customer3145@example.com,19/10/2021
CUST103147,Nicole,Cruz,M,Cagayan de Oro,Western Visayas,customer3146@example.com,09/02/2024
CUST103148,Patricia,Bautista,M,General Santos,Metro Manila,customer3147@example.com,18/03/2020
CUST103149,Marco,Navarro,female,General Santos,Central Visayas,customer3148@example.com,02/02/2020
CUST103150,Ana,Ramos,F,Iloilo,Northern Mindanao,customer3149@example.com,28/09/2022
CUST103151,Grace,Garcia,Male,Panabo,Metro Manila,customer3150@example.com,12/10/2024
CUST103152,John,Villanueva,,Cagayan de Oro,Davao Region,customer3151@example.com,25/11/2024
CUST103153,Mark,Gonzales,Male,Cebu City,Western Visayas,customer3152@example.com,04/12/2022
CUST103154,James,Torres,F,Davao City,Northern Mindanao,,12/02/2022
CUST103155,Maria,Reyes,F,Cebu City,Central Visayas,customer3154@example.com,06/05/2021
CUST103156,Patricia,Villanueva,F,Panabo,Northern Mindanao,customer3155@example.com,17/11/2024
CUST103157,James,Gonzales,F,Panabo,Central Visayas,customer3156@example.com,25/11/2020
CUST103158,Marco,Navarro,female,Cebu City,Central Visayas,customer3157@example.com,15/08/2020
CUST103159,Daniel,Ramos,Female,Davao City,Northern Mindanao,customer3158@example.com,04/07/2022
CUST103160,Luis,Garcia,F,Tagum,SOCCSKSARGEN,customer3159@example.com,07/12/2021
CUST103161,Ana,Reyes,F,General Santos,Western Visayas,,11/06/2022
CUST103162,Luis,Rivera,female,Cagayan de Oro,Central Visayas,customer3161@example.com,11/06/2024
CUST103163,Mark,Flores,M,Tagum,Davao Region,customer3162@example.com,30/04/2021
CUST103164,Angela,Dela Cruz,male,Digos,SOCCSKSARGEN,customer3163@example.com,27/04/2024
CUST103165,Ana,Castillo,M,Digos,Western Visayas,customer3164@example.com,16/01/2021
CUST103166,Sofia,Santos,Female,Cagayan de Oro,Metro Manila,customer3165@example.com,05/08/2021
CUST103167,Grace,Reyes,male,Digos,Metro Manila,customer3166@example.com,09/01/2020
CUST103168,Carlo,Garcia,F,Davao City,Davao Region,customer3167@example.com,06/05/2023
CUST103169,Patricia,Flores,M,Cagayan de Oro,Central Visayas,customer3168@example.com,25/03/2024
CUST103170,Nicole,Mendoza,male,Quezon City,Northern Mindanao,customer3169@example.com,14/05/2024
CUST103171,Nicole,Cruz,F,Cagayan de Oro,Metro Manila,customer3170@example.com,28/10/2020
CUST103172,Ella,Mendoza,F,Digos,SOCCSKSARGEN,customer3171@example.com,12/10/2023
CUST103173,Sofia,Mendoza,F,General Santos,Metro Manila,customer3172@example.com,11/09/2020
CUST103174,Angela,Navarro,F,Tagum,Metro Manila,customer3173@example.com,05/02/2023
CUST103175, Marco ,Ramos,Male,Panabo,Western Visayas,customer3174@example.com,18/06/2023
CUST103176,Kevin,Gonzales,M,General Santos,SOCCSKSARGEN,customer3175@example.com,01/10/2020
CUST103177,Nicole,Bautista,F,Cagayan de Oro,Davao Region,customer3176@example.com,17/07/2020
CUST103178,Carlo,Dela Cruz,female,General Santos,Northern Mindanao,customer3177@example.com,11/05/2020
CUST103179,John,Gonzales,M,Iloilo,Northern Mindanao,customer3178@example.com,29/06/2023
CUST103180,Mark,Navarro,F,Cebu City,Western Visayas,customer3179@example.com,11/01/2023
CUST103181,John,Garcia,Male,Davao City,Central Visayas,customer3180@example.com,02/08/2020
CUST103182,Mark,Mendoza,female,Cagayan de Oro,Western Visayas,customer3181@example.com,19/06/2022
CUST103183,Grace,Castillo,F,Cagayan de Oro,Central Visayas,customer3182@example.com,03/12/2023
CUST103184,Maria,Villanueva,male,Davao City,SOCCSKSARGEN,customer3183@example.com,04/03/2021
CUST103185,Nicole,Mendoza,M,Digos,Western Visayas,customer3184@example.com,26/12/2022
CUST103186,Ella,Cruz,F,Quezon City,Davao Region,customer3185@example.com,10/06/2021
CUST103187,James,Garcia,female,Digos,SOCCSKSARGEN,,14/04/2021
CUST103188,Sofia,Reyes,female,General Santos,SOCCSKSARGEN,customer3187@example.com,06/12/2021
CUST103189,Maria,Castillo,F,Panabo,Davao Region,customer3188@example.com,25/09/2021
CUST103190,Patricia,Navarro,F,Davao City,Central Visayas,customer3189@example.com,10/06/2022
CUST103191,Juan,Flores,F,Digos,SOCCSKSARGEN,customer3190@example.com,04/01/2021
CUST103192,Daniel,Aquino,M,Manila,SOCCSKSARGEN,customer3191@example.com,03/12/2021
CUST103193,Daniel,Villanueva,female,Iloilo,Central Visayas,customer3192@example.com,25/01/2023
CUST103194,Mark,Bautista,male,Cebu City,Metro Manila,customer3193@example.com,28/11/2021
CUST103195,Grace,Cruz,F,Quezon City,Davao Region,customer3194@example.com,27/03/2023
CUST103196,Mark,Ramos,M,Cebu City,Metro Manila,customer3195@example.com,27/07/2020
CUST103197,John,Gonzales,F,Cebu City,Metro Manila,customer3196@example.com,04/09/2020
CUST103198,Patricia,Bautista,M,General Santos,Central Visayas,customer3197@example.com,07/04/2024
CUST103199,Marco,Mendoza,Female,Davao City,Northern Mindanao,customer3198@example.com,11/04/2022
CUST103200,Carlo,Torres,F,General Santos,Western Visayas,customer3199@example.com,01/01/2023
CUST103201,Ella,Gonzales,M,Quezon City,Central Visayas,customer3200@example.com,24/08/2023
CUST103202,Ella,Santos,Male,Cagayan de Oro,Northern Mindanao,customer3201@example.com,19/09/2020
CUST103203,James,Navarro,,Manila,Central Visayas,customer3202@example.com,16/10/2024
CUST103204,Ana,Reyes,M,Davao City,Central Visayas,customer3203@example.com,01/02/2022
CUST103205,Carlo,Gonzales,F,Panabo,Northern Mindanao,customer3204@example.com,20/05/2024
CUST103206,Daniel,Santos,F,Panabo,Metro Manila,customer3205@example.com,20/01/2022
CUST103207,Marco,Santos,M,Digos,SOCCSKSARGEN,customer3206@example.com,31/12/2021
CUST103208,Patricia,Mendoza,F,Iloilo,Western Visayas,customer3207@example.com,17/12/2022
CUST103209,Sofia,Garcia,Male,General Santos,Northern Mindanao,customer3208@example.com,09/12/2020
CUST103210,John,Flores,M,Cebu City,Central Visayas,customer3209@example.com,31/12/2022
CUST103211,Marco,Dela Cruz,M,Cebu City,Metro Manila,customer3210@example.com,04/11/2024
CUST103212,Carlo,Mendoza,male,General Santos,Western Visayas,customer3211@example.com,07/03/2023
CUST103213,Angela,Ramos,F,Iloilo,Western Visayas,customer3212@example.com,06/05/2020
CUST103214,Marco,Navarro,Male,Panabo,Central Visayas,customer3213@example.com,10/06/2023
CUST103215,Kevin,Gonzales,Male,Davao City,Northern Mindanao,,01/03/2020
CUST103216,Carlo,Flores,male,Manila,Metro Manila,customer3215@example.com,05/07/2020
CUST103217,Juan,Ramos,Female,Cebu City,Davao Region,customer3216@example.com,27/05/2021
CUST103218,Sofia,Aquino,male,Panabo,Western Visayas,customer3217@example.com,02/07/2021
CUST103219,Marco,Cruz,Male,Quezon City,SOCCSKSARGEN,customer3218@example.com,07/01/2020
CUST103220,Sofia,Aquino,F,Tagum,Western Visayas,customer3219@example.com,01/02/2020
CUST103221,Daniel,Villanueva,F,Panabo,Central Visayas,customer3220@example.com,21/11/2023
CUST103222,Carlo,Mendoza,F,Tagum,Western Visayas,customer3221@example.com,29/03/2022
CUST103223,James,Cruz,F,Tagum,Metro Manila,customer3222@example.com,25/12/2020
CUST103224,James,Mendoza,M,Manila,Metro Manila,customer3223@example.com,11/02/2022
CUST103225,Nicole,Dela Cruz,F,Manila,SOCCSKSARGEN,customer3224@example.com,01/06/2023
CUST103226,James,Ramos,F,Cebu City,Northern Mindanao,customer3225@example.com,14/08/2023
CUST103227,Kevin,Villanueva,M,Quezon City,Western Visayas,customer3226@example.com,02/06/2021
CUST103228,Paolo,Ramos,M,Davao City,Western Visayas,customer3227@example.com,27/10/2020
CUST103229, Grace ,Cruz,Female,Cebu City,Metro Manila,customer3228@example.com,22/09/2024
CUST103230,Patricia,Mendoza,F,Tagum,Davao Region,customer3229@example.com,10/02/2023
CUST103231,Patricia,Castillo,male,Iloilo,Western Visayas,customer3230@example.com,04/11/2024
CUST103232,John,Mendoza,F,Cebu City,Northern Mindanao,customer3231@example.com,06/07/2021
CUST103233,Daniel,Ramos,male,Manila,SOCCSKSARGEN,customer3232@example.com,19/07/2020
CUST103234,Juan,Castillo,Female,Cagayan de Oro,Western Visayas,customer3233@example.com,18/11/2021
CUST103235,Kevin,Mendoza,M,Digos,Central Visayas,customer3234@example.com,13/08/2021
CUST103236,Kevin,Aquino,,Cebu City,Central Visayas,customer3235@example.com,18/07/2023
CUST103237,Paolo,Torres,M,Quezon City,Davao Region,customer3236@example.com,13/07/2023
CUST103238,Marco,Cruz,F,Tagum,Central Visayas,customer3237@example.com,08/05/2020
CUST103239,Luis,Mendoza,Female,Quezon City,Davao Region,customer3238@example.com,23/11/2022
CUST103240,Juan,Flores,F,Manila,SOCCSKSARGEN,customer3239@example.com,09/09/2021
CUST103241, John ,Santos,F,Davao City,Metro Manila,customer3240@example.com,11/01/2023
CUST103242,John,Gonzales,F,Iloilo,Northern Mindanao,customer3241@example.com,05/12/2021
CUST103243,Luis,Navarro,M,Tagum,Western Visayas,customer3242@example.com,25/08/2022
CUST103244,Liza,Santos,M,Cebu City,Davao Region,customer3243@example.com,12/07/2023
CUST103245,Grace,Villanueva,M,Tagum,Metro Manila,customer3244@example.com,12/06/2021
CUST103246,Patricia,Villanueva,M,Tagum,Davao Region,customer3245@example.com,24/12/2020
CUST103247,James,Santos,Male,Cebu City,Davao Region,customer3246@example.com,24/06/2023
CUST103248,Maria,Cruz,F,Cebu City,Northern Mindanao,customer3247@example.com,01/09/2024
CUST103249,Ana,Mendoza,F,Cebu City,Northern Mindanao,customer3248@example.com,10/03/2022
CUST103250,Paolo,Navarro,Male,Digos,Western Visayas,customer3249@example.com,30/11/2024
CUST103251,Angela,Castillo,M,Quezon City,SOCCSKSARGEN,customer3250@example.com,28/11/2020
CUST103252,Grace,Torres,M,Davao City,Western Visayas,customer3251@example.com,14/01/2024
CUST103253,Mark,Ramos,Female,Quezon City,Western Visayas,customer3252@example.com,13/11/2024
CUST103254,Paolo,Santos,female,Digos,Metro Manila,customer3253@example.com,23/06/2021
CUST103255,John,Aquino,F,Cebu City,Central Visayas,customer3254@example.com,23/09/2020
CUST103256,Mark,Gonzales,M,Iloilo,Northern Mindanao,customer3255@example.com,09/04/2023
CUST103257,Mark,Navarro,Female,Panabo,SOCCSKSARGEN,customer3256@example.com,13/04/2024
CUST103258,Mark,Flores,female,General Santos,Metro Manila,customer3257@example.com,29/05/2020
CUST103259,Kevin,Dela Cruz,F,Quezon City,Metro Manila,customer3258@example.com,27/02/2023
CUST103260, Sofia ,Rivera,M,Quezon City,Davao Region,customer3259@example.com,17/04/2024
CUST103261,Sofia,Santos,M,Panabo,Central Visayas,customer3260@example.com,27/02/2020
CUST103262,Miguel,Dela Cruz,F,Cagayan de Oro,Western Visayas,customer3261@example.com,17/07/2022
CUST103263,Grace,Cruz,female,Digos,Central Visayas,customer3262@example.com,18/05/2020
CUST103264,Luis,Villanueva,Male,Cagayan de Oro,Metro Manila,customer3263@example.com,13/11/2020
CUST103265,Liza,Flores,F,Digos,Western Visayas,customer3264@example.com,25/05/2022
CUST103266,Nicole,Gonzales,Male,Davao City,Davao Region,customer3265@example.com,12/08/2021
CUST103267,Grace,Aquino,male,Iloilo,SOCCSKSARGEN,customer3266@example.com,02/06/2020
CUST103268,Daniel,Navarro,F,Cebu City,Western Visayas,customer3267@example.com,12/12/2023
CUST103269, Ana ,Navarro,male,General Santos,Central Visayas,customer3268@example.com,31/12/2020
CUST103270,Marco,Garcia,F,Tagum,Western Visayas,customer3269@example.com,15/04/2024
CUST103271,Mark,Navarro,F,Davao City,Davao Region,customer3270@example.com,14/11/2020
CUST103272,Sofia,Aquino,F,General Santos,Northern Mindanao,customer3271@example.com,24/07/2022
CUST103273,Daniel,Rivera,F,Cebu City,Davao Region,customer3272@example.com,01/08/2023
CUST103274,Sofia,Navarro,,Panabo,Metro Manila,customer3273@example.com,14/05/2022
CUST103275,John,Rivera,F,Manila,SOCCSKSARGEN,customer3274@example.com,20/01/2022
CUST103276,Ella,Rivera,F,Digos,Metro Manila,customer3275@example.com,13/09/2023
CUST103277,Maria,Navarro,F,Davao City,Western Visayas,customer3276@example.com,22/01/2020
CUST103278,John,Flores,F,Cagayan de Oro,Davao Region,customer3277@example.com,27/01/2024
CUST103279,Marco,Cruz,F,Tagum,SOCCSKSARGEN,customer3278@example.com,26/05/2023
CUST103280,Grace,Dela Cruz,Female,Davao City,Northern Mindanao,customer3279@example.com,08/10/2023
CUST103281,Maria,Gonzales,F,Tagum,Metro Manila,customer3280@example.com,27/01/2022
CUST103282,James,Cruz,F,Panabo,Western Visayas,customer3281@example.com,22/11/2021
CUST103283,Marco,Torres,Male,Cagayan de Oro,SOCCSKSARGEN,customer3282@example.com,26/10/2022
CUST103284,Maria,Castillo,M,Iloilo,SOCCSKSARGEN,customer3283@example.com,01/03/2023
CUST103285,Sofia,Garcia,Male,Panabo,Metro Manila,customer3284@example.com,23/07/2024
CUST103286,Miguel,Rivera,F,Davao City,Metro Manila,customer3285@example.com,23/03/2024
CUST103287,Ana,Aquino,F,Tagum,Central Visayas,customer3286@example.com,07/04/2020
CUST103288,John,Santos,Female,Digos,Metro Manila,customer3287@example.com,30/09/2020
CUST103289,Mark,Garcia,Female,Panabo,Western Visayas,customer3288@example.com,30/08/2024
CUST103290,Mark,Castillo,male,Digos,Metro Manila,customer3289@example.com,29/11/2021
CUST103291,Sofia,Villanueva,F,Iloilo,Metro Manila,customer3290@example.com,10/11/2022
CUST103292,Miguel,Gonzales,F,Digos,Central Visayas,customer3291@example.com,11/04/2020
CUST103293,John,Villanueva,Female,Cebu City,Northern Mindanao,customer3292@example.com,07/07/2020
CUST103294, Carlo ,Reyes,F,Cebu City,Davao Region,customer3293@example.com,05/01/2022
CUST103295,Mark,Castillo,Male,Tagum,Central Visayas,customer3294@example.com,15/07/2023
CUST103296,James,Reyes,F,Panabo,Central Visayas,customer3295@example.com,22/10/2023
CUST103297,John,Reyes,Female,General Santos,Metro Manila,customer3296@example.com,29/05/2024
CUST103298,Ella,Castillo,M,General Santos,SOCCSKSARGEN,customer3297@example.com,20/12/2020
CUST103299,Liza,Flores,F,Davao City,Western Visayas,customer3298@example.com,29/12/2020
CUST103300,Patricia,Aquino,M,Cebu City,Western Visayas,customer3299@example.com,02/09/2022
CUST103301,Nicole,Villanueva,F,Digos,Metro Manila,customer3300@example.com,11/09/2022
CUST103302,Carlo,Reyes,Male,Digos,SOCCSKSARGEN,customer3301@example.com,06/03/2020
CUST103303,Nicole,Navarro,F,Cebu City,SOCCSKSARGEN,customer3302@example.com,15/03/2022
CUST103304,Carlo,Villanueva,F,Iloilo,Davao Region,customer3303@example.com,03/06/2024
CUST103305,Ana,Flores,female,Quezon City,Metro Manila,customer3304@example.com,22/10/2020
CUST103306,Carlo,Navarro,Female,Iloilo,Metro Manila,customer3305@example.com,16/01/2024
CUST103307,Carlo,Flores,F,General Santos,SOCCSKSARGEN,customer3306@example.com,16/03/2022
CUST103308,Ana,Gonzales,female,Tagum,Metro Manila,customer3307@example.com,01/08/2022
CUST103309,Juan,Santos,F,Panabo,Davao Region,customer3308@example.com,28/02/2023
CUST103310,Ella,Gonzales,Female,Digos,Northern Mindanao,customer3309@example.com,24/06/2023
CUST103311,Liza,Villanueva,M,Digos,Davao Region,customer3310@example.com,21/02/2023
CUST103312,Sofia,Villanueva,M,Panabo,Northern Mindanao,customer3311@example.com,06/07/2020
CUST103313,Ella,Torres,F,Tagum,Davao Region,customer3312@example.com,15/06/2021
CUST103314,John,Navarro,M,Tagum,Western Visayas,customer3313@example.com,01/03/2024
CUST103315, Sofia ,Mendoza,F,Cebu City,Central Visayas,customer3314@example.com,13/03/2020
CUST103316,Patricia,Dela Cruz,M,General Santos,Western Visayas,customer3315@example.com,11/07/2023
CUST103317,Nicole,Gonzales,Male,Davao City,SOCCSKSARGEN,customer3316@example.com,25/07/2022
CUST103318,Paolo,Navarro,M,Cagayan de Oro,Metro Manila,customer3317@example.com,03/08/2020
CUST103319,Carlo,Castillo,M,Quezon City,Central Visayas,customer3318@example.com,08/08/2020
CUST103320,Juan,Reyes,,General Santos,Northern Mindanao,customer3319@example.com,31/10/2024
CUST103321,Maria,Bautista,Male,Digos,Western Visayas,customer3320@example.com,25/02/2020
CUST103322,Mark,Aquino,female,Panabo,Metro Manila,customer3321@example.com,10/02/2020
CUST103323,James,Rivera,F,Digos,Western Visayas,customer3322@example.com,31/01/2020
CUST103324,Nicole,Cruz,M,Panabo,Davao Region,customer3323@example.com,05/02/2023
CUST103325,Sofia,Navarro,F,Iloilo,Davao Region,customer3324@example.com,25/07/2024
CUST103326,James,Navarro,F,Iloilo,Davao Region,customer3325@example.com,05/11/2020
CUST103327,Mark,Navarro,M,Digos,Western Visayas,customer3326@example.com,03/12/2023
CUST103328,John,Santos,male,Iloilo,Metro Manila,customer3327@example.com,18/07/2023
CUST103329,Paolo,Flores,Male,Quezon City,Northern Mindanao,customer3328@example.com,17/02/2021
CUST103330,Ella,Dela Cruz,Female,Davao City,Northern Mindanao,customer3329@example.com,06/05/2020
CUST103331,Nicole,Ramos,F,General Santos,Metro Manila,customer3330@example.com,28/05/2022
CUST103332,Luis,Garcia,Male,Cebu City,SOCCSKSARGEN,customer3331@example.com,25/05/2020
CUST103333,John,Torres,M,General Santos,SOCCSKSARGEN,customer3332@example.com,23/07/2020
CUST103334,Patricia,Ramos,,General Santos,Central Visayas,customer3333@example.com,19/04/2022
CUST103335,Maria,Reyes,F,General Santos,Western Visayas,customer3334@example.com,08/01/2024
CUST103336,John,Bautista,M,Cebu City,Davao Region,customer3335@example.com,24/11/2024
CUST103337,Liza,Castillo,M,Panabo,SOCCSKSARGEN,customer3336@example.com,04/02/2023
CUST103338,Maria,Santos,Male,Cagayan de Oro,Davao Region,customer3337@example.com,12/05/2021
CUST103339,Luis,Reyes,,Panabo,Central Visayas,customer3338@example.com,13/08/2021
CUST103340,Luis,Villanueva,female,Quezon City,Western Visayas,customer3339@example.com,07/01/2023
CUST103341,Liza,Dela Cruz,Female,Davao City,SOCCSKSARGEN,customer3340@example.com,07/11/2020
CUST103342,Angela,Villanueva,,Davao City,Northern Mindanao,customer3341@example.com,22/07/2022
CUST103343,Maria,Flores,Female,Davao City,Metro Manila,customer3342@example.com,16/10/2023
CUST103344,Nicole,Mendoza,F,Digos,Northern Mindanao,customer3343@example.com,24/02/2024
CUST103345,Liza,Dela Cruz,Male,Cebu City,Davao Region,customer3344@example.com,16/04/2020
CUST103346,James,Aquino,M,Iloilo,Central Visayas,customer3345@example.com,03/06/2021
CUST103347,Nicole,Reyes,M,General Santos,Metro Manila,customer3346@example.com,03/04/2021
CUST103348,Ana,Torres,F,Tagum,Northern Mindanao,customer3347@example.com,25/09/2022
CUST103349,Ana,Mendoza,M,Digos,SOCCSKSARGEN,customer3348@example.com,29/11/2020
CUST103350,James,Cruz,female,Tagum,Metro Manila,customer3349@example.com,07/09/2024
CUST103351,Mark,Mendoza,,General Santos,Central Visayas,customer3350@example.com,08/07/2024
CUST103352,Ella,Navarro,F,Manila,Central Visayas,customer3351@example.com,21/08/2021
CUST103353,Ana,Aquino,Female,Davao City,Central Visayas,customer3352@example.com,02/01/2022
CUST103354,Grace,Reyes,F,Manila,Davao Region,customer3353@example.com,01/03/2022
CUST103355,Marco,Villanueva,M,Panabo,Metro Manila,customer3354@example.com,17/03/2020
CUST103356,Sofia,Gonzales,F,Cebu City,Western Visayas,customer3355@example.com,18/05/2024
CUST103357,Maria,Castillo,M,Quezon City,Central Visayas,customer3356@example.com,03/11/2023
CUST103358,Luis,Gonzales,F,Manila,Central Visayas,customer3357@example.com,21/08/2021
CUST103359,Mark,Torres,M,Cebu City,SOCCSKSARGEN,customer3358@example.com,12/09/2022
CUST103360,Liza,Villanueva,M,Cebu City,Metro Manila,customer3359@example.com,16/11/2021
CUST103361,Marco,Castillo,M,Tagum,Northern Mindanao,customer3360@example.com,14/02/2021
CUST103362,Grace,Ramos,female,Tagum,Davao Region,customer3361@example.com,01/07/2021
CUST103363,Juan,Cruz,M,Digos,Western Visayas,customer3362@example.com,11/07/2020
CUST103364,Patricia,Navarro,F,Cebu City,Metro Manila,customer3363@example.com,28/12/2023
CUST103365,Mark,Gonzales,F,Cebu City,Metro Manila,customer3364@example.com,24/03/2023
CUST103366,Grace,Rivera,F,Manila,Northern Mindanao,customer3365@example.com,01/08/2024
CUST103367,Nicole,Flores,F,Digos,Northern Mindanao,customer3366@example.com,12/01/2020
CUST103368,Carlo,Garcia,M,Quezon City,Central Visayas,customer3367@example.com,09/02/2023
CUST103369,Sofia,Castillo,Male,General Santos,Western Visayas,customer3368@example.com,05/10/2022
CUST103370,Ana,Reyes,F,Panabo,Northern Mindanao,customer3369@example.com,27/01/2023
CUST103371,Marco,Cruz,Male,Manila,Metro Manila,customer3370@example.com,16/11/2024
CUST103372,John,Navarro,F,Tagum,SOCCSKSARGEN,customer3371@example.com,03/12/2021
CUST103373,Angela,Rivera,F,General Santos,Northern Mindanao,customer3372@example.com,10/09/2020
CUST103374,Liza,Mendoza,F,Manila,Northern Mindanao,customer3373@example.com,23/01/2020
CUST103375,Daniel,Flores,M,Manila,Northern Mindanao,customer3374@example.com,04/06/2022
CUST103376,Liza,Mendoza,F,Panabo,SOCCSKSARGEN,customer3375@example.com,09/11/2020
CUST103377,Liza,Flores,M,Tagum,Metro Manila,customer3376@example.com,10/09/2020
CUST103378,Kevin,Santos,F,Davao City,SOCCSKSARGEN,customer3377@example.com,22/09/2020
CUST103379,Luis,Ramos,Male,Davao City,SOCCSKSARGEN,customer3378@example.com,13/05/2021
CUST103380,Paolo,Ramos,M,Quezon City,Central Visayas,customer3379@example.com,27/07/2020
CUST103381,Patricia,Mendoza,M,Manila,Davao Region,customer3380@example.com,24/05/2022
CUST103382,James,Dela Cruz,Male,Cagayan de Oro,Northern Mindanao,customer3381@example.com,23/03/2023
CUST103383,Marco,Bautista,F,Cagayan de Oro,Metro Manila,customer3382@example.com,04/06/2021
CUST103384,Ella,Garcia,male,Digos,Central Visayas,customer3383@example.com,02/09/2020
CUST103385,James,Santos,female,Tagum,Davao Region,customer3384@example.com,27/10/2022
CUST103386,John,Santos,female,Davao City,SOCCSKSARGEN,customer3385@example.com,03/06/2020
CUST103387,James,Gonzales,F,Cebu City,Northern Mindanao,customer3386@example.com,20/08/2023
CUST103388,Grace,Mendoza,M,Davao City,Metro Manila,customer3387@example.com,19/11/2021
CUST103389,Carlo,Reyes,Male,Tagum,SOCCSKSARGEN,customer3388@example.com,07/01/2022
CUST103390,Daniel,Gonzales,Male,Manila,Metro Manila,customer3389@example.com,24/03/2021
CUST103391,Carlo,Cruz,Male,Cagayan de Oro,Western Visayas,customer3390@example.com,24/05/2021
CUST103392,Liza,Mendoza,F,General Santos,Davao Region,customer3391@example.com,19/09/2020
CUST103393,James,Santos,M,Panabo,Western Visayas,customer3392@example.com,01/10/2022
CUST103394,Mark,Aquino,M,Tagum,SOCCSKSARGEN,customer3393@example.com,20/09/2020
CUST103395,Angela,Castillo,M,General Santos,SOCCSKSARGEN,customer3394@example.com,09/05/2023
CUST103396,James,Bautista,M,Digos,Davao Region,customer3395@example.com,06/04/2021
CUST103397,Miguel,Dela Cruz,female,Cagayan de Oro,Northern Mindanao,customer3396@example.com,14/10/2022
CUST103398,Marco,Mendoza,M,Tagum,Davao Region,customer3397@example.com,24/08/2022
CUST103399,Juan,Rivera,Male,Panabo,SOCCSKSARGEN,customer3398@example.com,14/02/2023
CUST103400,Grace,Villanueva,female,Tagum,Northern Mindanao,customer3399@example.com,26/09/2023
CUST103401,Patricia,Santos,F,General Santos,Metro Manila,customer3400@example.com,06/10/2022
CUST103402,Ella,Castillo,F,Panabo,Central Visayas,customer3401@example.com,14/03/2024
CUST103403,Mark,Villanueva,Male,Panabo,Western Visayas,customer3402@example.com,11/04/2021
CUST103404,Marco,Navarro,F,Cagayan de Oro,SOCCSKSARGEN,customer3403@example.com,14/09/2023
CUST103405,Paolo,Aquino,F,General Santos,Northern Mindanao,customer3404@example.com,09/09/2021
CUST103406,Paolo,Santos,male,Panabo,Western Visayas,,04/02/2023
CUST103407,Paolo,Santos,Female,Cebu City,Northern Mindanao,customer3406@example.com,04/06/2022
CUST103408,Nicole,Santos,male,Digos,Northern Mindanao,customer3407@example.com,21/06/2024
CUST103409,Daniel,Cruz,,Digos,Davao Region,customer3408@example.com,03/05/2021
CUST103410,Miguel,Rivera,F,General Santos,Central Visayas,customer3409@example.com,24/07/2022
CUST103411,Maria,Aquino,Female,Tagum,Metro Manila,customer3410@example.com,23/10/2020
CUST103412,Marco,Bautista,Male,General Santos,Western Visayas,,14/02/2023
CUST103413,John,Dela Cruz,Male,Cagayan de Oro,SOCCSKSARGEN,customer3412@example.com,07/03/2020
CUST103414,Maria,Rivera,Female,Tagum,Metro Manila,customer3413@example.com,10/01/2022
CUST103415,Kevin,Garcia,Female,Cagayan de Oro,Central Visayas,customer3414@example.com,18/01/2020
CUST103416,Sofia,Gonzales,female,Davao City,Northern Mindanao,customer3415@example.com,12/08/2021
CUST103417,Nicole,Santos,F,Cebu City,SOCCSKSARGEN,customer3416@example.com,21/05/2022
CUST103418,Luis,Santos,Male,Davao City,Central Visayas,customer3417@example.com,20/08/2021
CUST103419,Maria,Reyes,M,Tagum,Western Visayas,customer3418@example.com,25/11/2021
CUST103420,Carlo,Bautista,F,Digos,Metro Manila,customer3419@example.com,23/09/2020
CUST103421,Liza,Dela Cruz,Female,Cebu City,SOCCSKSARGEN,customer3420@example.com,10/07/2023
CUST103422,James,Flores,Female,Manila,SOCCSKSARGEN,customer3421@example.com,04/12/2023
CUST103423,Nicole,Flores,F,General Santos,Western Visayas,customer3422@example.com,29/03/2022
CUST103424,Paolo,Bautista,F,Tagum,Metro Manila,customer3423@example.com,09/04/2020
CUST103425,Nicole,Mendoza,F,Digos,Davao Region,customer3424@example.com,22/04/2020
CUST103426,Marco,Santos,M,Manila,Davao Region,customer3425@example.com,29/04/2023
CUST103427,Miguel,Torres,M,Davao City,Metro Manila,customer3426@example.com,30/07/2024
CUST103428,Luis,Dela Cruz,female,Manila,Western Visayas,customer3427@example.com,05/04/2024
CUST103429,James,Castillo,F,Digos,Western Visayas,customer3428@example.com,30/12/2021
CUST103430,Angela,Bautista,,Davao City,Northern Mindanao,customer3429@example.com,14/06/2022
CUST103431,John,Reyes,M,Cebu City,Metro Manila,customer3430@example.com,20/10/2020
CUST103432,James,Bautista,Female,Davao City,SOCCSKSARGEN,customer3431@example.com,06/05/2020
CUST103433,John,Reyes,F,Digos,Davao Region,customer3432@example.com,10/10/2023
CUST103434,Angela,Ramos,Male,Tagum,Central Visayas,customer3433@example.com,10/02/2022
CUST103435,John,Torres,Male,Cagayan de Oro,SOCCSKSARGEN,customer3434@example.com,13/06/2022
CUST103436,Nicole,Dela Cruz,Female,Davao City,Northern Mindanao,customer3435@example.com,09/09/2021
CUST103437,Carlo,Flores,female,Davao City,Northern Mindanao,customer3436@example.com,17/07/2021
CUST103438,Daniel,Dela Cruz,F,Cagayan de Oro,Central Visayas,customer3437@example.com,08/11/2024
CUST103439,Ella,Bautista,M,Iloilo,Western Visayas,customer3438@example.com,09/01/2024
CUST103440,Patricia,Rivera,M,Davao City,Northern Mindanao,customer3439@example.com,29/05/2023
CUST103441,Ella,Villanueva,Female,General Santos,Western Visayas,customer3440@example.com,01/12/2021
CUST103442,Juan,Flores,F,Quezon City,Northern Mindanao,customer3441@example.com,22/07/2023
CUST103443,Miguel,Navarro,F,Panabo,Central Visayas,,02/09/2021
CUST103444,John,Flores,F,General Santos,Metro Manila,customer3443@example.com,17/07/2022
CUST103445,Ella,Bautista,F,Quezon City,Davao Region,customer3444@example.com,18/09/2020
CUST103446,Grace,Navarro,Female,Manila,Western Visayas,customer3445@example.com,30/06/2023
CUST103447,Angela,Flores,Female,Panabo,Western Visayas,,18/04/2020
CUST103448,Kevin,Torres,Female,Manila,SOCCSKSARGEN,customer3447@example.com,24/07/2023
CUST103449,Nicole,Torres,Female,Cebu City,Northern Mindanao,customer3448@example.com,22/12/2022
CUST103450,Miguel,Navarro,female,Cagayan de Oro,Central Visayas,customer3449@example.com,29/04/2020
CUST103451,Miguel,Castillo,F,General Santos,SOCCSKSARGEN,customer3450@example.com,29/06/2022
CUST103452,Maria,Torres,,Iloilo,Davao Region,customer3451@example.com,04/02/2021
CUST103453,Miguel,Bautista,M,Quezon City,Central Visayas,customer3452@example.com,07/05/2022
CUST103454,Angela,Villanueva,Male,Iloilo,Central Visayas,customer3453@example.com,24/01/2020
CUST103455,Patricia,Torres,Female,Cebu City,Central Visayas,customer3454@example.com,23/07/2023
CUST103456,Luis,Gonzales,F,Digos,Central Visayas,customer3455@example.com,06/07/2022
CUST103457,James,Cruz,M,Tagum,Western Visayas,customer3456@example.com,14/10/2021
CUST103458,Juan,Gonzales,F,Tagum,Northern Mindanao,customer3457@example.com,25/04/2024
CUST103459,Patricia,Dela Cruz,F,Iloilo,SOCCSKSARGEN,customer3458@example.com,06/03/2023
CUST103460,Paolo,Ramos,female,Digos,SOCCSKSARGEN,customer3459@example.com,02/01/2023
CUST103461,Sofia,Dela Cruz,F,Tagum,Northern Mindanao,customer3460@example.com,21/09/2020
CUST103462,Ella,Flores,M,Panabo,SOCCSKSARGEN,customer3461@example.com,19/06/2022
CUST103463,Luis,Mendoza,F,Davao City,Northern Mindanao,customer3462@example.com,15/06/2023
CUST103464,Maria,Castillo,F,Cagayan de Oro,Davao Region,customer3463@example.com,24/07/2024
CUST103465,Paolo,Reyes,M,Cagayan de Oro,Central Visayas,customer3464@example.com,23/12/2022
CUST103466,Grace,Villanueva,F,Digos,Western Visayas,customer3465@example.com,05/11/2020
CUST103467,Liza,Gonzales,F,Manila,SOCCSKSARGEN,customer3466@example.com,05/05/2023
CUST103468,Carlo,Ramos,M,General Santos,Metro Manila,customer3467@example.com,14/05/2020
CUST103469,Liza,Navarro,F,Iloilo,Western Visayas,customer3468@example.com,17/07/2021
CUST103470,Luis,Castillo,F,Manila,Northern Mindanao,customer3469@example.com,09/07/2024
CUST103471,John,Garcia,Female,Davao City,SOCCSKSARGEN,customer3470@example.com,14/12/2023
CUST103472,Grace,Castillo,F,Panabo,Metro Manila,customer3471@example.com,13/06/2024
CUST103473,Grace,Garcia,M,Manila,Davao Region,customer3472@example.com,26/09/2021
CUST103474,Luis,Aquino,female,Cagayan de Oro,Davao Region,customer3473@example.com,14/05/2023
CUST103475,Carlo,Dela Cruz,F,Manila,Northern Mindanao,customer3474@example.com,14/06/2023
CUST103476,John,Castillo,M,Digos,Davao Region,customer3475@example.com,18/03/2021
CUST103477,Liza,Bautista,male,Davao City,Northern Mindanao,customer3476@example.com,23/08/2024
CUST103478,Liza,Garcia,M,Manila,SOCCSKSARGEN,customer3477@example.com,11/10/2024
CUST103479,Sofia,Ramos,Female,Manila,Northern Mindanao,customer3478@example.com,17/07/2020
CUST103480,James,Flores,Female,Cebu City,Metro Manila,customer3479@example.com,09/10/2023
CUST103481,James,Dela Cruz,,General Santos,SOCCSKSARGEN,customer3480@example.com,16/03/2022
CUST103482,John,Ramos,,Davao City,Northern Mindanao,customer3481@example.com,28/04/2023
CUST103483,James,Rivera,M,Manila,Western Visayas,customer3482@example.com,24/09/2022
CUST103484,John,Santos,Female,Cebu City,Central Visayas,customer3483@example.com,05/02/2021
CUST103485,Sofia,Rivera,F,Cebu City,Northern Mindanao,customer3484@example.com,21/06/2020
CUST103486,Juan,Villanueva,Male,Tagum,SOCCSKSARGEN,customer3485@example.com,12/07/2022
CUST103487,Angela,Navarro,F,Manila,Metro Manila,customer3486@example.com,15/02/2024
CUST103488,Marco,Ramos,M,Manila,Central Visayas,customer3487@example.com,20/01/2024
CUST103489,Sofia,Mendoza,M,Quezon City,Western Visayas,customer3488@example.com,09/05/2021
CUST103490,Grace,Cruz,M,Cagayan de Oro,SOCCSKSARGEN,customer3489@example.com,28/03/2024
CUST103491,Ana,Ramos,M,Manila,Western Visayas,customer3490@example.com,02/10/2021
CUST103492,Nicole,Villanueva,M,General Santos,SOCCSKSARGEN,customer3491@example.com,07/10/2022
CUST103493,Paolo,Garcia,female,Cebu City,Northern Mindanao,customer3492@example.com,06/08/2021
CUST103494, Grace ,Castillo,F,Cebu City,Central Visayas,customer3493@example.com,30/07/2022
CUST103495,Ella,Castillo,Female,Manila,Northern Mindanao,customer3494@example.com,10/08/2022
CUST103496,Liza,Bautista,male,Quezon City,Western Visayas,customer3495@example.com,09/06/2023
CUST103497,Ana,Mendoza,Female,Davao City,Western Visayas,customer3496@example.com,29/04/2022
CUST103498,Miguel,Torres,F,Manila,Metro Manila,customer3497@example.com,08/08/2022
CUST103499,Ana,Torres,male,Manila,Metro Manila,customer3498@example.com,18/03/2023
CUST103500,Sofia,Villanueva,Female,Cagayan de Oro,Western Visayas,customer3499@example.com,21/01/2022
CUST101651,Mark,Cruz,Male,Cebu City,Davao Region,customer1650@example.com,05/12/2020
CUST102457,Patricia,Garcia,F,Davao City,Davao Region,customer2456@example.com,05/05/2022
CUST102233,Ella,Villanueva,Male,Panabo,Metro Manila,customer2232@example.com,20/06/2024
CUST101946,Ana,Mendoza,M,Cagayan de Oro,Central Visayas,customer1945@example.com,10/03/2020
CUST100310, Ana ,Ramos,Female,Quezon City,SOCCSKSARGEN,customer309@example.com,27/08/2021
CUST102342,Paolo,Rivera,F,Iloilo,Northern Mindanao,customer2341@example.com,05/03/2022
CUST101667,James,Castillo,F,General Santos,Metro Manila,customer1666@example.com,04/10/2024
CUST101682,Juan,Bautista,F,Quezon City,Western Visayas,customer1681@example.com,08/01/2023
CUST101188,Kevin,Dela Cruz,F,Quezon City,Northern Mindanao,customer1187@example.com,05/11/2021
CUST100326,John,Gonzales,F,Cagayan de Oro,Metro Manila,customer325@example.com,21/11/2024
CUST101648,Daniel,Villanueva,F,Panabo,Western Visayas,customer1647@example.com,27/03/2024
CUST102821,Liza,Bautista,M,Iloilo,Davao Region,customer2820@example.com,08/08/2021
CUST103176,Kevin,Gonzales,M,General Santos,SOCCSKSARGEN,customer3175@example.com,01/10/2020
CUST100788,Daniel,Bautista,M,Manila,Western Visayas,customer787@example.com,14/04/2022
CUST100558,Luis,Navarro,female,Cebu City,Davao Region,customer557@example.com,01/09/2023
CUST100756,Sofia,Mendoza,M,Iloilo,Metro Manila,customer755@example.com,11/06/2022
CUST100943,Ella,Aquino,male,Iloilo,SOCCSKSARGEN,customer942@example.com,30/03/2021
CUST101460,Liza,Rivera,Female,Tagum,Western Visayas,customer1459@example.com,06/09/2023
CUST103335,Maria,Reyes,F,General Santos,Western Visayas,customer3334@example.com,08/01/2024
CUST102561,Kevin,Flores,Male,Cagayan de Oro,Metro Manila,customer2560@example.com,10/10/2023
CUST100185,Miguel,Rivera,M,Cagayan de Oro,Central Visayas,customer184@example.com,21/04/2022
CUST101972,Ella,Flores,M,Panabo,Metro Manila,customer1971@example.com,23/07/2022
CUST100315,John,Torres,F,Quezon City,Davao Region,customer314@example.com,31/08/2020
CUST101502,Carlo,Santos,Male,Quezon City,Western Visayas,customer1501@example.com,12/04/2022
CUST101095,Angela,Ramos,M,Panabo,Western Visayas,customer1094@example.com,12/04/2023
CUST101337,Nicole,Cruz,M,General Santos,Metro Manila,customer1336@example.com,09/09/2020
CUST100694,Ella,Santos,male,Digos,Central Visayas,customer693@example.com,25/06/2023
CUST100347,Marco,Bautista,Female,Tagum,Davao Region,customer346@example.com,14/05/2020
CUST101615,Maria,Garcia,M,Cebu City,Northern Mindanao,customer1614@example.com,07/11/2024
CUST103490,Grace,Cruz,M,Cagayan de Oro,SOCCSKSARGEN,customer3489@example.com,28/03/2024
CUST103188,Sofia,Reyes,female,General Santos,SOCCSKSARGEN,customer3187@example.com,06/12/2021
CUST101922,Liza,Rivera,F,Tagum,Western Visayas,,05/06/2022
CUST102351,Liza,Cruz,,Iloilo,Davao Region,customer2350@example.com,29/06/2022
CUST100890,Carlo,Ramos,F,Davao City,Central Visayas,customer889@example.com,14/08/2024
CUST103298,Ella,Castillo,M,General Santos,SOCCSKSARGEN,customer3297@example.com,20/12/2020
CUST103078,Patricia,Reyes,Female,Tagum,Central Visayas,customer3077@example.com,24/07/2023
CUST100171,Ana,Cruz,F,Manila,Central Visayas,customer170@example.com,03/04/2021
CUST100180,Liza,Castillo,M,Digos,Western Visayas,customer179@example.com,29/10/2022
CUST100613,James,Cruz,Female,Davao City,Metro Manila,customer612@example.com,12/02/2020
CUST102241,John,Bautista,Female,Digos,Western Visayas,customer2240@example.com,30/05/2024
CUST101552,Luis,Cruz,F,General Santos,Metro Manila,customer1551@example.com,27/09/2021
CUST103064,Ana,Santos,female,Davao City,SOCCSKSARGEN,customer3063@example.com,30/01/2023
CUST100840,Ella,Navarro,male,Davao City,Northern Mindanao,customer839@example.com,02/01/2020
CUST102091,Luis,Reyes,F,Manila,Northern Mindanao,customer2090@example.com,18/11/2023
CUST102072,Nicole,Castillo,M,Quezon City,Metro Manila,customer2071@example.com,11/03/2021
