cst_id,address_type,street,postal_code
CUST101908,WORK,470 JP Laurel St.,8000
CUST100057,Work,734 Rizal St.,8000
CUST101441,HOME,208 Main St.,8100
CUST103093,Home,345 Main St.,6000
CUST101533,Work,128 JP Laurel St.,8100
CUST101901,home,854 Mabini St.,
CUST103487,WORK,773 Mabini St.,
CUST100164,Work,601 JP Laurel St.,6000
CUST102546,Home,79 Rizal St.,8000
CUST103258,HOME,119 Quezon St.,8100
CUST103105,Work,821 Quezon St.,8100
CUST102290,Work,608 Mabini St.,8000
CUST103106,Work,24 Quezon St.,8000
CUST100649,HOME,893 JP Laurel St.,8100
CUST103421,HOME,342 Rizal St.,
CUST100776,HOME,653 Main St.,8000
CUST100710,Work,61 JP Laurel St.,
CUST102652,Home,955 Mabini St.,8100
CUST101895,WORK,507 Mabini St.,
CUST103268,HOME,139 Rizal St.,6000
CUST102969,home,298 JP Laurel St.,8000
CUST101329,HOME,438 Quezon St.,8100
CUST100236,home,195 JP Laurel St.,
CUST101735,Work,882 Mabini St.,8100
CUST102007,Home,226 JP Laurel St.,
CUST103032,home,807 Mabini St.,8000
CUST101424,Home,268 Quezon St.,8000
CUST103160,Home,370 Quezon St.,8000
CUST101141,Work,831 Mabini St.,8100
CUST100475,home,49 Mabini St.,6000
CUST100994,Work,857 Rizal St.,
CUST102482,HOME,958 Rizal St.,8100
CUST101582,HOME,683 Quezon St.,8000
CUST102415,home,182 Main St.,
CUST100307,Home,947 Quezon St.,8100
CUST101016,WORK,631 Rizal St.,8100
CUST102348,HOME,108 Rizal St.,8000
CUST103058,Work,547 Quezon St.,8100
CUST102986,Home,319 Rizal St.,6000
CUST100886,Work,250 JP Laurel St.,6000
CUST102491,HOME,630 JP Laurel St.,8000
CUST100414,HOME,7 Mabini St.,6000
CUST101152,home,457 Mabini St.,6000
CUST102666,Home,391 Main St.,8000
CUST100947,Home,33 Quezon St.,
CUST102091,Work,440 Main St.,6000
CUST100012,HOME,347 JP Laurel St.,8100
CUST100445,home,467 JP Laurel St.,8100
CUST103468,Work,162 Main St.,
CUST103246,Work,563 Quezon St.,8100
CUST102323,Work,980 Mabini St.,8000
CUST103194,WORK,200 Mabini St.,8000
CUST101732,Work,307 Main St.,8100
CUST100233,HOME,89 Quezon St.,8100
CUST101858,HOME,642 Main St.,8000
CUST100479,WORK,558 JP Laurel St.,6000
CUST100912,home,817 Mabini St.,8100
CUST100752,home,58 Quezon St.,8100
CUST102145,WORK,516 JP Laurel St.,8000
CUST101634,HOME,553 Quezon St.,6000
CUST100911,HOME,528 Mabini St.,8100
CUST100405,Home,317 Mabini St.,6000
CUST100625,Home,296 Mabini St.,8000
CUST103064,Work,950 Rizal St.,8000
CUST102861,home,463 JP Laurel St.,8000
CUST101658,HOME,151 Rizal St.,8000
CUST102330,HOME,493 Mabini St.,8100
CUST100507,Work,341 Quezon St.,8100
CUST100347,Home,498 Rizal St.,8000
CUST101454,Work,479 JP Laurel St.,8000
CUST101913,WORK,982 Rizal St.,8100
CUST100709,home,41 Main St.,
CUST100250,home,445 Quezon St.,8000
CUST100147,home,52 Mabini St.,6000
CUST101109,Home,399 JP Laurel St.,8100
CUST102675,Work,603 Mabini St.,8000
CUST101234,HOME,586 Main St.,8000
CUST102943,home,475 Rizal St.,8100
CUST101539,Home,181 Rizal St.,8100
CUST100792,WORK,638 Mabini St.,8100
CUST102972,HOME,963 Rizal St.,6000
CUST103289,Home,699 Mabini St.,8000
CUST102016,Work,873 JP Laurel St.,
CUST103219,WORK,707 Mabini St.,8100
CUST101099,home,533 Quezon St.,8000
CUST101220,Home,805 Rizal St.,8000
CUST101462,WORK,872 JP Laurel St.,
CUST101762,HOME,88 Rizal St.,8100
CUST101210,HOME,236 Mabini St.,6000
CUST102927,Work,209 Rizal St.,8100
CUST100226,HOME,189 Main St.,8000
CUST102913,Home,459 Rizal St.,8000
CUST103197,Work,504 Rizal St.,8100
CUST102471,HOME,286 JP Laurel St.,8000
CUST101286,WORK,804 Rizal St.,
CUST101785,Home,162 JP Laurel St.,8100
CUST101559,WORK,680 Mabini St.,6000
CUST100740,Work,698 Rizal St.,8000
CUST100292,HOME,428 Rizal St.,8000
CUST101284,home,720 Main St.,8000
CUST101136,WORK,489 JP Laurel St.,8100
CUST101316,Home,196 Main St.,8000
CUST101750,WORK,820 JP Laurel St.,6000
CUST100607,home,430 Main St.,
CUST100988,WORK,540 Rizal St.,8000
CUST102466,HOME,587 Main St.,8000
CUST100286,Work,804 Quezon St.,8100
CUST101524,WORK,644 Mabini St.,8100
CUST101556,HOME,220 JP Laurel St.,8000
CUST101604,Home,266 Rizal St.,8100
CUST101551,HOME,925 Main St.,8000
CUST101632,home,125 Quezon St.,8000
CUST102161,Work,368 Mabini St.,
CUST101361,home,580 JP Laurel St.,8100
CUST103057,WORK,620 Mabini St.,
CUST100525,home,549 Quezon St.,6000
CUST101852,Work,379 Main St.,8000
CUST101555,WORK,486 JP Laurel St.,
CUST100724,WORK,112 Main St.,
CUST101010,HOME,994 JP Laurel St.,8000
CUST102866,HOME,117 Rizal St.,
CUST103167,Work,690 Quezon St.,8100
CUST101954,home,733 JP Laurel St.,8100
CUST103448,home,506 JP Laurel St.,6000
CUST103154,Work,595 Mabini St.,6000
CUST102906,Work,636 Mabini St.,8100
CUST100171,WORK,606 JP Laurel St.,6000
CUST101270,HOME,957 Mabini St.,8100
CUST103338,Work,6 Quezon St.,8100
CUST101179,HOME,252 Rizal St.,
CUST100528,WORK,880 Mabini St.,8000
CUST100014,Home,789 Rizal St.,8000
CUST102345,Work,606 Quezon St.,8100
CUST103181,Home,892 Main St.,8100
CUST102677,WORK,561 Mabini St.,8000
CUST100532,WORK,463 JP Laurel St.,8000
CUST101358,WORK,136 Mabini St.,6000
CUST102498,Work,388 JP Laurel St.,8000
CUST101996,home,216 Rizal St.,8000
CUST101639,HOME,91 Mabini St.,
CUST100096,WORK,11 Mabini St.,
CUST101044,home,224 Mabini St.,8100
CUST102847,WORK,604 Quezon St.,
CUST100069,Work,62 Main St.,8000
CUST102827,Work,318 Mabini St.,8100
CUST100162,HOME,882 Main St.,8100
CUST100593,home,68 Quezon St.,8000
CUST100700,home,977 JP Laurel St.,8000
CUST103016,Work,565 Main St.,8000
CUST101365,Work,576 Mabini St.,8000
CUST101106,Home,447 Mabini St.,8100
CUST100063,HOME,561 Quezon St.,8100
CUST103129,Home,192 Main St.,
CUST100550,home,52 Mabini St.,8000
CUST101525,Work,507 Quezon St.,8100
CUST102404,HOME,433 Mabini St.,8000
CUST102678,Work,975 Quezon St.,
CUST101718,Home,690 Rizal St.,6000
CUST101994,WORK,152 JP Laurel St.,6000
CUST102293,Work,553 Main St.,8100
CUST103107,Work,482 Main St.,8100
CUST102272,Work,980 Mabini St.,
CUST101346,HOME,784 Mabini St.,
CUST101262,WORK,20 Quezon St.,8100
CUST101196,Work,652 Rizal St.,8000
CUST101245,Home,716 Rizal St.,8100
CUST100466,WORK,691 Quezon St.,6000
CUST103143,Work,138 Rizal St.,
CUST103062,HOME,163 Quezon St.,
CUST100704,WORK,236 Quezon St.,
CUST103085,HOME,417 Main St.,8000
CUST102683,Work,881 Quezon St.,8100
CUST102015,Work,262 JP Laurel St.,
CUST103161,WORK,708 JP Laurel St.,8000
CUST102748,home,178 Main St.,8100
CUST103178,WORK,62 Mabini St.,
CUST103115,HOME,786 JP Laurel St.,8000
CUST101034,WORK,960 Mabini St.,8000
CUST101914,HOME,630 Rizal St.,
CUST102886,WORK,2 Main St.,8100
CUST103077,Work,56 Quezon St.,8100
CUST100035,Work,503 Quezon St.,8100
CUST101091,Home,148 JP Laurel St.,8100
CUST102818,home,719 JP Laurel St.,6000
CUST102618,Home,648 Rizal St.,6000
CUST102421,WORK,625 Quezon St.,8100
CUST102172,HOME,181 Main St.,8100
CUST100900,WORK,649 Main St.,8000
CUST102846,WORK,101 Main St.,8100
CUST101272,Home,621 JP Laurel St.,
CUST101916,Work,497 Main St.,6000
CUST102787,HOME,512 Mabini St.,8000
CUST101312,Home,593 Mabini St.,8100
CUST103359,HOME,532 Rizal St.,6000
CUST100328,home,905 Mabini St.,8100
CUST100227,WORK,311 Main St.,8000
CUST101261,Work,678 Rizal St.,8000
CUST101833,HOME,249 Mabini St.,6000
CUST101497,HOME,485 JP Laurel St.,8100
CUST102809,HOME,542 Quezon St.,8100
CUST102997,Work,646 JP Laurel St.,8100
CUST102222,home,7 Rizal St.,8100
CUST102014,Home,714 Main St.,8000
CUST101984,Home,441 Mabini St.,8100
CUST102843,Home,805 JP Laurel St.,8000
CUST100619,WORK,107 Rizal St.,
CUST100241,home,773 Main St.,8100
CUST102021,home,496 JP Laurel St.,8000
CUST100844,Work,974 JP Laurel St.,8100
CUST102892,Home,135 Main St.,8000
CUST102736,Home,176 Quezon St.,8000
CUST103446,HOME,179 Mabini St.,8000
CUST101254,HOME,817 Mabini St.,8000
CUST101645,Work,939 Mabini St.,8100
CUST101621,WORK,379 JP Laurel St.,8000
CUST100486,Work,546 Main St.,6000
CUST103029,WORK,634 Quezon St.,8100
CUST102836,home,837 Main St.,8000
CUST100178,HOME,109 Quezon St.,
CUST102026,HOME,741 Quezon St.,8100
CUST102246,Home,383 Quezon St.,8100
CUST101753,WORK,579 JP Laurel St.,6000
CUST100411,Work,367 Quezon St.,8000
CUST101162,Work,144 Quezon St.,8100
CUST103213,HOME,731 Rizal St.,6000
CUST101350,Work,62 JP Laurel St.,8000
CUST102996,HOME,77 Mabini St.,8100
CUST102080,home,2 Mabini St.,8000
CUST102523,Work,820 Mabini St.,8100
CUST103374,WORK,240 Rizal St.,8100
CUST100400,home,93 Mabini St.,8100
CUST101707,Work,5 Rizal St.,
CUST101963,home,61 Rizal St.,8100
CUST100075,home,68 JP Laurel St.,8100
CUST100123,WORK,771 JP Laurel St.,6000
CUST100929,WORK,682 Mabini St.,8100
CUST100033,HOME,174 JP Laurel St.,8000
CUST101538,WORK,916 Mabini St.,6000
CUST100246,home,226 Rizal St.,8100
CUST102708,Work,394 JP Laurel St.,8100
CUST101274,home,67 Quezon St.,8100
CUST100945,Work,768 Quezon St.,
CUST100737,WORK,193 Mabini St.,8000
CUST101278,home,342 Mabini St.,8100
CUST100621,Work,87 Main St.,6000
CUST103091,home,25 JP Laurel St.,
CUST100111,Work,416 Rizal St.,8000
CUST100430,Home,797 Mabini St.,
CUST101150,Work,364 Main St.,6000
CUST102306,home,386 Quezon St.,
CUST101605,home,623 Rizal St.,8000
CUST100587,HOME,612 Quezon St.,8000
CUST102259,Work,929 Mabini St.,8000
CUST100664,HOME,228 Main St.,
CUST102979,Home,158 Main St.,8000
CUST101784,WORK,557 Rizal St.,6000
CUST101871,home,226 Quezon St.,8100
CUST100696,Home,320 JP Laurel St.,8000
CUST101934,HOME,137 Rizal St.,
CUST100512,WORK,52 Mabini St.,8000
CUST100417,HOME,125 Rizal St.,6000
CUST100006,HOME,735 JP Laurel St.,8100
CUST103426,home,545 JP Laurel St.,8100
CUST103399,Home,756 Quezon St.,
CUST103341,home,989 Main St.,
CUST102383,Home,232 Mabini St.,6000
CUST100218,WORK,618 JP Laurel St.,8000
CUST101903,home,99 Rizal St.,8000
CUST101657,HOME,298 Quezon St.,8100
CUST100267,home,950 JP Laurel St.,8100
CUST103236,Home,747 Quezon St.,8100
CUST101205,HOME,415 Quezon St.,8100
CUST101578,Home,171 Mabini St.,8000
CUST103297,Work,293 JP Laurel St.,8000
CUST101054,WORK,367 Rizal St.,6000
CUST100199,home,402 JP Laurel St.,6000
CUST102521,Home,931 Mabini St.,
CUST101394,Home,994 Quezon St.,8100
CUST103343,WORK,845 JP Laurel St.,
CUST102885,HOME,332 Mabini St.,6000
CUST102250,HOME,285 Rizal St.,6000
CUST101302,Home,464 Main St.,8100
CUST100650,Work,215 JP Laurel St.,8000
CUST101601,Home,166 Quezon St.,8000
CUST101529,WORK,765 Rizal St.,
CUST101878,HOME,458 JP Laurel St.,6000
CUST102604,Home,834 JP Laurel St.,8000
CUST100438,Work,628 JP Laurel St.,8000
CUST102601,HOME,398 Quezon St.,8100
CUST100716,Work,666 JP Laurel St.,
CUST100038,Home,368 JP Laurel St.,6000
CUST103136,WORK,509 Main St.,
CUST100498,HOME,655 JP Laurel St.,8000
CUST103245,Work,453 Mabini St.,
CUST102593,WORK,926 JP Laurel St.,8000
CUST102755,home,400 Quezon St.,
CUST101200,HOME,630 Quezon St.,
CUST100818,HOME,720 Rizal St.,8100
CUST102002,Work,305 Main St.,8100
CUST102225,Home,855 Rizal St.,8000
CUST101480,Home,673 Quezon St.,8100
CUST101407,Work,703 JP Laurel St.,6000
CUST101472,Home,867 Main St.,8100
CUST100304,HOME,839 Rizal St.,8100
CUST101666,Work,645 Quezon St.,
CUST100004,HOME,54 Rizal St.,
CUST101571,WORK,909 Main St.,8100
CUST100693,WORK,232 Main St.,8100
CUST103265,Home,167 Quezon St.,
CUST103205,Home,840 Mabini St.,
CUST100620,WORK,284 JP Laurel St.,8100
CUST101058,Home,367 Rizal St.,8100
CUST102141,home,505 Main St.,8000
CUST102522,WORK,356 Quezon St.,
CUST100667,home,608 JP Laurel St.,6000
CUST101164,HOME,775 Rizal St.,8000
CUST102143,Home,766 JP Laurel St.,
CUST103228,HOME,630 Quezon St.,8100
CUST103304,home,503 JP Laurel St.,8000
CUST100186,Home,238 Mabini St.,
CUST101020,home,254 Main St.,8000
CUST100727,home,615 Main St.,8000
CUST101207,HOME,226 Quezon St.,8000
CUST100628,WORK,241 JP Laurel St.,8100
CUST102473,WORK,50 Mabini St.,8100
CUST100918,Work,68 Main St.,8000
CUST101195,home,790 Main St.,6000
CUST103024,home,891 Mabini St.,8100
CUST100151,Home,482 JP Laurel St.,
CUST102718,HOME,387 Rizal St.,8100
CUST100888,Home,410 Quezon St.,8000
CUST102110,HOME,846 Mabini St.,8100
CUST100453,home,281 JP Laurel St.,8100
CUST100413,Work,598 JP Laurel St.,8000
CUST101501,HOME,432 Main St.,8100
CUST102008,HOME,943 Quezon St.,8000
CUST101406,Work,308 JP Laurel St.,8000
CUST100891,Home,10 JP Laurel St.,
CUST100909,Home,578 Mabini St.,8100
CUST103098,Work,14 Main St.,6000
CUST102392,home,720 Mabini St.,8000
CUST100780,WORK,128 Quezon St.,8000
CUST100647,Work,745 Rizal St.,8100
CUST101935,WORK,688 JP Laurel St.,8000
CUST101139,Work,482 Rizal St.,8000
CUST102396,WORK,961 JP Laurel St.,8000
CUST101140,Home,456 Mabini St.,
CUST101760,home,833 Main St.,6000
CUST101296,WORK,312 Mabini St.,8000
CUST102344,Work,653 Quezon St.,6000
CUST100541,home,370 JP Laurel St.,8100
CUST100136,WORK,649 Mabini St.,8100
CUST101031,HOME,937 Main St.,8100
CUST101597,Home,709 JP Laurel St.,8100
CUST101336,Work,661 Mabini St.,8000
CUST102257,home,364 Rizal St.,
CUST101841,Home,545 JP Laurel St.,
CUST100701,HOME,462 Main St.,8000
CUST100675,Home,483 Main St.,8000
CUST100768,WORK,935 Mabini St.,8100
CUST100706,WORK,214 Quezon St.,8100
CUST103211,WORK,537 Mabini St.,8000
CUST100488,Home,591 JP Laurel St.,8100
CUST101527,WORK,855 Rizal St.,
CUST100968,home,240 JP Laurel St.,8000
CUST101757,HOME,644 Main St.,8100
CUST101581,Work,529 Main St.,8100
CUST100173,WORK,30 Main St.,8100
CUST100689,home,255 Main St.,8100
CUST103006,Home,834 Mabini St.,6000
CUST100950,WORK,551 JP Laurel St.,8100
CUST100923,Home,836 JP Laurel St.,8100
CUST103070,Home,196 Quezon St.,
CUST100462,Work,994 Main St.,8000
CUST101918,Work,867 JP Laurel St.,8000
CUST100708,Work,840 Rizal St.,8100
CUST101432,WORK,199 Quezon St.,8100
CUST102302,WORK,622 Quezon St.,
CUST102276,Home,256 Main St.,8000
CUST102815,HOME,900 Mabini St.,8000
CUST103124,Work,850 JP Laurel St.,
CUST101446,HOME,459 Rizal St.,8000
CUST101728,Work,895 Quezon St.,
CUST100592,home,665 JP Laurel St.,
CUST101738,home,246 Rizal St.,
CUST100419,Home,39 Rizal St.,6000
CUST103212,Work,446 Mabini St.,6000
CUST100030,WORK,151 JP Laurel St.,8100
CUST102741,WORK,489 Mabini St.,6000
CUST101102,HOME,863 Mabini St.,8100
CUST100350,Work,891 Rizal St.,6000
CUST102351,Home,849 JP Laurel St.,8100
CUST102019,Work,749 JP Laurel St.,8000
CUST102877,home,739 Quezon St.,8000
CUST100571,WORK,763 JP Laurel St.,6000
CUST102338,Work,604 Quezon St.,8100
CUST101729,Home,80 JP Laurel St.,8100
CUST103088,WORK,777 Main St.,6000
CUST101013,Work,290 Rizal St.,8000
CUST102667,HOME,319 JP Laurel St.,6000
CUST103208,HOME,464 Mabini St.,
CUST103076,Home,778 Rizal St.,
CUST103489,HOME,885 Quezon St.,8000
CUST101482,WORK,257 Quezon St.,8100
CUST101076,WORK,482 Rizal St.,
CUST100325,home,905 Rizal St.,8100
CUST102322,HOME,117 Mabini St.,6000
CUST102792,HOME,516 Main St.,6000
CUST102890,WORK,742 Rizal St.,8000
CUST100595,Home,93 Mabini St.,8000
CUST102644,Work,161 Quezon St.,8000
CUST100071,WORK,69 Mabini St.,8000
CUST102771,WORK,52 Rizal St.,8000
CUST100521,Work,932 Quezon St.,8000
CUST102025,WORK,535 Main St.,8100
CUST102486,HOME,313 Rizal St.,8100
CUST100744,WORK,578 Rizal St.,
CUST102432,Home,998 Quezon St.,8000
CUST100421,Home,312 Main St.,
CUST101746,Home,594 Mabini St.,8100
CUST102698,Work,673 Mabini St.,8000
CUST101824,HOME,640 JP Laurel St.,
CUST103366,Work,525 Quezon St.,8100
CUST103188,Home,359 JP Laurel St.,8000
CUST100713,Work,408 Quezon St.,8100
CUST102832,HOME,997 Rizal St.,8100
CUST102609,home,102 Rizal St.,
CUST102738,Home,244 Main St.,8100
CUST101143,WORK,543 Rizal St.,
CUST100554,HOME,97 Main St.,8100
CUST101382,Work,273 Rizal St.,8100
CUST101352,home,973 Quezon St.,8100
CUST100058,home,714 Quezon St.,
CUST102680,home,802 Rizal St.,8000
CUST100517,Home,100 Mabini St.,8000
CUST103153,WORK,2 Rizal St.,8000
CUST102100,Work,752 Mabini St.,
CUST101157,HOME,690 Mabini St.,8100
CUST102553,Home,542 Rizal St.,6000
CUST101973,WORK,219 Rizal St.,
CUST100601,HOME,797 JP Laurel St.,6000
CUST101771,WORK,82 Mabini St.,8000
CUST100049,Work,470 Mabini St.,
CUST101021,WORK,233 Main St.,8000
CUST101390,Work,203 Main St.,
CUST101154,Home,53 Rizal St.,
CUST102353,Home,683 JP Laurel St.,8100
CUST102590,HOME,656 Main St.,6000
CUST100476,home,362 Rizal St.,6000
CUST102628,Work,212 JP Laurel St.,6000
CUST102238,WORK,655 Mabini St.,8100
CUST101071,Home,436 Rizal St.,8100
CUST102767,Work,416 Quezon St.,8000
CUST103456,Home,927 Mabini St.,
CUST100017,home,185 JP Laurel St.,
CUST100446,Home,315 Main St.,8100
CUST100863,HOME,544 Quezon St.,8000
CUST101647,Work,258 Rizal St.,8100
CUST103045,Work,289 JP Laurel St.,8000
CUST102365,WORK,956 JP Laurel St.,6000
CUST103335,home,226 JP Laurel St.,8000
CUST100992,HOME,310 JP Laurel St.,8000
CUST103282,WORK,990 Quezon St.,8000
CUST101418,WORK,954 Main St.,
CUST101944,WORK,654 Main St.,8100
CUST101291,Work,651 Rizal St.,
CUST102952,Work,968 Mabini St.,
CUST100295,Home,761 Rizal St.,8100
CUST100944,home,75 Quezon St.,8100
CUST100742,home,222 Quezon St.,8100
CUST102198,HOME,464 JP Laurel St.,8000
CUST101265,Home,352 Mabini St.,6000
CUST103490,HOME,740 Quezon St.,6000
CUST103311,WORK,126 Quezon St.,8100
CUST103308,WORK,491 JP Laurel St.,6000
CUST102509,Work,630 Quezon St.,8100
CUST101562,Home,344 Rizal St.,6000
CUST102570,Work,784 Main St.,8000
CUST102938,Home,580 JP Laurel St.,8100
CUST102180,Work,990 Quezon St.,6000
CUST102234,Home,497 JP Laurel St.,8000
CUST103146,HOME,15 Quezon St.,
CUST101363,Home,190 Quezon St.,
CUST102597,WORK,348 Quezon St.,8000
CUST100440,home,603 JP Laurel St.,8000
CUST101412,WORK,786 JP Laurel St.,6000
CUST100298,Home,151 Rizal St.,8000
CUST100558,Work,437 Main St.,
CUST102712,home,23 Main St.,8000
CUST102635,home,766 Mabini St.,8000
CUST101431,WORK,751 JP Laurel St.,8100
CUST101306,Home,37 JP Laurel St.,8100
CUST103232,WORK,226 Mabini St.,8100
CUST100080,Home,961 Rizal St.,8000
CUST100501,HOME,938 Mabini St.,8100
CUST101043,Home,14 JP Laurel St.,
CUST101419,home,45 Quezon St.,8000
CUST100646,home,458 Main St.,8000
CUST100575,Work,514 Rizal St.,8100
CUST102357,Work,99 Mabini St.,8000
CUST100562,Work,44 Mabini St.,8100
CUST100956,WORK,226 JP Laurel St.,8100
CUST102640,home,949 JP Laurel St.,8000
CUST100957,Home,936 Main St.,8000
CUST100712,Home,509 Rizal St.,8000
CUST100143,HOME,97 Rizal St.,8000
CUST102931,Work,429 Rizal St.,8000
CUST102048,Home,114 Mabini St.,8100
CUST103037,WORK,156 Main St.,
CUST102454,WORK,451 Main St.,8000
CUST102134,Home,965 JP Laurel St.,8000
CUST102258,Work,925 Main St.,6000
CUST100755,home,465 JP Laurel St.,6000
CUST103327,home,575 Rizal St.,6000
CUST101736,Work,830 Rizal St.,8100
CUST100336,home,972 Main St.,
CUST103315,HOME,705 Main St.,8100
CUST101221,home,913 Rizal St.,8000
CUST101395,Home,21 JP Laurel St.,8000
CUST100622,HOME,966 JP Laurel St.,8100
CUST101893,WORK,485 Main St.,6000
CUST103480,Home,228 Main St.,6000
CUST101737,home,45 Main St.,8100
CUST103453,HOME,563 Quezon St.,8100
CUST103247,home,584 Rizal St.,6000
CUST103386,HOME,601 Rizal St.,8000
CUST102177,home,461 JP Laurel St.,8000
CUST103305,home,135 JP Laurel St.,8000
CUST102189,Work,271 Quezon St.,
CUST102093,HOME,261 Main St.,8100
CUST102774,home,450 Rizal St.,6000
CUST101473,Work,507 Rizal St.,8000
CUST102125,Work,977 Quezon St.,
CUST100983,home,839 Quezon St.,
CUST101514,HOME,723 Main St.,8100
CUST101697,home,587 JP Laurel St.,
CUST100116,home,96 Mabini St.,8100
CUST101792,WORK,184 Quezon St.,6000
CUST101764,HOME,930 Main St.,8100
CUST102725,HOME,800 Rizal St.,
CUST101314,Work,962 Main St.,8100
CUST103075,Work,192 Quezon St.,6000
CUST103280,home,777 Main St.,8100
CUST103126,Home,160 Rizal St.,8000
CUST102379,Work,35 Quezon St.,6000
CUST101223,Work,669 Quezon St.,8000
CUST100846,WORK,469 Quezon St.,8100
CUST101216,home,572 Quezon St.,6000
CUST100806,home,450 Quezon St.,8000
CUST101591,HOME,645 Quezon St.,8000
CUST102294,home,871 Rizal St.,8100
CUST101001,Home,878 Main St.,
CUST103254,home,486 Mabini St.,8000
CUST101218,Work,867 Main St.,8000
CUST101053,Work,217 Mabini St.,8000
CUST102726,Work,814 Mabini St.,8100
CUST101763,WORK,638 Main St.,
CUST100432,Work,942 Quezon St.,6000
CUST102876,Work,43 Quezon St.,8000
CUST101422,home,130 Mabini St.,
CUST102468,Work,708 JP Laurel St.,
CUST101537,Work,71 Rizal St.,
CUST101953,home,689 Rizal St.,8000
CUST103367,home,712 Main St.,8000
CUST103294,Work,164 Mabini St.,6000
CUST100662,HOME,688 Rizal St.,8000
CUST100762,HOME,873 JP Laurel St.,8000
CUST100020,home,82 Rizal St.,8100
CUST102056,Work,556 Mabini St.,8000
CUST101993,home,255 Mabini St.,
CUST103001,Home,961 Rizal St.,8100
CUST100489,WORK,219 Quezon St.,8100
CUST101747,home,570 Quezon St.,
CUST103342,home,646 Quezon St.,8100
CUST102614,WORK,728 Quezon St.,8100
CUST103472,home,454 Mabini St.,8000
CUST102324,Home,265 Mabini St.,8100
CUST103433,WORK,604 Quezon St.,6000
CUST102645,HOME,772 Rizal St.,
CUST101403,WORK,732 Mabini St.,8000
CUST100676,home,358 Main St.,8000
CUST101165,HOME,266 Quezon St.,
CUST100150,HOME,217 Main St.,8100
CUST101579,WORK,272 JP Laurel St.,8000
CUST102796,WORK,150 Main St.,
CUST102201,Home,403 Rizal St.,6000
CUST101673,WORK,919 Rizal St.,8000
CUST100499,WORK,417 Rizal St.,6000
CUST101268,Work,250 Rizal St.,8100
CUST102933,Home,257 Quezon St.,8100
CUST102780,home,789 Main St.,6000
CUST102833,home,495 Rizal St.,8100
CUST100248,Home,866 Main St.,8100
CUST101721,WORK,409 Rizal St.,8100
CUST101856,Work,363 JP Laurel St.,8000
CUST100022,Home,540 Rizal St.,8100
CUST100081,HOME,807 Quezon St.,8100
CUST103312,WORK,145 Mabini St.,6000
CUST101385,home,412 Mabini St.,8000
CUST103229,home,349 JP Laurel St.,8100
CUST102946,Home,994 Main St.,8000
CUST102317,Home,855 JP Laurel St.,8100
CUST102921,WORK,365 Mabini St.,8000
CUST100436,WORK,102 Rizal St.,
CUST101098,Home,238 JP Laurel St.,6000
CUST100559,home,107 Rizal St.,8000
CUST100448,Work,480 JP Laurel St.,
CUST101655,WORK,816 JP Laurel St.,8100
CUST100437,home,310 Rizal St.,8000
CUST102777,WORK,571 Rizal St.,
CUST101113,Home,16 JP Laurel St.,8100
CUST100082,Home,95 Main St.,
CUST101720,home,942 Quezon St.,8000
CUST102253,HOME,642 Main St.,8100
CUST101004,Work,251 Rizal St.,
CUST101250,HOME,641 Mabini St.,8100
CUST101692,home,360 Quezon St.,8100
CUST102686,home,777 Quezon St.,8100
CUST102962,WORK,106 Quezon St.,
CUST102910,Home,210 Rizal St.,8000
CUST102000,home,977 Mabini St.,6000
CUST102663,HOME,787 Rizal St.,6000
CUST102073,Home,971 Rizal St.,6000
CUST100858,WORK,182 Rizal St.,8100
CUST102835,WORK,174 Mabini St.,8000
CUST102381,Home,144 Rizal St.,8100
CUST101602,Work,701 Main St.,8100
CUST103046,Work,440 Quezon St.,8000
CUST101521,Work,445 Main St.,8100
CUST100734,home,158 JP Laurel St.,6000
CUST102981,HOME,771 Rizal St.,8000
CUST101643,Home,872 Main St.,6000
CUST101946,Home,48 JP Laurel St.,8100
CUST101328,Home,673 Mabini St.,8000
CUST102430,home,344 JP Laurel St.,8000
CUST101523,Home,607 Mabini St.,8000
CUST102120,Work,380 Rizal St.,8100
CUST100953,Work,575 Quezon St.,8000
CUST100560,HOME,804 Mabini St.,6000
CUST100134,Home,254 Mabini St.,8100
CUST102104,home,583 Rizal St.,8100
CUST100711,WORK,74 Rizal St.,6000
CUST102490,HOME,71 Main St.,8100
CUST101766,WORK,964 Quezon St.,
CUST101219,HOME,36 Rizal St.,
CUST102030,Home,255 JP Laurel St.,
CUST102349,Work,437 Rizal St.,8000
CUST103300,WORK,634 Mabini St.,8100
CUST103080,WORK,187 Rizal St.,8000
CUST100707,WORK,128 Quezon St.,
CUST101891,Home,969 JP Laurel St.,6000
CUST102182,Home,375 Mabini St.,8100
CUST102275,home,61 Rizal St.,8100
CUST100266,WORK,33 Quezon St.,8100
CUST100427,WORK,908 Main St.,8100
CUST102087,HOME,673 Mabini St.,8100
CUST100824,HOME,418 Quezon St.,
CUST100668,Work,679 Rizal St.,6000
CUST102173,WORK,797 Quezon St.,8000
CUST101947,Home,312 Quezon St.,6000
CUST102109,WORK,640 Main St.,8000
CUST100345,WORK,167 Rizal St.,8100
CUST100567,Home,45 Mabini St.,8000
CUST103220,WORK,461 Quezon St.,
CUST100623,Work,172 Mabini St.,8000
CUST103365,WORK,664 Mabini St.,
CUST101880,HOME,906 Rizal St.,6000
CUST102599,WORK,408 Main St.,
CUST102409,Home,410 Main St.,6000
CUST100871,Home,982 Rizal St.,8000
CUST101285,home,811 Main St.,6000
CUST101956,Work,274 Main St.,
CUST101281,Home,368 Quezon St.,
CUST100146,HOME,420 Quezon St.,6000
CUST102085,HOME,805 Main St.,6000
CUST101171,Home,424 Mabini St.,8100
CUST101048,Home,523 Main St.,
CUST101490,Home,207 Rizal St.,8000
CUST103014,WORK,651 JP Laurel St.,8100
CUST100469,WORK,368 Mabini St.,
CUST100044,Work,306 Main St.,8100
CUST100239,Work,398 Rizal St.,6000
CUST101449,Home,151 Quezon St.,8000
CUST101149,Home,258 Rizal St.,8100
CUST100747,HOME,389 JP Laurel St.,8000
CUST101019,WORK,636 Mabini St.,
CUST100534,home,820 Main St.,
CUST103004,WORK,337 Mabini St.,8100
CUST102758,HOME,488 Quezon St.,8000
CUST100334,HOME,701 Mabini St.,8100
CUST100845,WORK,928 JP Laurel St.,
CUST102810,home,475 JP Laurel St.,8100
CUST101287,Work,640 Main St.,
CUST100002,Work,120 Main St.,8000
CUST102955,Work,212 Rizal St.,8000
CUST100728,Work,69 Quezon St.,8000
CUST101865,WORK,411 Quezon St.,8100
CUST101965,home,503 Rizal St.,8000
CUST101781,HOME,614 JP Laurel St.,8100
CUST101709,home,317 Rizal St.,8000
CUST100361,HOME,516 JP Laurel St.,8100
CUST100732,Home,531 JP Laurel St.,8000
CUST101247,HOME,74 Main St.,8000
CUST102106,home,406 Rizal St.,8000
CUST101255,home,24 Rizal St.,8100
CUST100442,HOME,271 JP Laurel St.,6000
CUST101680,Work,781 Rizal St.,8000
CUST100568,HOME,957 JP Laurel St.,8100
CUST101808,Work,251 Mabini St.,6000
CUST102303,HOME,920 Mabini St.,8000
CUST100973,WORK,371 JP Laurel St.,6000
CUST102534,Work,660 Mabini St.,8000
CUST100976,home,868 Quezon St.,8000
CUST100153,home,348 Mabini St.,8100
CUST100993,Work,48 Main St.,
CUST101464,home,953 Main St.,8000
CUST102793,WORK,836 Rizal St.,8000
CUST101500,Home,541 Quezon St.,
CUST103252,WORK,990 Rizal St.,8100
CUST100420,WORK,924 Mabini St.,8100
CUST102195,HOME,866 Main St.,8000
CUST103398,HOME,268 Quezon St.,8000
CUST102633,WORK,705 JP Laurel St.,8100
CUST100781,home,358 Quezon St.,8100
CUST102923,Work,620 JP Laurel St.,8100
CUST103063,Home,117 Main St.,8000
CUST101822,home,574 Main St.,
CUST100371,Work,196 Mabini St.,6000
CUST100819,WORK,268 Rizal St.,8100
CUST102423,home,346 Quezon St.,
CUST103349,Home,366 Quezon St.,8100
CUST101279,home,159 Main St.,8000
CUST103409,Work,167 JP Laurel St.,
CUST101506,WORK,277 Main St.,8000
CUST102502,WORK,315 Quezon St.,8000
CUST101404,Work,362 Rizal St.,8100
CUST101067,Home,87 Quezon St.,8100
CUST100003,home,221 Main St.,8000
CUST103169,home,714 JP Laurel St.,8000
CUST101360,home,610 JP Laurel St.,8000
CUST103495,WORK,402 Mabini St.,
CUST103436,WORK,357 Mabini St.,6000
CUST102485,HOME,892 Quezon St.,
CUST100537,WORK,27 Mabini St.,8100
CUST101466,WORK,377 Mabini St.,8100
CUST100613,Work,557 Mabini St.,8100
CUST103481,HOME,865 JP Laurel St.,
CUST103323,Work,970 Quezon St.,6000
CUST102944,home,285 Main St.,8100
CUST102060,WORK,848 JP Laurel St.,8000
CUST102702,Work,38 Rizal St.,6000
CUST102162,WORK,679 Main St.,8100
CUST102808,home,50 JP Laurel St.,8100
CUST102425,Home,96 Rizal St.,6000
CUST101214,home,987 Main St.,
CUST102029,WORK,799 Mabini St.,8100
CUST100465,Work,539 JP Laurel St.,8000
CUST101479,Work,22 Main St.,8100
CUST101133,Work,196 Mabini St.,
CUST103243,home,961 Main St.,6000
CUST101045,Home,420 Mabini St.,8100
CUST101667,home,197 Rizal St.,8100
CUST100914,Home,201 Main St.,8100
CUST102045,HOME,521 JP Laurel St.,
CUST100898,Work,404 Quezon St.,
CUST102605,WORK,669 JP Laurel St.,8100
CUST100313,HOME,824 JP Laurel St.,8000
CUST100523,Work,813 JP Laurel St.,8000
CUST101875,HOME,965 Quezon St.,8000
CUST103156,HOME,493 Rizal St.,6000
CUST102064,WORK,571 JP Laurel St.,6000
CUST103191,Work,753 Mabini St.,8100
CUST102412,Home,76 Rizal St.,
CUST102982,Home,577 Rizal St.,6000
CUST100522,Home,456 Rizal St.,
CUST102908,home,76 Mabini St.,8100
CUST100617,Home,445 Quezon St.,8100
CUST102915,home,112 Mabini St.,8000
CUST102536,home,853 Rizal St.,8100
CUST100584,Work,316 Main St.,6000
CUST102391,HOME,574 JP Laurel St.,8000
CUST101337,Home,481 Mabini St.,8100
CUST101063,Home,748 Mabini St.,8100
CUST103121,Home,398 Quezon St.,8000
CUST100977,Home,284 JP Laurel St.,
CUST102169,HOME,268 Mabini St.,8000
CUST101749,WORK,250 Quezon St.,8000
CUST100633,Work,434 Rizal St.,6000
CUST103408,HOME,743 JP Laurel St.,8000
CUST102676,WORK,28 Mabini St.,
CUST101114,Work,718 Quezon St.,8000
CUST102207,Work,221 Main St.,8000
CUST101344,WORK,513 Quezon St.,8100
CUST101511,Work,289 Rizal St.,8000
CUST101629,WORK,532 Mabini St.,8000
CUST103175,HOME,483 Quezon St.,8000
CUST102417,WORK,983 Quezon St.,8000
CUST102950,Home,9 Rizal St.,8000
CUST103100,HOME,10 JP Laurel St.,8100
CUST100839,WORK,644 Rizal St.,8000
CUST101134,Home,838 Mabini St.,8000
CUST102366,home,52 Main St.,
CUST102232,HOME,808 Rizal St.,
CUST102984,Home,524 JP Laurel St.,8100
CUST102075,HOME,289 Main St.,8000
CUST101543,home,84 JP Laurel St.,8000
CUST102887,Work,599 Rizal St.,6000
CUST102723,Work,79 Quezon St.,8000
CUST101904,Home,40 Main St.,
CUST101664,HOME,593 Quezon St.,8000
CUST102023,Home,569 JP Laurel St.,8100
CUST102360,Home,269 Mabini St.,8100
CUST102773,HOME,306 Rizal St.,8000
CUST100769,Work,151 Quezon St.,8000
CUST102799,HOME,703 Quezon St.,8000
CUST102032,Home,142 Main St.,8000
CUST102714,HOME,781 Quezon St.,8000
CUST100234,home,30 Quezon St.,8100
CUST102128,HOME,979 Quezon St.,8100
CUST101646,WORK,278 Rizal St.,8000
CUST102524,home,751 Mabini St.,8100
CUST101890,WORK,736 JP Laurel St.,8100
CUST100039,Home,405 Mabini St.,8000
CUST102709,HOME,489 Mabini St.,
CUST101121,Home,76 JP Laurel St.,
CUST103133,Home,540 Rizal St.,8000
CUST102664,WORK,573 Rizal St.,6000
CUST102414,home,821 Quezon St.,8000
CUST103420,Work,382 Quezon St.,8000
CUST101169,HOME,34 JP Laurel St.,
CUST102935,Home,510 Quezon St.,8100
CUST102762,WORK,644 Rizal St.,8000
CUST100570,Work,689 Rizal St.,8100
CUST101081,Work,680 Main St.,8000
CUST101427,home,146 JP Laurel St.,8100
CUST100856,home,735 Main St.,6000
CUST102039,home,214 Mabini St.,8000
CUST103445,Work,6 Mabini St.,8100
CUST100472,HOME,326 Main St.,8100
CUST100194,HOME,300 Rizal St.,
CUST103357,HOME,67 Quezon St.,8000
CUST103463,home,272 Main St.,8000
CUST101816,WORK,23 JP Laurel St.,
CUST100482,WORK,119 JP Laurel St.,8000
CUST102573,home,167 Main St.,8100
CUST103394,HOME,545 JP Laurel St.,8000
CUST102929,WORK,72 Rizal St.,8100
CUST102613,HOME,752 Main St.,8100
CUST101690,HOME,170 Rizal St.,8100
CUST100319,WORK,806 JP Laurel St.,8100
CUST101531,HOME,708 Quezon St.,8100
CUST101978,home,27 Rizal St.,8100
CUST102878,WORK,920 Quezon St.,8000
CUST101756,HOME,241 Quezon St.,8000
CUST101876,Work,723 Quezon St.,8000
CUST102447,Home,979 Mabini St.,8100
CUST102511,WORK,60 JP Laurel St.,6000
CUST100905,home,15 Quezon St.,8000
CUST101663,Work,795 Main St.,8100
CUST101565,home,796 JP Laurel St.,8000
CUST102270,home,653 Rizal St.,8000
CUST102203,home,202 Quezon St.,8100
CUST103152,Home,157 Quezon St.,6000
CUST100802,HOME,170 Rizal St.,8000
CUST101241,HOME,506 Main St.,8100
CUST100690,HOME,793 Quezon St.,6000
CUST102464,HOME,17 JP Laurel St.,8100
CUST100154,Work,716 JP Laurel St.,8000
CUST101079,WORK,601 Quezon St.,8000
CUST100867,WORK,383 Rizal St.,8000
CUST102988,WORK,235 Rizal St.,
CUST100364,Work,291 Quezon St.,
CUST100418,home,524 Mabini St.,8100
CUST102054,Work,724 Quezon St.,
CUST100882,Home,934 Rizal St.,6000
CUST100520,WORK,243 Main St.,8000
CUST100770,home,160 Quezon St.,6000
CUST101338,Home,808 Quezon St.,8000
CUST103440,home,990 Quezon St.,
CUST100310,HOME,881 Rizal St.,
CUST100425,HOME,324 JP Laurel St.,
CUST100268,Home,660 Mabini St.,8100
CUST101144,Home,954 Quezon St.,8100
CUST100635,HOME,295 Quezon St.,8000
CUST101073,HOME,396 Mabini St.,8100
CUST102035,WORK,804 Quezon St.,8000
CUST101396,HOME,13 Mabini St.,8100
CUST100915,HOME,646 Mabini St.,8000
CUST102920,WORK,300 Quezon St.,8000
CUST101678,WORK,946 Main St.,6000
CUST100787,Home,602 JP Laurel St.,8100
CUST103431,Home,400 Rizal St.,8100
CUST100222,Home,248 Rizal St.,8100
CUST102006,home,391 Quezon St.,8100
CUST101411,home,182 Rizal St.,8100
CUST102063,HOME,997 JP Laurel St.,8000
CUST102639,Home,227 Mabini St.,8000
CUST103226,HOME,403 Rizal St.,8000
CUST102506,Work,153 Main St.,
CUST100317,HOME,613 Main St.,6000
CUST102442,Home,620 Main St.,8100
CUST102434,Work,155 Main St.,
CUST100087,Work,398 Rizal St.,8000
CUST100107,home,332 Rizal St.,8100
CUST101208,WORK,937 Mabini St.,6000
CUST101131,WORK,808 Rizal St.,6000
CUST100496,Home,483 Main St.,8000
CUST100092,WORK,259 Main St.,8100
CUST100048,Home,21 Main St.,8000
CUST100115,home,159 Rizal St.,8100
CUST102705,WORK,743 Main St.,
CUST100535,WORK,610 Rizal St.,8000
CUST100032,Home,402 JP Laurel St.,8000
CUST102157,Home,464 Rizal St.,8000
CUST102339,HOME,238 Main St.,8100
CUST100089,HOME,801 Quezon St.,8000
CUST101546,HOME,268 Mabini St.,8100
CUST100277,home,505 Main St.,
CUST101702,HOME,907 Quezon St.,8100
CUST100102,home,535 Quezon St.,8000
CUST100393,WORK,109 JP Laurel St.,6000
CUST103239,home,640 JP Laurel St.,8000
CUST101616,HOME,863 Mabini St.,8000
CUST100296,home,288 Quezon St.,
CUST102320,Work,512 Mabini St.,8100
CUST100494,WORK,710 JP Laurel St.,6000
CUST100366,WORK,172 Mabini St.,
CUST101492,HOME,777 Rizal St.,8000
CUST100183,WORK,342 Main St.,
CUST100831,WORK,323 Mabini St.,8100
CUST100552,Home,970 Mabini St.,
CUST102987,home,291 JP Laurel St.,
CUST102867,Home,188 Main St.,8000
CUST102588,home,521 JP Laurel St.,8000
CUST102156,Home,213 Main St.,8000
CUST102405,HOME,723 Mabini St.,8100
CUST103314,home,685 Rizal St.,
CUST103460,HOME,119 Rizal St.,8000
CUST102362,Home,469 Mabini St.,8000
CUST103138,HOME,888 Rizal St.,8000
CUST100132,home,312 Main St.,8000
CUST102572,Work,570 JP Laurel St.,8100
CUST102058,Home,882 Rizal St.,8100
CUST102995,home,429 Quezon St.,6000
CUST102497,Home,46 Quezon St.,8000
CUST101408,Home,135 Main St.,8000
CUST101685,Home,113 JP Laurel St.,8000
CUST102660,Work,680 Quezon St.,
CUST101987,WORK,689 Quezon St.,8100
CUST102031,Work,496 JP Laurel St.,8100
CUST101882,HOME,57 Mabini St.,
CUST102584,WORK,754 JP Laurel St.,8100
CUST101097,home,359 Main St.,8100
CUST100536,home,719 Main St.,8100
CUST101062,Work,776 Quezon St.,6000
CUST103469,Work,690 Rizal St.,8100
CUST102533,home,120 Quezon St.,6000
CUST102215,home,363 Rizal St.,8100
CUST100841,HOME,188 Rizal St.,8000
CUST101040,Work,831 JP Laurel St.,6000
CUST100590,Work,349 Main St.,6000
CUST100333,home,34 Main St.,8100
CUST100477,Work,10 Quezon St.,8000
CUST100750,Home,642 Quezon St.,8000
CUST102717,home,332 JP Laurel St.,8000
CUST101790,WORK,170 Rizal St.,8000
CUST101734,Work,915 JP Laurel St.,8000
CUST101765,Work,598 Quezon St.,8000
CUST103240,WORK,700 JP Laurel St.,8100
CUST102983,Work,231 Main St.,8100
CUST103187,Work,185 Rizal St.,6000
CUST103074,home,236 Mabini St.,8000
CUST101259,WORK,138 Mabini St.,8000
CUST100643,Work,710 Main St.,8100
CUST100542,home,287 Mabini St.,8000
CUST103449,Home,67 Quezon St.,
CUST101413,WORK,753 Rizal St.,
CUST100260,HOME,10 Mabini St.,6000
CUST100365,HOME,868 Rizal St.,6000
CUST101155,Home,848 JP Laurel St.,8000
CUST103389,HOME,281 Mabini St.,8100
CUST103328,Home,43 Mabini St.,8000
CUST100722,Home,878 JP Laurel St.,8100
CUST101383,Home,200 Quezon St.,8000
CUST102376,HOME,66 Rizal St.,6000
CUST102118,Work,834 Quezon St.,8100
CUST102304,WORK,392 JP Laurel St.,8100
CUST102896,HOME,758 Main St.,6000
CUST103082,home,80 Quezon St.,8100
CUST100264,WORK,875 Main St.,8000
CUST102450,Work,538 JP Laurel St.,8100
CUST100695,WORK,861 Quezon St.,
CUST100125,home,998 JP Laurel St.,8100
CUST102124,Home,833 Quezon St.,8000
CUST101982,Home,984 Main St.,8000
CUST103494,Work,90 Mabini St.,
CUST100848,Home,670 JP Laurel St.,
CUST101188,home,678 Rizal St.,6000
CUST102926,HOME,907 Main St.,8000
CUST101950,WORK,95 Quezon St.,6000
CUST101564,WORK,962 Mabini St.,8100
CUST100506,home,135 Main St.,
CUST100103,home,978 Rizal St.,8000
CUST102963,HOME,639 Rizal St.,8000
CUST102637,Work,215 Quezon St.,8100
CUST103081,HOME,738 Mabini St.,8000
CUST102624,Work,507 Mabini St.,6000
CUST100221,WORK,591 JP Laurel St.,8000
CUST101417,Home,710 Rizal St.,8100
CUST102227,HOME,247 Quezon St.,6000
CUST100731,HOME,644 Rizal St.,8100
CUST101804,WORK,837 Mabini St.,
CUST101770,Work,336 Mabini St.,8100
CUST103299,Home,193 Quezon St.,8000
CUST103455,HOME,896 JP Laurel St.,8000
CUST101018,Work,446 Rizal St.,6000
CUST100245,WORK,479 Main St.,8100
CUST101860,home,667 Mabini St.,8100
CUST101600,Home,122 Mabini St.,8100
CUST101341,Home,718 Rizal St.,8100
CUST102105,Home,405 JP Laurel St.,8000
CUST102740,Home,709 Quezon St.,8100
CUST101921,home,449 Mabini St.,
CUST103428,HOME,496 Mabini St.,8000
CUST103292,HOME,144 Main St.,8000
CUST101239,Work,831 Mabini St.,8000
CUST100820,home,532 Mabini St.,8000
CUST102582,Work,412 JP Laurel St.,6000
CUST100483,home,470 Mabini St.,8100
CUST101375,HOME,531 Main St.,8100
CUST102478,WORK,174 Main St.,8000
CUST100561,home,254 Main St.,8100
CUST100611,WORK,224 JP Laurel St.,
CUST101793,Home,360 Quezon St.,8100
CUST102530,WORK,393 JP Laurel St.,8000
CUST100684,Work,752 JP Laurel St.,8100
CUST101024,HOME,288 Main St.,8000
CUST100010,Work,308 Quezon St.,6000
CUST100129,Work,653 Quezon St.,6000
CUST101892,WORK,992 Rizal St.,
CUST100174,HOME,444 Mabini St.,8000
CUST102403,WORK,149 Quezon St.,8100
CUST102438,Work,49 JP Laurel St.,8100
CUST102340,HOME,89 Main St.,6000
CUST102265,HOME,174 JP Laurel St.,
CUST101676,HOME,860 JP Laurel St.,6000
CUST103318,home,832 JP Laurel St.,
CUST102537,WORK,471 Main St.,6000
CUST101096,WORK,438 Rizal St.,8100
CUST101659,Home,245 Quezon St.,8100
CUST101103,Home,167 Rizal St.,8100
CUST102552,Home,392 Main St.,8000
CUST101512,Work,700 Quezon St.,
CUST100757,HOME,558 Main St.,6000
CUST101590,Work,786 Mabini St.,8100
CUST101125,Work,266 JP Laurel St.,8000
CUST101576,Home,858 Mabini St.,6000
CUST102914,Work,443 JP Laurel St.,8100
CUST103185,Work,191 Mabini St.,8100
CUST103497,WORK,570 Rizal St.,8000
CUST101342,Work,315 Main St.,8000
CUST102788,HOME,267 Rizal St.,8000
CUST103031,WORK,836 Rizal St.,8000
CUST103048,HOME,161 JP Laurel St.,8100
CUST102191,WORK,352 JP Laurel St.,8000
CUST100954,HOME,109 Main St.,
CUST101927,WORK,920 Main St.,8100
CUST102816,Work,9 Quezon St.,8000
CUST101885,home,317 Mabini St.,6000
CUST100736,HOME,408 Rizal St.,8100
CUST101101,Home,481 Rizal St.,8100
CUST100177,WORK,225 Rizal St.,
CUST100067,WORK,119 Mabini St.,8000
CUST102399,home,548 Main St.,8100
CUST100208,WORK,459 Quezon St.,8100
CUST103097,Work,2 Rizal St.,8000
CUST103041,HOME,960 Mabini St.,8100
CUST103073,WORK,17 Mabini St.,
CUST102228,Work,410 Rizal St.,8100
CUST101907,home,74 JP Laurel St.,
CUST102206,Home,812 Quezon St.,
CUST100288,Work,18 JP Laurel St.,6000
CUST101317,HOME,473 Mabini St.,
CUST101354,HOME,876 Mabini St.,8000
CUST101930,Work,236 Rizal St.,
CUST101007,WORK,926 Mabini St.,8100
CUST101964,Home,578 Mabini St.,8000
CUST103144,WORK,221 Mabini St.,6000
CUST102638,HOME,950 Main St.,
CUST100605,home,950 Rizal St.,
CUST101193,WORK,296 Main St.,8000
CUST100933,HOME,663 Rizal St.,8000
CUST100043,HOME,459 Mabini St.,8100
CUST102053,WORK,633 JP Laurel St.,
CUST101943,HOME,555 Main St.,
CUST102237,WORK,703 Main St.,8100
CUST100719,HOME,842 Rizal St.,6000
CUST102949,Work,721 Main St.,8000
CUST100187,home,406 Quezon St.,8100
CUST103103,WORK,621 Main St.,8000
CUST102138,home,35 JP Laurel St.,6000
CUST100238,home,528 JP Laurel St.,8000
CUST101774,home,73 Mabini St.,8100
CUST102779,HOME,576 JP Laurel St.,
CUST102367,home,710 Quezon St.,8000
CUST100642,home,293 JP Laurel St.,8000
CUST100759,Work,327 Rizal St.,8000
CUST101388,Home,723 JP Laurel St.,6000
CUST100729,home,856 Main St.,
CUST101626,home,814 Rizal St.,8000
CUST102285,Work,222 JP Laurel St.,8100
CUST101000,Work,948 Rizal St.,6000
CUST100262,home,27 Rizal St.,8000
CUST100308,Home,541 Main St.,8000
CUST100122,HOME,227 Main St.,8000
CUST103078,HOME,951 Rizal St.,
CUST100948,HOME,380 Mabini St.,8100
CUST100970,Work,14 Mabini St.,8100
CUST102444,home,911 JP Laurel St.,
CUST103165,Work,251 Main St.,6000
CUST100258,Home,772 JP Laurel St.,8100
CUST101670,WORK,920 Mabini St.,8100
CUST103005,home,473 Quezon St.,8100
CUST101072,HOME,690 Quezon St.,8100
CUST102653,HOME,284 JP Laurel St.,6000
CUST101607,WORK,38 Main St.,
CUST101866,Work,654 Mabini St.,
CUST103035,Home,553 JP Laurel St.,8000
CUST101526,WORK,870 Quezon St.,
CUST103155,Home,165 Main St.,
CUST102094,HOME,140 Quezon St.,8100
CUST102919,Work,712 Quezon St.,8000
CUST100935,home,103 Rizal St.,8000
CUST100062,home,338 Quezon St.,8100
CUST101240,WORK,47 JP Laurel St.,6000
CUST100995,Work,81 Mabini St.,
CUST102256,WORK,932 Main St.,8100
CUST103377,HOME,686 Mabini St.,
CUST100602,WORK,819 Mabini St.,6000
CUST101235,HOME,847 Mabini St.,8000
CUST100986,WORK,164 Quezon St.,8000
CUST102336,home,966 Mabini St.,8000
CUST101628,home,819 JP Laurel St.,6000
CUST102020,Home,645 Quezon St.,6000
CUST102569,WORK,562 JP Laurel St.,8100
CUST101029,HOME,336 Mabini St.,8000
CUST102566,home,78 Main St.,8000
CUST102277,Home,578 Quezon St.,
CUST100025,WORK,30 Main St.,8000
CUST101017,HOME,7 Mabini St.,8100
CUST102149,Work,335 Main St.,8100
CUST102266,Work,793 Mabini St.,8000
CUST102332,home,11 Quezon St.,8000
CUST102538,Home,910 Mabini St.,6000
CUST100906,HOME,948 Mabini St.,8100
CUST102575,Work,78 Main St.,8000
CUST102598,home,67 Rizal St.,8100
CUST102059,home,385 Mabini St.,8000
CUST103471,HOME,480 JP Laurel St.,6000
CUST100777,home,12 JP Laurel St.,8100
CUST101641,Home,239 JP Laurel St.,8000
CUST103066,home,135 Main St.,
CUST103118,Home,122 Rizal St.,
CUST103025,Work,940 Mabini St.,8100
CUST102416,home,165 Quezon St.,8000
CUST100468,WORK,508 Quezon St.,
CUST100926,home,741 Quezon St.,8000
CUST100113,Home,151 Mabini St.,8000
CUST100106,HOME,630 Mabini St.,8100
CUST102713,WORK,971 JP Laurel St.,8000
CUST102968,WORK,811 Rizal St.,
CUST101049,Home,528 JP Laurel St.,8100
CUST102067,Work,268 Quezon St.,8000
CUST100680,home,249 Main St.,8000
CUST102894,HOME,240 JP Laurel St.,
CUST102387,home,994 JP Laurel St.,8000
CUST102778,WORK,271 Quezon St.,6000
CUST102721,Home,218 Main St.,8000
CUST102845,WORK,259 Main St.,8100
CUST100545,Home,640 Quezon St.,8000
CUST100316,Work,36 Main St.,8000
CUST101184,Home,479 Main St.,6000
CUST101496,Home,827 Mabini St.,8100
CUST102217,Home,412 Main St.,8000
CUST103256,WORK,701 Quezon St.,8100
CUST101138,home,755 Mabini St.,8100
CUST102622,Work,270 Main St.,8000
CUST101429,Home,315 Mabini St.,8000
CUST101176,WORK,117 Main St.,8100
CUST100197,WORK,217 Main St.,8100
CUST100811,home,15 Mabini St.,6000
CUST102364,WORK,744 Mabini St.,6000
CUST100919,Home,92 Rizal St.,8100
CUST102166,HOME,36 Quezon St.,6000
CUST102854,Home,233 Rizal St.,
CUST102226,Home,901 Mabini St.,
CUST100070,WORK,764 Rizal St.,
CUST102945,home,929 Quezon St.,8100
CUST102316,Work,515 Mabini St.,8100
CUST101694,WORK,622 Main St.,8000
CUST103010,Work,252 Quezon St.,
CUST100247,HOME,440 Quezon St.,6000
CUST102909,HOME,525 Main St.,8000
CUST103354,Home,664 Quezon St.,
CUST103170,WORK,364 Quezon St.,6000
CUST103176,WORK,351 Main St.,8100
CUST101552,home,121 JP Laurel St.,8000
CUST102574,home,376 Mabini St.,8000
CUST100024,WORK,305 Quezon St.,6000
CUST101942,HOME,605 JP Laurel St.,6000
CUST101656,home,893 JP Laurel St.,8100
CUST103054,WORK,329 Mabini St.,
CUST103411,HOME,346 Quezon St.,8100
CUST100829,WORK,747 Rizal St.,8000
CUST101829,Home,858 Rizal St.,8100
CUST102158,home,982 JP Laurel St.,8000
CUST102863,home,19 Rizal St.,8000
CUST101855,HOME,388 JP Laurel St.,
CUST102695,WORK,723 Main St.,6000
CUST103012,home,839 Rizal St.,6000
CUST102703,WORK,369 Main St.,8000
CUST100124,HOME,158 Mabini St.,8000
CUST102804,HOME,85 Main St.,8000
CUST103383,home,785 Rizal St.,8100
CUST102724,home,647 JP Laurel St.,8000
CUST103461,HOME,51 Quezon St.,8100
CUST103172,HOME,110 Quezon St.,6000
CUST101137,Work,306 Main St.,6000
CUST101684,HOME,229 Rizal St.,8000
CUST100094,Work,729 Quezon St.,6000
CUST101311,home,728 Main St.,8000
CUST100403,WORK,974 Mabini St.,8000
CUST102103,HOME,112 JP Laurel St.,8000
CUST101256,WORK,792 Main St.,8100
CUST100339,home,436 JP Laurel St.,6000
CUST102185,Home,682 Main St.,6000
CUST102480,Work,700 Main St.,6000
CUST100118,HOME,352 Main St.,8000
CUST102760,Home,692 JP Laurel St.,8000
CUST101854,home,45 Quezon St.,8000
CUST102858,Work,248 Quezon St.,
CUST100076,HOME,140 Rizal St.,8100
CUST102559,Work,206 JP Laurel St.,8100
CUST100913,Home,83 Mabini St.,8000
CUST101938,Home,121 Mabini St.,8100
CUST102115,Work,767 Quezon St.,6000
CUST100981,Home,34 Quezon St.,
CUST101401,HOME,297 Quezon St.,8000
CUST101398,home,962 Main St.,8100
CUST100921,Home,362 JP Laurel St.,6000
CUST100511,WORK,142 Rizal St.,8000
CUST100457,home,548 JP Laurel St.,8100
CUST101945,HOME,295 Rizal St.,8000
CUST103230,WORK,795 Main St.,8100
CUST102508,home,327 Rizal St.,8100
CUST102233,Work,401 Mabini St.,
CUST100382,Home,222 Rizal St.,8000
CUST102373,Home,916 JP Laurel St.,8100
CUST100131,Home,955 Quezon St.,8000
CUST101613,home,582 Rizal St.,6000
CUST100833,WORK,159 Mabini St.,8100
CUST101951,WORK,405 Quezon St.,8100
CUST100079,home,10 JP Laurel St.,8000
CUST103478,Home,171 Rizal St.,
CUST102991,Work,356 JP Laurel St.,8000
CUST102754,Work,719 Main St.,8000
CUST100801,home,852 Quezon St.,8000
CUST102477,Work,68 Quezon St.,8100
CUST101622,home,34 Mabini St.,8100
CUST102489,Work,162 Main St.,8100
CUST102654,home,559 Quezon St.,8000
CUST101534,Home,479 Rizal St.,8000
CUST101589,Home,513 Main St.,
CUST100256,WORK,50 Main St.,8000
CUST102017,home,55 Quezon St.,8100
CUST100157,HOME,608 Main St.,8100
CUST103360,HOME,569 Mabini St.,6000
CUST101253,Home,112 JP Laurel St.,8000
CUST101779,WORK,936 Quezon St.,8100
CUST101802,Home,808 Mabini St.,8000
CUST100778,HOME,803 Mabini St.,8100
CUST100252,home,166 Main St.,6000
CUST101032,HOME,853 Mabini St.,8100
CUST102977,Home,728 Main St.,8000
CUST103339,HOME,447 Main St.,8100
CUST102850,Work,221 Main St.,8000
CUST103221,HOME,208 Quezon St.,8000
CUST103007,WORK,6 Main St.,
CUST100072,HOME,690 Main St.,8100
CUST102939,Home,555 JP Laurel St.,8100
CUST103438,Home,779 Main St.,8100
CUST101714,WORK,148 Quezon St.,8100
CUST101638,home,346 Mabini St.,6000
CUST102895,WORK,476 Mabini St.,8000
CUST101177,Work,449 Main St.,8000
CUST100939,Home,95 Main St.,8000
CUST101706,HOME,265 JP Laurel St.,8100
CUST100527,Work,970 Mabini St.,8100
CUST102170,Home,28 Main St.,8100
CUST103301,WORK,814 Rizal St.,
CUST101823,Home,880 Mabini St.,8100
CUST100203,Work,878 Main St.,8100
CUST103496,WORK,857 Mabini St.,
CUST101373,home,437 Mabini St.,
CUST100629,WORK,327 Quezon St.,
CUST100216,WORK,769 JP Laurel St.,6000
CUST101752,Work,977 Mabini St.,8000
CUST102475,Work,768 JP Laurel St.,
CUST103475,HOME,18 Mabini St.,8000
CUST101068,HOME,700 Mabini St.,8100
CUST101561,WORK,100 Quezon St.,8000
CUST101557,HOME,406 Quezon St.,6000
CUST100978,home,2 Main St.,6000
CUST100163,home,602 JP Laurel St.,6000
CUST102283,HOME,639 JP Laurel St.,8100
CUST103056,HOME,846 Rizal St.,6000
CUST101178,home,103 Mabini St.,6000
CUST101288,HOME,620 Quezon St.,8000
CUST102155,WORK,520 JP Laurel St.,8100
CUST101535,Home,843 Mabini St.,8000
CUST102577,HOME,551 Main St.,8100
CUST101051,WORK,780 Quezon St.,8100
CUST101374,home,895 Main St.,8000
CUST101573,Work,146 Quezon St.,8100
CUST102186,Work,489 Mabini St.,
CUST101170,HOME,434 Quezon St.,
CUST101158,Work,658 Main St.,6000
CUST102600,HOME,759 Mabini St.,6000
CUST101710,Work,575 Quezon St.,8000
CUST100903,Home,743 Rizal St.,8000
CUST102111,Work,7 Main St.,8100
CUST100090,Home,964 Rizal St.,8000
CUST100068,WORK,249 JP Laurel St.,8100
CUST101002,Work,236 Mabini St.,8100
CUST101745,Home,370 Quezon St.,8000
CUST102789,Home,594 Mabini St.,6000
CUST102204,Home,501 JP Laurel St.,8100
CUST103379,WORK,581 Mabini St.,
CUST100196,home,886 Main St.,6000
CUST100037,HOME,832 Main St.,8000
CUST101340,HOME,332 Main St.,8000
CUST103369,Home,571 JP Laurel St.,8000
CUST100471,HOME,382 Quezon St.,8000
CUST102869,WORK,393 Quezon St.,
CUST102241,home,997 Quezon St.,
CUST100026,HOME,340 JP Laurel St.,8100
CUST102407,Home,38 JP Laurel St.,8100
CUST101558,HOME,838 Quezon St.,
CUST102388,HOME,620 Rizal St.,8100
CUST100353,Home,431 Main St.,8000
CUST102515,Work,339 Mabini St.,
CUST101711,Work,362 Quezon St.,8100
CUST103295,WORK,852 Mabini St.,8100
CUST101275,HOME,341 Rizal St.,6000
CUST100275,HOME,546 Quezon St.,
CUST100415,WORK,127 Mabini St.,8000
CUST103022,HOME,440 Rizal St.,8100
CUST103464,Work,238 JP Laurel St.,
CUST101132,Work,432 Mabini St.,8000
CUST101693,WORK,39 Rizal St.,6000
CUST100377,HOME,224 Rizal St.,6000
CUST103119,Work,840 Mabini St.,8100
CUST102814,Home,901 Mabini St.,8100
CUST101433,Work,769 Main St.,8000
CUST100674,Home,814 Quezon St.,8000
CUST100097,Work,39 Quezon St.,6000
CUST100269,HOME,479 Main St.,8000
CUST102737,home,846 Mabini St.,
CUST101772,Home,606 Mabini St.,6000
CUST100330,Work,91 Rizal St.,8000
CUST101372,home,701 Rizal St.,8000
CUST102418,Work,887 Rizal St.,6000
CUST101222,HOME,459 Mabini St.,8000
CUST102494,Home,19 JP Laurel St.,8100
CUST101111,home,136 Mabini St.,8000
CUST103068,Work,907 JP Laurel St.,
CUST102150,Work,230 Rizal St.,6000
CUST101553,HOME,565 Quezon St.,6000
CUST100996,Work,250 Mabini St.,8100
CUST103390,home,833 Quezon St.,8000
CUST102621,HOME,821 JP Laurel St.,
CUST101675,Home,860 Mabini St.,6000
CUST102402,HOME,973 Mabini St.,8100
CUST102661,Home,709 JP Laurel St.,6000
CUST101528,Work,44 JP Laurel St.,8000
CUST102312,Home,821 JP Laurel St.,6000
CUST102188,Home,772 Main St.,
CUST103186,Home,302 Main St.,8000
CUST103484,HOME,607 Mabini St.,8000
CUST101333,Home,474 Quezon St.,6000
CUST101580,Work,819 Main St.,
CUST100126,Home,916 Rizal St.,6000
CUST100021,WORK,751 Mabini St.,
CUST102286,home,443 Rizal St.,8000
CUST102772,Home,190 Quezon St.,
CUST103234,home,321 Rizal St.,8100
CUST101900,Home,6 JP Laurel St.,8100
CUST101448,WORK,395 Rizal St.,
CUST101619,home,372 Mabini St.,
CUST101026,WORK,481 Mabini St.,8100
CUST103306,HOME,278 Rizal St.,8100
CUST100874,Home,862 Mabini St.,8000
CUST102033,HOME,972 JP Laurel St.,
CUST102496,home,711 Mabini St.,
CUST102133,Work,836 Main St.,8100
CUST102413,home,499 Quezon St.,8000
CUST102807,WORK,108 Main St.,6000
CUST100055,HOME,66 Mabini St.,6000
CUST101276,HOME,541 Mabini St.,8000
CUST102596,home,55 Mabini St.,8000
CUST102152,Home,887 Main St.,8100
CUST100368,Work,775 Rizal St.,8000
CUST101468,Home,75 Main St.,8100
CUST101566,Work,13 Mabini St.,
CUST101041,HOME,497 Quezon St.,8100
CUST101911,HOME,82 Quezon St.,6000
CUST100609,Work,739 Main St.,8000
CUST101458,Work,674 Main St.,8100
CUST100516,WORK,439 Quezon St.,8100
CUST102072,HOME,870 Mabini St.,
CUST101355,WORK,435 JP Laurel St.,
CUST101060,WORK,216 Rizal St.,
CUST101066,WORK,466 Main St.,
CUST103277,WORK,23 Rizal St.,6000
CUST100984,Work,153 Quezon St.,8000
CUST101631,HOME,548 Mabini St.,8000
CUST100470,Work,496 Main St.,6000
CUST100775,Work,402 Main St.,8100
CUST102820,HOME,355 Quezon St.,8100
CUST103368,WORK,985 Rizal St.,6000
CUST101428,Work,264 Quezon St.,8000
CUST102648,home,917 Rizal St.,
CUST100971,WORK,837 Rizal St.,8100
CUST102800,Home,639 Rizal St.,8100
CUST100687,Work,262 JP Laurel St.,8000
CUST102469,Work,389 Main St.,8000
CUST102765,Home,771 Main St.,8000
CUST100721,home,111 JP Laurel St.,8000
CUST103470,home,348 Main St.,8100
CUST102331,HOME,974 Rizal St.,8000
CUST102488,WORK,632 Rizal St.,8100
CUST101116,Work,580 Quezon St.,8100
CUST101465,HOME,757 Mabini St.,
CUST102341,home,615 JP Laurel St.,8000
CUST102347,Home,839 Quezon St.,8000
CUST101674,Home,399 Mabini St.,8100
CUST102069,Work,966 Rizal St.,8000
CUST101889,WORK,692 Quezon St.,8100
CUST100444,HOME,480 JP Laurel St.,8000
CUST102441,HOME,428 JP Laurel St.,8000
CUST100051,Work,644 Main St.,8100
CUST102171,home,822 Quezon St.,
CUST101201,Home,222 Quezon St.,8000
CUST102395,Work,511 JP Laurel St.,8000
CUST101642,HOME,305 Rizal St.,6000
CUST103159,Home,59 Quezon St.,8000
CUST101708,home,984 Quezon St.,8000
CUST103065,Work,369 JP Laurel St.,8000
CUST101008,home,253 Quezon St.,8000
CUST100459,Work,596 JP Laurel St.,8100
CUST103441,HOME,970 Rizal St.,8000
CUST103047,home,96 Main St.,8100
CUST100576,Work,738 Rizal St.,8000
CUST102209,home,140 JP Laurel St.,
CUST103255,HOME,648 Main St.,6000
CUST100980,WORK,712 Quezon St.,8100
CUST101463,Home,983 JP Laurel St.,8000
CUST100320,WORK,974 JP Laurel St.,8100
CUST100390,Work,792 Quezon St.,
CUST101148,Home,544 Quezon St.,6000
CUST100975,HOME,964 Main St.,8100
CUST100920,HOME,137 Mabini St.,
CUST102431,WORK,294 Mabini St.,8100
CUST100547,home,311 Quezon St.,8100
CUST101423,HOME,897 Rizal St.,6000
CUST102542,WORK,771 Main St.,8000
CUST100409,Home,796 Quezon St.,8000
CUST103264,WORK,710 Mabini St.,8000
CUST100730,WORK,107 JP Laurel St.,8100
CUST100223,HOME,110 Mabini St.,8100
CUST100666,Home,174 JP Laurel St.,
CUST102219,WORK,574 Mabini St.,8100
CUST100175,WORK,317 Quezon St.,8000
CUST102208,HOME,210 Quezon St.,6000
CUST101813,Home,968 Rizal St.,8100
CUST101117,HOME,685 Rizal St.,8000
CUST103417,Home,928 JP Laurel St.,8000
CUST100883,Work,314 Rizal St.,8100
CUST102964,home,83 Quezon St.,
CUST100452,HOME,918 Main St.,6000
CUST103122,Work,815 Quezon St.,8000
CUST100487,Work,472 Rizal St.,8100
CUST103151,Home,652 Mabini St.,8000
CUST102626,home,810 Mabini St.,8100
CUST100431,WORK,49 Rizal St.,8000
CUST102999,Work,380 Mabini St.,6000
CUST100362,WORK,350 JP Laurel St.,8100
CUST100265,WORK,281 Quezon St.,8000
CUST101392,Home,361 JP Laurel St.,
CUST100332,HOME,915 Quezon St.,8000
CUST101050,home,764 Quezon St.,8100
CUST103418,home,587 Mabini St.,8000
CUST102328,Work,27 JP Laurel St.,8100
CUST100060,Work,980 Mabini St.,8100
CUST101583,Work,869 Mabini St.,
CUST100699,Home,113 JP Laurel St.,8100
CUST102011,Work,509 JP Laurel St.,8000
CUST101475,Work,213 Mabini St.,8100
CUST100546,Work,667 Main St.,8100
CUST101606,home,995 Quezon St.,8000
CUST102557,Home,172 Quezon St.,6000
CUST101197,Home,877 Rizal St.,8100
CUST102346,Work,609 Quezon St.,
CUST102394,WORK,146 Mabini St.,8100
CUST102355,WORK,559 Rizal St.,6000
CUST101924,home,300 Quezon St.,6000
CUST102378,home,751 Rizal St.,6000
CUST100341,Home,147 Quezon St.,
CUST102817,home,174 Main St.,8000
CUST102834,Home,322 JP Laurel St.,8100
CUST101909,Work,756 Rizal St.,8000
CUST101739,Work,519 JP Laurel St.,8000
CUST100764,Home,718 Quezon St.,8000
CUST101821,WORK,88 Rizal St.,6000
CUST101438,Work,104 JP Laurel St.,6000
CUST103391,HOME,342 Mabini St.,8100
CUST101280,home,551 Mabini St.,6000
CUST100085,Home,52 JP Laurel St.,8100
CUST101334,WORK,380 JP Laurel St.,6000
CUST101295,Home,764 Quezon St.,
CUST102487,WORK,702 JP Laurel St.,6000
CUST102457,Work,303 Rizal St.,8100
CUST103071,WORK,670 Rizal St.,8100
CUST103021,HOME,803 Main St.,8000
CUST101142,WORK,896 Rizal St.,
CUST100616,home,5 Quezon St.,8100
CUST102922,HOME,275 Rizal St.,8000
CUST101028,HOME,481 Mabini St.,8100
CUST100510,WORK,136 Main St.,8100
CUST100167,home,461 Rizal St.,8100
CUST101966,home,581 Quezon St.,8100
CUST101003,Work,614 Main St.,8000
CUST101740,home,995 Quezon St.,8000
CUST102901,home,50 Quezon St.,6000
CUST100363,HOME,879 Mabini St.,
CUST100303,Home,831 JP Laurel St.,8100
CUST103326,WORK,963 JP Laurel St.,8100
CUST103253,home,194 Main St.,
CUST103166,WORK,651 Quezon St.,8100
CUST102587,home,568 Rizal St.,8100
CUST102146,home,947 Mabini St.,8100
CUST101151,home,741 Quezon St.,8000
CUST100166,WORK,894 Quezon St.,8000
CUST102492,Home,634 JP Laurel St.,8100
CUST101832,home,55 Quezon St.,8000
CUST102187,Home,586 Quezon St.,8100
CUST101243,WORK,224 Mabini St.,
CUST101585,home,284 Main St.,8100
CUST100305,WORK,575 Main St.,8000
CUST100982,HOME,93 Mabini St.,8100
CUST102727,Home,897 Quezon St.,8000
CUST102047,Work,16 Main St.,8000
CUST101778,Home,431 Mabini St.,8100
CUST100500,HOME,40 Rizal St.,8100
CUST101686,HOME,127 Mabini St.,6000
CUST103089,HOME,658 Rizal St.,8000
CUST102916,Home,571 Rizal St.,8000
CUST101689,Work,850 Main St.,8000
CUST103002,Work,504 Rizal St.,
CUST100337,HOME,450 Mabini St.,8000
CUST102273,HOME,645 JP Laurel St.,8000
CUST101315,Home,561 Rizal St.,8100
CUST100244,Work,524 Mabini St.,6000
CUST102819,WORK,863 Mabini St.,6000
CUST100428,home,867 Quezon St.,8100
CUST102261,home,571 Rizal St.,6000
CUST100889,Work,256 Main St.,8000
CUST101494,WORK,548 JP Laurel St.,8100
CUST102493,WORK,13 JP Laurel St.,6000
CUST100493,Home,858 Mabini St.,8000
CUST102512,home,313 Mabini St.,
CUST101522,WORK,854 Main St.,8000
CUST102730,Work,449 Main St.,8100
CUST101594,WORK,643 Main St.,8100
CUST100230,WORK,317 Quezon St.,8100
CUST100169,Home,751 Rizal St.,8000
CUST100293,Work,512 Main St.,6000
CUST100574,home,591 Main St.,8000
CUST100751,HOME,813 Main St.,8100
CUST100715,Work,608 Mabini St.,
CUST103331,Home,224 Mabini St.,8000
CUST102224,home,142 Mabini St.,6000
CUST101038,home,644 Mabini St.,8000
CUST101846,HOME,361 Mabini St.,8000
CUST100990,Work,955 Quezon St.,8100
CUST100895,WORK,6 Rizal St.,8000
CUST103183,WORK,25 Rizal St.,
CUST102732,Work,777 JP Laurel St.,8000
CUST100624,HOME,457 Quezon St.,6000
CUST102554,WORK,370 Mabini St.,8000
CUST102262,WORK,828 Rizal St.,8000
CUST100401,WORK,318 Main St.,8100
CUST103000,WORK,218 Main St.,8000
CUST100091,WORK,815 JP Laurel St.,8000
CUST103117,Work,421 Mabini St.,6000
CUST102805,Work,249 Main St.,8000
CUST103373,Work,515 Main St.,8100
CUST102655,Work,847 Rizal St.,8000
CUST100991,HOME,737 Rizal St.,8000
CUST103474,WORK,127 Mabini St.,6000
CUST102505,Work,183 Rizal St.,8000
CUST103293,Work,293 JP Laurel St.,8000
CUST101848,Work,503 Quezon St.,6000
CUST102953,Home,588 JP Laurel St.,
CUST102591,WORK,439 JP Laurel St.,8100
CUST101271,home,897 JP Laurel St.,8000
CUST100636,WORK,695 JP Laurel St.,
CUST100681,Home,744 Rizal St.,8000
CUST102301,HOME,157 Rizal St.,8100
CUST100284,WORK,573 Main St.,8000
CUST101325,Work,238 Quezon St.,6000
CUST100301,Work,333 Quezon St.,8100
CUST101186,home,996 Main St.,8000
CUST102532,home,640 JP Laurel St.,8000
CUST100809,home,140 Quezon St.,8100
CUST103451,Home,507 Quezon St.,8000
CUST100964,home,52 Mabini St.,8000
CUST100800,home,367 Main St.,8000
CUST100934,HOME,762 Mabini St.,8000
CUST102390,HOME,877 Main St.,8100
CUST101665,Work,730 Quezon St.,8000
CUST100237,Work,650 Rizal St.,8000
CUST100357,home,690 Rizal St.,8100
CUST100930,Work,761 Mabini St.,6000
CUST103287,HOME,479 Mabini St.,
CUST100447,home,85 Rizal St.,8100
CUST103128,home,203 JP Laurel St.,6000
CUST100686,HOME,421 Main St.,6000
CUST100504,Home,26 JP Laurel St.,
CUST100725,home,157 Main St.,
CUST101145,WORK,212 Rizal St.,8000
CUST101768,home,80 JP Laurel St.,8000
CUST103397,WORK,60 Quezon St.,
CUST103125,WORK,836 Quezon St.,
CUST100073,Work,133 Quezon St.,8100
CUST100873,WORK,330 Mabini St.,8000
CUST103313,home,251 Quezon St.,8000
CUST100056,Work,579 Main St.,8000
CUST101748,Home,407 Quezon St.,8100
CUST102071,HOME,936 JP Laurel St.,8100
CUST103447,home,135 JP Laurel St.,8100
CUST102022,Home,566 Quezon St.,8100
CUST101505,Work,385 Quezon St.,
CUST100608,WORK,258 Mabini St.,8100
CUST101309,Home,226 Rizal St.,8000
CUST100343,WORK,408 JP Laurel St.,8100
CUST103260,Home,628 Quezon St.,8100
CUST101409,Home,284 Mabini St.,8000
CUST102603,Work,472 Quezon St.,8100
CUST100771,Work,186 Main St.,8100
CUST103405,WORK,505 JP Laurel St.,
CUST102871,home,733 JP Laurel St.,6000
CUST102451,home,393 Rizal St.,8000
CUST100767,Home,659 Main St.,8000
CUST100450,Work,894 Quezon St.,
CUST102380,WORK,503 Main St.,8000
CUST103375,home,250 JP Laurel St.,8000
CUST102795,WORK,15 Main St.,8000
CUST102300,HOME,347 Rizal St.,8000
CUST100041,WORK,676 Main St.,
CUST102372,home,784 Quezon St.,8000
CUST101897,Home,230 Mabini St.,
CUST100827,HOME,671 JP Laurel St.,6000
CUST102321,home,732 JP Laurel St.,8100
CUST100407,Home,116 Quezon St.,6000
CUST101061,WORK,772 Rizal St.,8100
CUST102375,HOME,218 Main St.,8000
CUST100369,Work,984 JP Laurel St.,8000
CUST100065,WORK,121 Rizal St.,6000
CUST103173,home,458 JP Laurel St.,8100
CUST102690,Work,825 JP Laurel St.,8100
CUST101022,home,827 Quezon St.,6000
CUST101520,Work,291 Quezon St.,8100
CUST102974,Home,494 JP Laurel St.,8100
CUST101612,HOME,448 Quezon St.,8000
CUST102448,Work,174 Quezon St.,6000
CUST100282,Home,453 Mabini St.,6000
CUST100969,WORK,754 Mabini St.,8000
CUST102216,Work,59 Rizal St.,8000
CUST101345,Home,962 JP Laurel St.,
CUST101127,Home,614 Quezon St.,8000
CUST100360,Home,263 Quezon St.,8000
CUST101367,Work,599 Main St.,
CUST102003,home,948 JP Laurel St.,8000
CUST100231,home,82 Mabini St.,6000
CUST100544,home,742 Quezon St.,8000
CUST100766,home,168 Main St.,6000
CUST100897,HOME,983 JP Laurel St.,8100
CUST102282,Home,737 Quezon St.,8100
CUST100312,Home,686 Mabini St.,
CUST100202,Work,684 Rizal St.,8000
CUST101310,Work,84 Rizal St.,8000
CUST100682,HOME,294 Rizal St.,8100
CUST100251,HOME,470 Main St.,
CUST102859,home,407 Mabini St.,
CUST101414,Work,188 Mabini St.,8000
CUST100588,home,673 Mabini St.,8100
CUST100543,home,3 Quezon St.,8100
CUST101085,Home,578 Mabini St.,8100
CUST102978,home,23 Main St.,8100
CUST100658,Work,80 JP Laurel St.,8000
CUST100557,home,309 Mabini St.,8000
CUST101672,WORK,695 Quezon St.,8100
CUST103355,Work,65 JP Laurel St.,
CUST100940,WORK,265 Quezon St.,8000
CUST102770,home,831 Mabini St.,8000
CUST103149,home,162 Mabini St.,8000
CUST100156,home,245 JP Laurel St.,8000
CUST102822,HOME,753 JP Laurel St.,8100
CUST101077,home,827 Main St.,8100
CUST101324,Home,31 Quezon St.,8100
CUST103201,home,613 JP Laurel St.,6000
CUST102240,Home,637 JP Laurel St.,8100
CUST103385,home,349 Main St.,
CUST103290,WORK,38 Mabini St.,8100
CUST102235,home,2 Mabini St.,6000
CUST100823,Work,400 Rizal St.,8000
CUST100987,home,590 Quezon St.,8100
CUST102291,WORK,40 Mabini St.,8000
CUST101082,HOME,938 Rizal St.,8000
CUST101460,WORK,780 Rizal St.,8000
CUST100302,Work,272 JP Laurel St.,8100
CUST102514,WORK,356 JP Laurel St.,
CUST103266,Home,654 JP Laurel St.,
CUST102733,WORK,814 JP Laurel St.,8000
CUST102539,WORK,554 JP Laurel St.,8000
CUST101975,HOME,60 Mabini St.,8100
CUST100789,Work,396 Main St.,
CUST101849,home,872 JP Laurel St.,
CUST100086,Home,748 Quezon St.,6000
CUST102315,home,601 Rizal St.,
CUST102662,Work,683 JP Laurel St.,6000
CUST101470,HOME,251 Rizal St.,8100
CUST102541,HOME,110 JP Laurel St.,6000
CUST101467,home,530 Mabini St.,8100
CUST101128,WORK,266 Main St.,8000
CUST102479,Home,804 JP Laurel St.,8100
CUST100880,WORK,341 Quezon St.,8100
CUST102342,WORK,571 Quezon St.,8100
CUST102295,WORK,173 Quezon St.,8000
CUST102757,Home,161 Rizal St.,8000
CUST102657,home,357 Rizal St.,8100
CUST103345,HOME,908 Main St.,
CUST101713,WORK,903 Main St.,6000
CUST101972,Work,869 Rizal St.,8000
CUST100514,Work,920 Mabini St.,8000
CUST100578,Home,489 Main St.,8000
CUST103215,WORK,433 Mabini St.,
CUST102636,home,982 Rizal St.,6000
CUST102269,Home,83 Rizal St.,
CUST103425,WORK,243 JP Laurel St.,8000
CUST103162,WORK,150 JP Laurel St.,8000
CUST100640,home,113 JP Laurel St.,6000
CUST101416,Work,414 Main St.,8100
CUST103476,Work,613 Quezon St.,8100
CUST102445,HOME,837 Main St.,8000
CUST102260,Work,617 Mabini St.,8000
CUST101518,WORK,442 JP Laurel St.,8000
CUST100130,WORK,423 Rizal St.,6000
CUST102055,Work,525 JP Laurel St.,6000
CUST100927,HOME,866 Quezon St.,8000
CUST100917,WORK,81 Rizal St.,6000
CUST102785,WORK,16 Main St.,
CUST101502,Home,831 JP Laurel St.,6000
CUST100372,HOME,103 Mabini St.,
CUST101507,home,279 Main St.,8000
CUST102070,home,381 Main St.,8000
CUST101743,Work,735 JP Laurel St.,
CUST101701,home,422 Rizal St.,8100
CUST102309,Home,499 JP Laurel St.,8100
CUST100467,Home,160 Quezon St.,8100
CUST103237,Work,93 Rizal St.,
CUST101237,Work,439 Rizal St.,6000
CUST100168,Work,179 Quezon St.,6000
CUST103458,home,672 Mabini St.,8000
CUST101592,HOME,418 Main St.,6000
CUST103242,HOME,660 Rizal St.,8100
CUST101042,Work,301 JP Laurel St.,8000
CUST103008,home,641 Quezon St.,8100
CUST100916,Home,265 Mabini St.,6000
CUST102446,HOME,14 Rizal St.,6000
CUST102716,WORK,799 Mabini St.,8100
CUST100207,home,634 Quezon St.,8100
CUST101476,WORK,936 Main St.,8000
CUST103322,home,580 JP Laurel St.,8100
CUST100733,home,200 JP Laurel St.,8000
CUST103330,WORK,580 Rizal St.,6000
CUST101439,home,782 JP Laurel St.,8100
CUST103096,Home,143 Quezon St.,8100
CUST102370,home,935 Quezon St.,8000
CUST101163,Work,547 Main St.,6000
CUST100101,HOME,450 JP Laurel St.,8100
CUST102973,home,798 Mabini St.,8100
CUST102034,WORK,309 JP Laurel St.,6000
CUST102164,home,966 Rizal St.,8000
CUST100016,HOME,810 Rizal St.,8100
CUST102520,Home,826 JP Laurel St.,8000
CUST101530,home,662 Mabini St.,
CUST103250,Work,314 Main St.,6000
CUST100389,HOME,53 JP Laurel St.,6000
CUST101807,home,661 Rizal St.,8100
CUST100323,Work,551 JP Laurel St.,8000
CUST101289,WORK,647 JP Laurel St.,
CUST103033,WORK,118 Main St.,6000
CUST102786,HOME,666 Mabini St.,8000
CUST102735,Home,687 JP Laurel St.,8100
CUST103419,Work,109 JP Laurel St.,8100
CUST101069,HOME,61 Mabini St.,8100
CUST100586,HOME,831 Quezon St.,8000
CUST101861,Home,223 Quezon St.,
CUST100410,Work,901 Rizal St.,8000
CUST100850,Home,936 Quezon St.,
CUST102753,HOME,87 Rizal St.,6000
CUST100464,home,861 Rizal St.,8000
CUST100705,Home,945 Mabini St.,8100
CUST101293,Work,343 JP Laurel St.,
CUST100788,Work,784 Rizal St.,6000
CUST101491,home,780 Rizal St.,8000
CUST102459,Home,894 Main St.,8000
CUST102113,Home,661 Main St.,
CUST100505,Home,676 JP Laurel St.,8000
CUST101386,Work,667 Mabini St.,8100
CUST102700,Work,822 Main St.,
CUST102334,Work,543 JP Laurel St.,8000
CUST103393,WORK,356 Main St.,8000
CUST101570,HOME,441 Mabini St.,6000
CUST101960,Home,811 JP Laurel St.,
CUST100639,HOME,340 Quezon St.,8100
CUST103336,Work,143 Main St.,8100
CUST102934,Work,603 Quezon St.,8000
CUST100813,home,806 Quezon St.,
CUST102313,Home,128 Quezon St.,6000
CUST102659,Work,429 Rizal St.,
CUST100702,WORK,339 JP Laurel St.,6000
CUST101857,HOME,178 Mabini St.,8000
CUST101650,WORK,83 Quezon St.,8000
CUST102630,Work,150 JP Laurel St.,8000
CUST103392,WORK,881 JP Laurel St.,6000
CUST102578,Work,348 Quezon St.,8000
CUST101888,Home,135 Rizal St.,8000
CUST100391,Work,133 Main St.,
CUST101870,Home,367 Mabini St.,8100
CUST100894,HOME,861 Main St.,8000
CUST102504,WORK,407 Quezon St.,6000
CUST100324,WORK,202 Quezon St.,8000
CUST100285,home,570 Mabini St.,8100
CUST101471,HOME,125 Main St.,8000
CUST100821,HOME,876 JP Laurel St.,8000
CUST100614,HOME,452 Mabini St.,8100
CUST102531,home,541 Mabini St.,
CUST102245,home,711 Mabini St.,
CUST101776,Home,126 Main St.,6000
CUST102436,Work,849 Quezon St.,8000
CUST102674,Work,199 Main St.,8100
CUST102606,Work,220 Mabini St.,8000
CUST100321,WORK,583 Main St.,8100
CUST101627,Work,176 Rizal St.,6000
CUST100922,Work,443 Rizal St.,
CUST103223,HOME,456 Main St.,8000
CUST102769,home,935 JP Laurel St.,
CUST101129,home,338 JP Laurel St.,8100
CUST100566,WORK,535 Main St.,8000
CUST103135,home,285 Main St.,
CUST102862,Work,707 Quezon St.,8000
CUST101615,home,616 Main St.,8000
CUST101949,Home,236 Mabini St.,8100
CUST100435,WORK,145 Main St.,8000
CUST101898,Work,304 Mabini St.,8000
CUST101974,HOME,89 JP Laurel St.,8100
CUST100572,Home,459 Main St.,8100
CUST103120,WORK,21 JP Laurel St.,8000
CUST102230,HOME,594 JP Laurel St.,8100
CUST101868,Home,776 JP Laurel St.,
CUST101094,Work,888 Quezon St.,6000
CUST100290,Home,850 JP Laurel St.,8000
CUST101651,HOME,255 Mabini St.,
CUST100074,WORK,984 JP Laurel St.,8100
CUST102213,Home,106 Main St.,8000
CUST103027,Work,200 Quezon St.,8100
CUST100656,Work,393 Quezon St.,8000
CUST100985,HOME,140 Main St.,8000
CUST100344,HOME,770 Rizal St.,8000
CUST100967,home,44 Rizal St.,
CUST100279,home,323 Mabini St.,8100
CUST103202,WORK,895 Main St.,8100
CUST102131,HOME,603 Rizal St.,8000
CUST101244,home,498 Rizal St.,8100
CUST101610,Work,344 Mabini St.,
CUST103030,Home,589 Main St.,8000
CUST100901,WORK,157 Rizal St.,8000
CUST102685,WORK,898 Rizal St.,8000
CUST102989,Home,577 Mabini St.,6000
CUST100198,HOME,354 Main St.,8000
CUST102812,Work,441 JP Laurel St.,8100
CUST101359,WORK,940 Rizal St.,
CUST102848,Home,533 Rizal St.,8100
CUST102830,WORK,920 Mabini St.,
CUST102547,HOME,919 JP Laurel St.,
CUST102274,HOME,327 Mabini St.,8100
CUST102009,HOME,569 Rizal St.,
CUST102513,Work,830 Mabini St.,8000
CUST101777,HOME,207 Mabini St.,8100
CUST100626,home,820 Mabini St.,8100
CUST101384,Home,709 JP Laurel St.,
CUST102088,Home,335 JP Laurel St.,8100
CUST103424,Work,414 Mabini St.,8100
CUST100553,HOME,772 Main St.,8100
CUST102455,Work,701 Mabini St.,6000
CUST102902,Work,655 JP Laurel St.,
CUST101715,WORK,485 JP Laurel St.,8000
CUST102608,Home,567 Rizal St.,8000
CUST101088,WORK,652 Main St.,8100
CUST102756,WORK,898 Main St.,8100
CUST102689,home,498 JP Laurel St.,6000
CUST102040,Home,10 Mabini St.,6000
CUST101444,Home,506 Rizal St.,
CUST103148,home,672 Rizal St.,6000
CUST100172,Home,374 Rizal St.,
CUST101577,Home,624 JP Laurel St.,8000
CUST101624,home,178 Mabini St.,8100
CUST101575,home,226 Rizal St.,8100
CUST102074,WORK,970 Quezon St.,
CUST101153,WORK,943 Quezon St.,8100
CUST102634,HOME,666 Quezon St.,8100
CUST100961,HOME,652 JP Laurel St.,6000
CUST102159,Home,326 Main St.,8100
CUST103466,HOME,488 Main St.,8100
CUST102401,home,48 Main St.,8000
CUST100783,WORK,78 Quezon St.,
CUST101550,WORK,597 JP Laurel St.,8100
CUST101405,WORK,290 Rizal St.,6000
CUST100685,home,490 Quezon St.,8000
CUST100291,Work,929 Quezon St.,8000
CUST101503,Work,507 JP Laurel St.,6000
CUST101902,HOME,181 Mabini St.,8000
CUST102607,home,247 Main St.,8000
CUST102196,home,396 Quezon St.,8100
CUST101046,HOME,320 JP Laurel St.,8100
CUST100653,home,610 Quezon St.,8000
CUST101905,home,243 JP Laurel St.,8000
CUST101055,Home,204 Rizal St.,8000
CUST100108,Work,782 Quezon St.,6000
CUST101723,WORK,299 Rizal St.,8000
CUST102501,Work,433 Mabini St.,8100
CUST102776,WORK,60 Rizal St.,8100
CUST103164,home,155 Main St.,8100
CUST100018,Home,353 Main St.,8100
CUST100555,HOME,676 Quezon St.,8100
CUST102503,WORK,220 JP Laurel St.,8000
CUST103034,Home,593 Rizal St.,
CUST100936,home,194 Mabini St.,8100
CUST100630,Home,959 Main St.,
CUST101487,HOME,21 Mabini St.,6000
CUST100335,Home,918 Rizal St.,8000
CUST101712,Home,746 Mabini St.,8100
CUST100726,Home,199 JP Laurel St.,
CUST100155,home,163 Mabini St.,
CUST102893,Work,662 Quezon St.,8100
CUST101862,HOME,853 Quezon St.,8000
CUST100637,WORK,656 Main St.,
CUST102610,HOME,307 Rizal St.,8000
CUST100902,Work,371 Main St.,8000
CUST103415,home,95 Mabini St.,6000
CUST101393,Work,722 JP Laurel St.,8000
CUST103273,WORK,939 Mabini St.,8000
CUST101499,WORK,897 Mabini St.,8000
CUST100358,home,473 Rizal St.,8000
CUST103177,WORK,627 Rizal St.,6000
CUST100191,Work,485 JP Laurel St.,8000
CUST101609,HOME,546 Rizal St.,8000
CUST102937,WORK,670 Quezon St.,
CUST102857,Home,606 Main St.,8100
CUST103423,home,226 Main St.,8000
CUST100027,Home,954 Rizal St.,8100
CUST102794,Work,474 JP Laurel St.,8100
CUST100877,WORK,990 Rizal St.,
CUST100185,WORK,858 Quezon St.,8000
CUST101584,Home,613 Main St.,8100
CUST100503,HOME,690 Quezon St.,
CUST102993,HOME,446 Mabini St.,6000
CUST101567,Home,211 Quezon St.,8000
CUST101294,home,153 Rizal St.,8100
CUST100182,Home,494 Main St.,8000
CUST101828,Work,912 JP Laurel St.,
CUST102699,home,474 Mabini St.,8100
CUST101130,home,292 Rizal St.,8000
CUST100008,WORK,960 Mabini St.,8000
CUST100423,Work,952 Main St.,8100
CUST100104,HOME,107 Mabini St.,8000
CUST101560,home,781 Mabini St.,8000
CUST101508,WORK,839 Main St.,
CUST100117,WORK,855 Mabini St.,8100
CUST103116,Work,285 Quezon St.,
CUST101047,Home,777 JP Laurel St.,8100
CUST102889,home,88 Quezon St.,8000
CUST100054,WORK,314 Mabini St.,6000
CUST101059,Home,461 Quezon St.,8000
CUST102841,home,398 Rizal St.,8100
CUST101227,home,487 Quezon St.,8100
CUST100192,HOME,845 Main St.,8000
CUST102631,HOME,568 Main St.,8100
CUST101671,WORK,619 Quezon St.,8000
CUST101320,home,854 Main St.,8100
CUST100402,WORK,793 Quezon St.,8000
CUST100383,home,664 Quezon St.,8000
CUST102254,WORK,549 Main St.,
CUST100893,Work,812 Rizal St.,8000
CUST100838,WORK,105 Quezon St.,8100
CUST101313,HOME,946 Quezon St.,8100
CUST102247,HOME,246 JP Laurel St.,8000
CUST101078,Home,845 Rizal St.,8100
CUST102535,HOME,522 JP Laurel St.,8000
CUST101547,Home,158 Rizal St.,8100
CUST102038,Home,456 Main St.,6000
CUST100830,HOME,167 Quezon St.,8100
CUST102880,WORK,263 Rizal St.,6000
CUST103364,HOME,296 Main St.,6000
CUST100214,WORK,636 Rizal St.,
CUST100046,WORK,651 JP Laurel St.,8000
CUST100485,WORK,478 JP Laurel St.,8000
CUST103370,home,196 JP Laurel St.,8000
CUST100779,WORK,322 Rizal St.,8100
CUST100351,home,978 Mabini St.,6000
CUST101568,Work,746 JP Laurel St.,8000
CUST103199,WORK,448 Rizal St.,8000
CUST100963,Home,491 Rizal St.,6000
CUST101731,Home,416 Rizal St.,8100
CUST100952,Home,914 Mabini St.,8000
CUST101297,Work,795 Quezon St.,8100
CUST102617,home,353 Rizal St.,6000
CUST102701,HOME,981 Main St.,6000
CUST102990,Work,295 Quezon St.,8000
CUST100315,Home,545 Quezon St.,8000
CUST102679,Home,22 Rizal St.,6000
CUST103382,home,599 Rizal St.,
CUST100456,WORK,470 JP Laurel St.,8100
CUST101917,Work,637 Quezon St.,6000
CUST102205,Work,197 Mabini St.,
CUST101224,Work,959 Quezon St.,8000
CUST100826,HOME,784 JP Laurel St.,8100
CUST103414,home,900 Rizal St.,8000
CUST102354,WORK,295 Rizal St.,6000
CUST100280,Work,769 Rizal St.,6000
CUST102400,home,821 JP Laurel St.,8000
CUST100999,Home,665 Main St.,8100
CUST102684,Work,711 Rizal St.,8100
CUST102123,HOME,552 Rizal St.,
CUST103358,HOME,62 Quezon St.,6000
CUST102802,Work,451 Quezon St.,8100
CUST100866,HOME,490 Rizal St.,8000
CUST102116,home,16 Rizal St.,8000
CUST102687,Home,879 Quezon St.,8100
CUST103038,Home,463 Main St.,8100
CUST101347,home,983 Quezon St.,8000
CUST103492,WORK,23 Rizal St.,8100
CUST103413,Work,170 JP Laurel St.,8100
CUST101563,home,953 Mabini St.,8100
CUST100720,WORK,178 Quezon St.,8100
CUST101859,HOME,273 Main St.,8100
CUST100774,WORK,259 Rizal St.,8000
CUST101847,home,54 Quezon St.,8000
CUST100188,Home,352 Mabini St.,8000
CUST102551,Home,550 Quezon St.,8000
CUST100836,WORK,761 Mabini St.,8100
CUST102292,Work,837 Mabini St.,8000
CUST101727,Home,27 JP Laurel St.,8100
CUST101266,WORK,768 Mabini St.,8000
CUST101251,Home,386 JP Laurel St.,8100
CUST103395,HOME,425 Rizal St.,
CUST102440,Work,731 Rizal St.,6000
CUST101831,Home,404 Quezon St.,8000
CUST100232,WORK,223 Main St.,8000
CUST103180,Work,336 Main St.,8000
CUST103429,WORK,362 Main St.,
CUST100422,WORK,589 Mabini St.,6000
CUST101825,WORK,272 Quezon St.,6000
CUST103483,HOME,145 Main St.,8100
CUST100868,HOME,476 Main St.,8000
CUST102481,HOME,855 Rizal St.,8000
CUST101769,Home,428 Rizal St.,
CUST100808,Work,433 Main St.,8000
CUST100359,Home,932 Main St.,8100
CUST101353,home,395 JP Laurel St.,8100
CUST103216,home,426 Quezon St.,8100
CUST100955,home,69 Rizal St.,6000
CUST103427,home,759 Rizal St.,8100
CUST103157,HOME,414 Main St.,8000
CUST102673,Home,504 Rizal St.,8100
CUST102951,WORK,859 Rizal St.,8100
CUST101788,home,826 JP Laurel St.,8000
CUST101027,home,838 Quezon St.,8000
CUST101725,home,583 Mabini St.,8100
CUST100573,HOME,82 Main St.,8100
CUST103303,Work,380 Quezon St.,8000
CUST100045,HOME,5 JP Laurel St.,8100
CUST101453,home,991 Main St.,8000
CUST100860,WORK,97 JP Laurel St.,8000
CUST101648,HOME,200 Main St.,8100
CUST103407,Work,187 Quezon St.,8100
CUST100225,Work,133 Main St.,8000
CUST100243,Home,397 Quezon St.,6000
CUST100180,Work,989 Rizal St.,8100
CUST101226,WORK,255 Mabini St.,8100
CUST101617,HOME,417 Quezon St.,6000
CUST103281,WORK,246 Quezon St.,
CUST103053,Home,924 Quezon St.,8100
CUST102589,Home,734 Main St.,8000
CUST102528,WORK,901 Quezon St.,8000
CUST101426,WORK,626 Main St.,
CUST102568,Work,553 Quezon St.,8100
CUST103206,Work,623 Main St.,6000
CUST101039,HOME,42 Mabini St.,
CUST101387,home,716 Rizal St.,8000
CUST101961,home,687 JP Laurel St.,6000
CUST100582,Home,888 Quezon St.,8000
CUST101485,home,727 Main St.,8100
CUST102236,Home,86 Quezon St.,8100
CUST102356,Home,800 Main St.,
CUST103296,Home,592 Rizal St.,8000
CUST101228,Home,109 Rizal St.,8100
CUST102076,Home,447 Quezon St.,
CUST102183,WORK,863 JP Laurel St.,6000
CUST100864,WORK,105 JP Laurel St.,6000
CUST101997,home,517 Main St.,8100
CUST101236,HOME,647 Main St.,
CUST102905,Home,461 JP Laurel St.,
CUST101510,WORK,970 Rizal St.,8100
CUST100638,Work,175 Mabini St.,8100
CUST102210,Work,158 JP Laurel St.,8000
CUST101161,home,328 Main St.,8100
CUST101105,Home,238 Rizal St.,6000
CUST102873,Work,741 JP Laurel St.,8000
CUST102154,home,735 Quezon St.,8000
CUST100943,HOME,270 JP Laurel St.,8000
CUST101232,HOME,998 Quezon St.,8100
CUST102163,Home,782 Rizal St.,8100
CUST103378,WORK,447 JP Laurel St.,
CUST100326,Home,424 Quezon St.,
CUST101242,WORK,859 JP Laurel St.,
CUST100327,WORK,292 Mabini St.,6000
CUST102147,Home,386 Mabini St.,8000
CUST100665,Work,742 Rizal St.,6000
CUST100370,Home,233 Rizal St.,8100
CUST101483,WORK,765 JP Laurel St.,8100
CUST103251,home,103 JP Laurel St.,8000
CUST100513,Home,33 Mabini St.,
CUST103101,Work,134 JP Laurel St.,
CUST101025,Work,761 Rizal St.,6000
CUST101437,WORK,686 JP Laurel St.,8100
CUST100524,home,218 Quezon St.,8100
CUST101683,WORK,300 Quezon St.,6000
CUST100461,Work,567 Quezon St.,8000
CUST100274,home,636 Quezon St.,8100
CUST101331,HOME,85 JP Laurel St.,8000
CUST103104,HOME,172 Rizal St.,
CUST101326,Work,510 JP Laurel St.,8000
CUST103432,Work,628 Main St.,8000
CUST102980,Home,286 Main St.,8100
CUST100938,home,590 Quezon St.,6000
CUST100600,Home,708 Quezon St.,8100
CUST101755,HOME,701 JP Laurel St.,8100
CUST101489,Work,905 Rizal St.,8100
CUST101928,Work,304 Main St.,
CUST102643,Home,267 Mabini St.,8100
CUST100165,Work,658 JP Laurel St.,
CUST101301,Home,593 JP Laurel St.,
CUST101843,Home,553 JP Laurel St.,
CUST103452,WORK,807 Mabini St.,8000
CUST102555,Home,871 JP Laurel St.,8100
CUST100539,HOME,312 Rizal St.,6000
CUST102393,Home,122 JP Laurel St.,8000
CUST100962,home,442 Mabini St.,8000
CUST102519,home,273 Rizal St.,8100
CUST100458,WORK,402 Mabini St.,
CUST103310,WORK,175 Quezon St.,8000
CUST102688,Work,390 Rizal St.,6000
CUST100184,home,15 Main St.,
CUST102745,Home,269 Quezon St.,
CUST101399,WORK,854 JP Laurel St.,8100
CUST102739,home,298 Quezon St.,8100
CUST100606,HOME,268 Main St.,6000
CUST100735,home,542 Quezon St.,8100
CUST101929,HOME,760 Main St.,6000
CUST103270,HOME,746 Rizal St.,8000
CUST102507,home,278 Main St.,
CUST100144,Work,205 Mabini St.,8000
CUST103174,Home,189 Rizal St.,8100
CUST102567,WORK,530 Main St.,6000
CUST102627,Home,874 Rizal St.,8100
CUST103099,Home,758 Quezon St.,8000
CUST102192,Work,750 Rizal St.,8000
CUST100723,Home,172 Main St.,8000
CUST102948,Work,229 Mabini St.,8100
CUST101308,Work,624 Quezon St.,
CUST100064,home,962 JP Laurel St.,8100
CUST100876,home,357 Mabini St.,8000
CUST102550,WORK,954 Quezon St.,
CUST102465,Work,416 JP Laurel St.,6000
CUST100946,Work,136 Quezon St.,8100
CUST100515,Home,947 Mabini St.,8100
CUST102722,home,612 Main St.,6000
CUST102994,Home,604 Rizal St.,8000
CUST102472,HOME,993 Rizal St.,8100
CUST103231,Work,314 Rizal St.,8100
CUST101705,home,696 JP Laurel St.,8000
CUST102959,WORK,346 Rizal St.,8000
CUST103131,WORK,763 Mabini St.,6000
CUST101983,Home,454 JP Laurel St.,6000
CUST100140,WORK,495 Quezon St.,6000
CUST100979,WORK,980 Rizal St.,
CUST100834,Home,901 JP Laurel St.,
CUST102248,HOME,470 Rizal St.,8100
CUST100189,WORK,163 Main St.,8000
CUST102398,Home,983 Mabini St.,8000
CUST101794,Home,667 Rizal St.,6000
CUST101704,home,324 JP Laurel St.,
CUST103457,WORK,656 Rizal St.,
CUST103387,HOME,6 JP Laurel St.,8000
CUST100538,Work,80 Main St.,8100
CUST102028,Work,300 JP Laurel St.,8000
CUST100843,Home,644 Main St.,8100
CUST102462,HOME,916 JP Laurel St.,8000
CUST101273,Work,696 Main St.,8100
CUST102460,home,15 JP Laurel St.,6000
CUST101080,HOME,821 JP Laurel St.,
CUST100100,HOME,486 Mabini St.,8000
CUST103333,home,173 Main St.,8100
CUST100796,WORK,221 Quezon St.,8000
CUST100473,home,402 Quezon St.,8000
CUST101168,WORK,440 Mabini St.,
CUST100591,Work,950 Quezon St.,
CUST103320,home,953 JP Laurel St.,
CUST102840,Work,617 JP Laurel St.,8100
CUST101703,home,249 Mabini St.,8100
CUST101203,Work,75 Main St.,8100
CUST103224,WORK,133 Main St.,6000
CUST103450,Work,410 Quezon St.,8000
CUST100219,Home,984 JP Laurel St.,
CUST100439,Home,179 Mabini St.,8000
CUST100028,WORK,431 Main St.,8100
CUST101322,WORK,40 Rizal St.,8100
CUST101962,home,855 Rizal St.,6000
CUST103207,HOME,383 JP Laurel St.,8000
CUST100603,WORK,377 Quezon St.,8000
CUST101086,home,980 Main St.,8000
CUST102090,HOME,510 Rizal St.,8100
CUST101838,HOME,119 Main St.,6000
CUST103380,HOME,647 Quezon St.,6000
CUST100785,HOME,561 Quezon St.,8000
CUST101304,HOME,718 Main St.,6000
CUST101799,Work,34 Rizal St.,
CUST103348,Home,568 JP Laurel St.,8100
CUST102743,HOME,978 JP Laurel St.,8100
CUST101172,Home,291 Mabini St.,8100
CUST102837,Work,116 Mabini St.,8000
CUST101660,WORK,99 JP Laurel St.,6000
CUST100756,Work,451 Quezon St.,6000
CUST103204,HOME,104 JP Laurel St.,8100
CUST101549,home,524 Main St.,8100
CUST100158,Home,368 Rizal St.,6000
CUST102449,home,69 Main St.,6000
CUST102558,HOME,711 JP Laurel St.,8000
CUST101459,home,659 Quezon St.,8000
CUST103473,home,38 Main St.,8100
CUST100099,Work,35 JP Laurel St.,8000
CUST103351,home,737 JP Laurel St.,
CUST102527,WORK,904 Rizal St.,8100
CUST102918,Home,511 Quezon St.,
CUST103003,WORK,741 Quezon St.,8000
CUST101874,Work,453 Main St.,
CUST103011,Work,938 Quezon St.,8000
CUST100270,WORK,835 Rizal St.,6000
CUST101057,Home,107 JP Laurel St.,8000
CUST101104,HOME,805 JP Laurel St.,8000
CUST101806,Home,440 JP Laurel St.,8000
CUST101486,Work,224 Quezon St.,6000
CUST101517,HOME,494 Main St.,8100
CUST100949,HOME,716 Rizal St.,8100
CUST101035,Work,159 Quezon St.,8000
CUST101933,home,771 Rizal St.,8100
CUST102243,Work,965 Quezon St.,6000
CUST102036,WORK,23 Rizal St.,8100
CUST101300,HOME,973 Main St.,8000
CUST101789,WORK,952 Mabini St.,8100
CUST100309,home,674 Quezon St.,8000
CUST101754,HOME,511 Mabini St.,8000
CUST100098,WORK,567 Quezon St.,8000
CUST101283,home,737 Mabini St.,8000
CUST102647,Home,435 Quezon St.,8100
CUST102749,HOME,756 Quezon St.,8100
CUST100127,WORK,461 Mabini St.,6000
CUST102046,home,570 Mabini St.,8100
CUST100077,home,179 Mabini St.,6000
CUST101991,Work,443 Main St.,8000
CUST103434,Home,954 Quezon St.,8100
CUST102936,Home,114 Rizal St.,8000
CUST100215,home,571 JP Laurel St.,8100
CUST103350,WORK,485 JP Laurel St.,
CUST101174,Home,128 Mabini St.,6000
CUST102865,Work,826 JP Laurel St.,8000
CUST102970,WORK,240 Quezon St.,
CUST101335,Home,40 Main St.,
CUST101593,Home,899 Quezon St.,8000
CUST102783,WORK,207 JP Laurel St.,8100
CUST101955,Home,991 Main St.,8100
CUST102424,Work,26 Rizal St.,
CUST102897,Work,793 Mabini St.,
CUST100013,HOME,512 Mabini St.,6000
CUST101990,HOME,479 Quezon St.,8100
CUST102130,home,64 Mabini St.,
CUST102691,home,221 Quezon St.,
CUST103262,WORK,196 Main St.,
CUST100840,home,434 Mabini St.,8000
CUST101782,WORK,518 JP Laurel St.,6000
CUST100583,HOME,699 Rizal St.,6000
CUST100200,HOME,726 Mabini St.,8000
CUST103361,HOME,224 Main St.,8100
CUST101936,Work,4 Rizal St.,8100
CUST102965,Home,818 Mabini St.,8100
CUST100698,WORK,451 Rizal St.,8000
CUST100001,Work,256 Quezon St.,6000
CUST101064,WORK,13 Quezon St.,
CUST101056,WORK,936 JP Laurel St.,8100
CUST103163,Home,369 JP Laurel St.,
CUST102178,Work,238 Rizal St.,6000
CUST100648,home,343 Main St.,8100
CUST101653,Work,266 JP Laurel St.,6000
CUST100748,WORK,761 Rizal St.,6000
CUST103454,home,312 Rizal St.,
CUST103284,Home,119 Main St.,8000
CUST103238,WORK,991 Quezon St.,8000
CUST101156,home,677 Rizal St.,6000
CUST102251,home,855 Main St.,8100
CUST100179,home,967 Mabini St.,8100
CUST101834,WORK,331 Quezon St.,6000
CUST101886,home,417 Rizal St.,8100
CUST102126,HOME,683 Quezon St.,8000
CUST100481,Work,603 Mabini St.,
CUST101586,Work,329 Mabini St.,8100
CUST102671,Home,873 Rizal St.,8100
CUST100857,home,966 Main St.,6000
CUST101319,Work,163 Rizal St.,6000
CUST100318,WORK,3 JP Laurel St.,8100
CUST103079,HOME,340 Main St.,6000
CUST102082,home,618 JP Laurel St.,8000
CUST100890,WORK,992 Main St.,8100
CUST102665,home,792 Rizal St.,8100
CUST102907,home,835 Quezon St.,8000
CUST102544,Home,731 JP Laurel St.,8000
CUST100078,Home,894 Main St.,8000
CUST102437,Work,723 Main St.,6000
CUST102096,WORK,943 Quezon St.,8100
CUST103257,Work,193 Rizal St.,8000
CUST102374,Work,894 Quezon St.,
CUST100142,Work,229 JP Laurel St.,8000
CUST101899,HOME,717 Main St.,8000
CUST101212,home,283 JP Laurel St.,
CUST102197,HOME,351 Main St.,8000
CUST100793,HOME,603 JP Laurel St.,8000
CUST102086,home,556 JP Laurel St.,8000
CUST101554,Work,114 Quezon St.,8100
CUST100865,WORK,649 JP Laurel St.,8100
CUST101545,HOME,521 JP Laurel St.,
CUST103028,HOME,146 Main St.,8100
CUST100342,Home,716 Main St.,
CUST100455,WORK,874 Main St.,8100
CUST101445,Work,688 Mabini St.,8100
CUST102129,HOME,645 Quezon St.,8000
CUST102083,WORK,444 Mabini St.,8000
CUST103442,Work,503 Quezon St.,
CUST101015,home,709 Mabini St.,8100
CUST101108,HOME,352 Main St.,8000
CUST100899,home,778 Rizal St.,6000
CUST100854,Home,434 JP Laurel St.,8100
CUST102860,Home,784 Rizal St.,8100
CUST101952,WORK,474 Rizal St.,8000
CUST101979,HOME,625 Main St.,8000
CUST102242,Home,951 JP Laurel St.,8100
CUST101481,WORK,298 Rizal St.,6000
CUST101303,WORK,539 Quezon St.,8000
CUST100718,WORK,643 Main St.,8000
CUST101850,Home,710 Main St.,6000
CUST102037,WORK,342 Quezon St.,8100
CUST103090,HOME,886 Quezon St.,
CUST100348,Home,160 Quezon St.,8100
CUST101478,WORK,37 Rizal St.,8000
CUST101033,HOME,124 JP Laurel St.,8000
CUST101887,Work,368 Mabini St.,8100
CUST101356,Home,790 JP Laurel St.,6000
CUST100837,Home,994 Main St.,8100
CUST102439,WORK,394 Mabini St.,
CUST103269,home,795 Rizal St.,8000
CUST101941,WORK,231 Quezon St.,8100
CUST102611,Home,495 Quezon St.,6000
CUST100209,WORK,380 Mabini St.,8100
CUST100660,WORK,10 Main St.,8100
CUST100651,WORK,1 Main St.,6000
CUST101623,Home,347 Main St.,
CUST102853,Home,161 JP Laurel St.,8100
CUST101787,home,853 Rizal St.,8100
CUST101884,Home,945 Main St.,6000
CUST103321,Home,32 Rizal St.,8000
CUST102420,WORK,265 Main St.,8000
CUST100526,Work,846 JP Laurel St.,6000
CUST101844,WORK,270 Rizal St.,6000
CUST101801,WORK,717 JP Laurel St.,8000
CUST100859,Home,287 Quezon St.,8100
CUST101190,WORK,24 Mabini St.,6000
CUST103459,Home,986 Mabini St.,
CUST102298,HOME,641 Quezon St.,6000
CUST101894,HOME,632 Quezon St.,8100
CUST100272,HOME,885 Main St.,8100
CUST101037,Work,883 JP Laurel St.,6000
CUST101290,Home,903 Rizal St.,8100
CUST102174,WORK,582 Rizal St.,8000
CUST101800,WORK,839 Mabini St.,8000
CUST101819,Work,313 Quezon St.,6000
CUST102729,Home,50 Rizal St.,8100
CUST100133,home,206 Rizal St.,8100
CUST101488,Work,448 Main St.,8100
CUST102135,HOME,863 Mabini St.,
CUST101759,HOME,359 Main St.,8100
CUST100585,home,994 JP Laurel St.,8000
CUST100549,WORK,481 Rizal St.,8000
CUST102119,Home,467 JP Laurel St.,8100
CUST102139,home,221 Quezon St.,6000
CUST101349,HOME,902 Quezon St.,
CUST100814,home,869 JP Laurel St.,6000
CUST102766,Home,60 Rizal St.,8100
CUST100084,WORK,145 Mabini St.,6000
CUST102220,home,407 Main St.,8000
CUST101811,WORK,557 Main St.,8100
CUST102874,Home,407 Rizal St.,8100
CUST101299,home,892 Quezon St.,8000
CUST101536,Work,623 JP Laurel St.,8100
CUST100112,Work,181 Rizal St.,8000
CUST101786,Home,751 Quezon St.,8000
CUST102967,Work,22 Rizal St.,6000
CUST100429,Home,227 Main St.,8000
CUST100454,home,660 Main St.,6000
CUST101733,Home,840 Mabini St.,8000
CUST102249,Home,761 Mabini St.,
CUST100760,Work,969 Rizal St.,8100
CUST103013,Work,557 Main St.,8100
CUST102140,WORK,832 Mabini St.,6000
CUST100441,Work,176 JP Laurel St.,6000
CUST103233,home,988 Main St.,6000
CUST101696,Home,845 Quezon St.,
CUST102971,Work,354 Quezon St.,
CUST103094,HOME,784 Mabini St.,8000
CUST101030,Home,666 Main St.,8100
CUST100849,Work,924 JP Laurel St.,8000
CUST101112,home,210 Mabini St.,8000
CUST100822,Home,239 Rizal St.,8000
CUST101976,home,275 JP Laurel St.,6000
CUST100066,Work,694 JP Laurel St.,8100
CUST101515,home,792 Quezon St.,8000
CUST100492,Work,167 JP Laurel St.,8000
CUST101498,home,782 Main St.,8000
CUST100042,HOME,88 Quezon St.,8100
CUST102829,HOME,390 Rizal St.,8000
CUST101455,HOME,396 JP Laurel St.,8100
CUST101267,WORK,363 Rizal St.,8000
CUST101625,HOME,399 Main St.,6000
CUST100278,Work,38 Mabini St.,
CUST102957,HOME,17 Quezon St.,
CUST101687,home,424 Mabini St.,6000
CUST101348,Work,336 Quezon St.,6000
CUST100356,home,427 Main St.,
CUST101146,Work,488 Main St.,
CUST102280,WORK,594 Mabini St.,8100
CUST102068,WORK,474 Rizal St.,8100
CUST101649,WORK,595 Quezon St.,8100
CUST100451,Home,877 JP Laurel St.,
CUST100599,Work,83 Quezon St.,8000
CUST101742,Work,85 Mabini St.,8000
CUST103479,home,740 Mabini St.,8000
CUST101939,HOME,807 JP Laurel St.,
CUST103274,Home,972 Quezon St.,8100
CUST100509,WORK,673 JP Laurel St.,
CUST103067,WORK,233 Rizal St.,8000
CUST101810,Home,341 Quezon St.,6000
CUST103271,home,351 Main St.,8100
CUST100212,home,798 Quezon St.,8000
CUST101206,Home,594 JP Laurel St.,8100
CUST103324,home,791 JP Laurel St.,8100
CUST101135,WORK,260 Main St.,8100
CUST102798,HOME,341 JP Laurel St.,8100
CUST100406,Work,923 Main St.,
CUST101915,WORK,854 Mabini St.,8000
CUST100261,home,817 Quezon St.,8100
CUST101461,Home,60 Mabini St.,8000
CUST102167,HOME,89 Rizal St.,
CUST100565,Home,757 Quezon St.,8000
CUST102099,HOME,704 Quezon St.,8000
CUST102307,Work,15 Mabini St.,8000
CUST100942,HOME,485 Mabini St.,
CUST100989,home,213 Quezon St.,
CUST101248,WORK,607 Mabini St.,8100
CUST101809,HOME,57 Main St.,8100
CUST101175,WORK,359 Mabini St.,8100
CUST103113,HOME,995 Quezon St.,
CUST101434,Work,485 Rizal St.,6000
CUST101980,Home,169 Main St.,8000
CUST102650,HOME,72 JP Laurel St.,
CUST102571,WORK,16 JP Laurel St.,8100
CUST101474,home,583 Quezon St.,
CUST101603,home,957 Quezon St.,8100
CUST102168,home,147 JP Laurel St.,
CUST100322,HOME,176 Mabini St.,
CUST102849,WORK,640 Rizal St.,8100
CUST101817,HOME,630 Quezon St.,8000
CUST101192,Home,978 JP Laurel St.,6000
CUST101456,WORK,399 Quezon St.,6000
CUST102194,Home,820 Main St.,
CUST100224,WORK,684 JP Laurel St.,8100
CUST100784,HOME,121 Quezon St.,8100
CUST102408,Home,61 Mabini St.,8000
CUST102831,HOME,818 JP Laurel St.,8000
CUST101166,Work,727 Quezon St.,8000
CUST100804,home,259 JP Laurel St.,8000
CUST101366,Home,658 JP Laurel St.,8000
CUST101005,HOME,602 Main St.,
CUST100495,HOME,510 Quezon St.,8000
CUST102693,Work,787 Rizal St.,8100
CUST101167,WORK,171 JP Laurel St.,
CUST100255,HOME,822 JP Laurel St.,8000
CUST102883,WORK,670 JP Laurel St.,8000
CUST103145,home,402 Quezon St.,
CUST100289,Home,488 Quezon St.,8100
CUST102377,HOME,147 Rizal St.,8100
CUST102102,WORK,214 Mabini St.,8000
CUST102406,WORK,813 Main St.,8000
CUST100141,Work,730 JP Laurel St.,
CUST100661,HOME,670 Quezon St.,
CUST103298,Work,139 Quezon St.,8100
CUST101644,Work,226 Rizal St.,6000
CUST100040,Work,860 Quezon St.,8100
CUST100394,home,992 Mabini St.,6000
CUST101307,home,358 JP Laurel St.,8100
CUST100484,WORK,622 JP Laurel St.,8100
CUST102018,WORK,45 Mabini St.,
CUST101699,home,816 JP Laurel St.,
CUST101209,HOME,714 Main St.,8000
CUST100924,home,546 Main St.,8000
CUST101652,home,801 Quezon St.,6000
CUST103462,Work,194 Quezon St.,8000
CUST102966,HOME,718 Main St.,6000
CUST103095,Home,90 Rizal St.,
CUST100896,WORK,70 Mabini St.,8000
CUST100677,WORK,879 Main St.,6000
CUST100852,Home,614 Mabini St.,8000
CUST102560,HOME,835 Mabini St.,8100
CUST102548,home,668 JP Laurel St.,8100
CUST102244,Work,136 Rizal St.,6000
CUST103052,Work,270 Main St.,8000
CUST100109,HOME,647 Main St.,8000
CUST100211,HOME,386 Main St.,8100
CUST102212,home,615 Quezon St.,6000
CUST101572,HOME,466 Mabini St.,8000
CUST102175,home,449 Main St.,8100
CUST101122,HOME,375 JP Laurel St.,8000
CUST103347,Home,42 Quezon St.,
CUST100281,Work,165 Main St.,6000
CUST101724,Work,286 Rizal St.,
CUST101542,HOME,316 JP Laurel St.,8000
CUST103500,home,903 Quezon St.,6000
CUST101679,home,146 JP Laurel St.,8100
CUST102549,Home,846 Main St.,8100
CUST102305,home,387 Quezon St.,8000
CUST100928,home,89 Main St.,8100
CUST103400,WORK,605 Rizal St.,8000
CUST102940,HOME,441 Quezon St.,8100
CUST100739,Work,544 Quezon St.,8000
CUST100195,HOME,126 Main St.,
CUST102386,Home,252 Rizal St.,
CUST100569,HOME,324 Quezon St.,8000
CUST103087,WORK,152 Main St.,8000
CUST102811,HOME,201 Rizal St.,6000
CUST102594,WORK,197 Main St.,8100
CUST101123,Work,579 Main St.,8100
CUST102925,Work,154 JP Laurel St.,
CUST101191,Work,19 Main St.,6000
CUST101869,home,70 Mabini St.,8100
CUST100276,Work,694 Quezon St.,6000
CUST103127,Home,689 Main St.,8100
CUST102239,Work,344 Quezon St.,6000
CUST102289,Work,681 Rizal St.,8000
CUST101126,Home,846 JP Laurel St.,6000
CUST100825,home,765 Quezon St.,8100
CUST100374,home,974 Quezon St.,8100
CUST101451,HOME,585 Rizal St.,6000
CUST103285,Home,362 JP Laurel St.,8100
CUST101922,Home,296 Quezon St.,6000
CUST102790,HOME,502 Rizal St.,8000
CUST102803,HOME,450 Main St.,6000
CUST101420,HOME,709 Main St.,6000
CUST100424,Work,74 Rizal St.,8000
CUST102382,home,531 Rizal St.,6000
CUST102127,Home,879 JP Laurel St.,6000
CUST101795,Home,393 JP Laurel St.,8100
CUST102623,Work,89 Main St.,8100
CUST102193,WORK,347 JP Laurel St.,8000
CUST102719,WORK,503 Quezon St.,
CUST102121,Work,652 Mabini St.,
CUST100556,HOME,930 JP Laurel St.,6000
CUST101669,Work,448 Quezon St.,8000
CUST101225,Home,623 Mabini St.,8000
CUST101751,Home,102 Rizal St.,6000
CUST101867,Home,989 Rizal St.,6000
CUST102932,Home,651 JP Laurel St.,
CUST103241,HOME,602 Rizal St.,8100
CUST102190,Home,858 Main St.,6000
CUST103244,WORK,722 Rizal St.,8000
CUST102960,Work,639 Mabini St.,6000
CUST103286,Work,568 Rizal St.,8100
CUST100306,Home,528 JP Laurel St.,6000
CUST102592,WORK,825 Mabini St.,8100
CUST102361,Home,940 JP Laurel St.,8100
CUST103168,WORK,627 Mabini St.,8000
CUST100853,Work,36 Mabini St.,6000
CUST102585,HOME,213 Main St.,6000
CUST100159,Home,857 Rizal St.,8100
CUST103092,Work,615 JP Laurel St.,8000
CUST102281,WORK,597 Quezon St.,8100
CUST101611,home,774 Mabini St.,6000
CUST100478,Home,920 JP Laurel St.,8100
CUST100381,home,338 JP Laurel St.,8000
CUST101327,home,183 Main St.,8100
CUST103134,HOME,529 Quezon St.,6000
CUST102746,WORK,583 Quezon St.,
CUST101881,HOME,391 JP Laurel St.,6000
CUST101618,HOME,901 Main St.,6000
CUST100951,Work,449 Rizal St.,6000
CUST100879,Work,656 Mabini St.,
CUST100120,Work,282 Rizal St.,8000
CUST100972,home,355 Main St.,8100
CUST103235,HOME,105 Quezon St.,
CUST101160,HOME,941 Mabini St.,8000
CUST100765,Home,926 Main St.,8000
CUST102658,Home,972 Mabini St.,6000
CUST100908,home,743 Main St.,6000
CUST101681,home,603 Rizal St.,6000
CUST100869,Work,897 Quezon St.,8000
CUST102900,WORK,863 JP Laurel St.,
CUST100031,home,720 Rizal St.,8100
CUST102095,Home,283 JP Laurel St.,8000
CUST102595,Home,601 JP Laurel St.,8100
CUST101958,HOME,794 Quezon St.,8100
CUST101959,HOME,153 JP Laurel St.,8000
CUST101119,Home,243 Rizal St.,8000
CUST101415,Work,146 Main St.,8100
CUST103142,HOME,375 JP Laurel St.,
CUST100612,Work,865 Mabini St.,8000
CUST102117,HOME,315 Rizal St.,6000
CUST102264,Home,918 Main St.,8000
CUST101981,Home,58 Main St.,
CUST102369,home,887 Main St.,
CUST102581,home,940 Main St.,8000
CUST102474,home,548 JP Laurel St.,8100
CUST100530,WORK,116 Rizal St.,8100
CUST103039,Work,727 JP Laurel St.,8100
CUST100960,Work,906 Main St.,6000
CUST102325,Home,776 Rizal St.,6000
CUST102427,home,557 JP Laurel St.,
CUST101931,Work,901 Main St.,8100
CUST102483,home,470 Rizal St.,6000
CUST102985,WORK,614 JP Laurel St.,6000
CUST101587,home,318 Main St.,6000
CUST103465,HOME,65 Main St.,8100
CUST101635,WORK,366 JP Laurel St.,6000
CUST100743,HOME,252 Mabini St.,8000
CUST102358,home,674 Quezon St.,8100
CUST100533,Home,270 Main St.,8100
CUST101688,Home,157 Rizal St.,8000
CUST102838,Home,86 Mabini St.,6000
CUST100213,home,645 Quezon St.,8000
CUST100367,WORK,908 Rizal St.,6000
CUST100697,Home,654 JP Laurel St.,8100
CUST103275,WORK,29 Quezon St.,6000
CUST100654,WORK,88 Mabini St.,6000
CUST102084,Home,830 Mabini St.,8000
CUST101637,Home,559 Quezon St.,8100
CUST102646,WORK,577 Quezon St.,6000
CUST102928,home,858 Main St.,8000
CUST102499,Home,416 JP Laurel St.,8000
CUST101820,WORK,381 Mabini St.,8000
CUST103009,home,741 JP Laurel St.,6000
CUST100349,Work,252 JP Laurel St.,8000
CUST102844,Work,709 Main St.,8100
CUST100842,HOME,860 Rizal St.,8000
CUST100773,HOME,282 Mabini St.,6000
CUST100380,Home,576 Mabini St.,8000
CUST103384,home,56 JP Laurel St.,
CUST102734,WORK,342 Main St.,8100
CUST100832,Work,565 Quezon St.,8100
CUST101263,Work,104 JP Laurel St.,8100
CUST102136,Home,600 JP Laurel St.,6000
CUST101258,home,670 Main St.,8000
CUST101780,WORK,208 JP Laurel St.,8100
CUST101199,Home,559 Main St.,8000
CUST101277,HOME,75 Mabini St.,8100
CUST100861,Work,593 Rizal St.,8100
CUST100878,Home,195 Quezon St.,8100
CUST100881,HOME,435 Main St.,
CUST103018,WORK,58 Rizal St.,6000
CUST102329,Home,563 Rizal St.,6000
CUST100753,home,15 JP Laurel St.,8100
CUST102694,HOME,693 Mabini St.,8000
CUST100283,HOME,244 Quezon St.,8000
CUST101717,HOME,945 Quezon St.,
CUST100204,HOME,296 Rizal St.,
CUST102337,Work,928 Main St.,6000
CUST101767,Home,221 Main St.,8100
CUST101012,Home,640 Mabini St.,8100
CUST100610,HOME,133 JP Laurel St.,6000
CUST103130,WORK,551 Rizal St.,8100
CUST101323,HOME,944 Quezon St.,8100
CUST100398,Home,130 JP Laurel St.,8000
CUST103218,home,59 JP Laurel St.,8100
CUST100497,Work,393 Rizal St.,6000
CUST100659,home,54 JP Laurel St.,6000
CUST102576,Home,559 Quezon St.,8000
CUST100884,WORK,849 Mabini St.,8000
CUST101608,WORK,290 Quezon St.,
CUST102681,WORK,530 Rizal St.,8100
CUST100220,WORK,843 JP Laurel St.,8000
CUST102696,HOME,247 Quezon St.,8100
CUST102629,home,920 Quezon St.,8000
CUST100738,WORK,199 JP Laurel St.,
CUST100217,home,57 Quezon St.,
CUST100397,WORK,511 Main St.,8000
CUST100594,Work,725 Rizal St.,8100
CUST101827,WORK,851 JP Laurel St.,
CUST100083,Home,590 Quezon St.,6000
CUST103488,Work,52 JP Laurel St.,6000
CUST100235,WORK,681 Rizal St.,8000
CUST102005,Home,86 Mabini St.,8000
CUST102903,Work,900 JP Laurel St.,8100
CUST102153,Home,99 Quezon St.,8000
CUST100053,WORK,82 Rizal St.,8100
CUST102747,WORK,447 Main St.,8000
CUST101910,Home,137 JP Laurel St.,8100
CUST102562,home,629 Quezon St.,8100
CUST103196,HOME,571 Mabini St.,
CUST101425,WORK,19 Mabini St.,8000
CUST101410,HOME,770 Rizal St.,8100
CUST100835,Work,491 Mabini St.,8000
CUST101836,Home,870 Main St.,
CUST100404,HOME,106 Rizal St.,8100
CUST101215,WORK,156 JP Laurel St.,
CUST102319,HOME,261 Rizal St.,
CUST101185,Work,257 JP Laurel St.,8000
CUST102975,WORK,663 Mabini St.,8000
CUST102813,WORK,798 Main St.,8100
CUST101864,Home,678 Rizal St.,8000
CUST101906,HOME,379 Main St.,
CUST101700,Work,97 Quezon St.,8000
CUST101509,WORK,849 JP Laurel St.,8100
CUST102252,WORK,244 Quezon St.,8000
CUST102184,Work,111 Quezon St.,8100
CUST101173,Home,566 JP Laurel St.,8000
CUST100093,Work,68 Quezon St.,
CUST100149,HOME,467 Mabini St.,6000
CUST102057,WORK,538 Quezon St.,8100
CUST100817,home,598 Mabini St.,8100
CUST102229,Home,435 Main St.,8000
CUST100061,WORK,723 Quezon St.,8000
CUST101202,WORK,566 Quezon St.,8000
CUST100242,home,269 Rizal St.,6000
CUST102888,WORK,923 JP Laurel St.,8100
CUST100105,Home,852 Main St.,8000
CUST101440,HOME,548 Quezon St.,8100
CUST103288,Home,38 JP Laurel St.,6000
CUST102012,HOME,786 Rizal St.,8100
CUST101544,HOME,506 JP Laurel St.,8000
CUST102775,home,852 JP Laurel St.,8000
CUST103179,HOME,983 Quezon St.,
CUST100426,home,934 JP Laurel St.,
CUST102456,HOME,20 Quezon St.,
CUST101985,HOME,334 Mabini St.,6000
CUST103353,WORK,168 Quezon St.,6000
CUST102565,home,834 Mabini St.,6000
CUST102856,Home,697 Rizal St.,8000
CUST100714,HOME,748 Main St.,8000
CUST102864,WORK,879 Rizal St.,8100
CUST102211,Home,504 JP Laurel St.,8000
CUST102179,WORK,30 JP Laurel St.,6000
CUST102297,HOME,614 JP Laurel St.,
CUST102669,Work,551 Rizal St.,8100
CUST101633,home,582 Mabini St.,8000
CUST103072,Work,919 Mabini St.,8000
CUST101682,Work,406 Main St.,8100
CUST101009,Home,326 Mabini St.,8000
CUST103291,HOME,369 Rizal St.,8100
CUST101722,home,15 JP Laurel St.,8000
CUST100346,HOME,836 Rizal St.,8100
CUST102870,HOME,138 JP Laurel St.,8000
CUST103044,WORK,835 JP Laurel St.,8000
CUST100795,HOME,547 Quezon St.,8000
CUST100564,Home,729 Rizal St.,8100
CUST101640,home,523 Rizal St.,8100
CUST103061,Home,753 JP Laurel St.,8100
CUST102898,Home,77 Main St.,8000
CUST100763,WORK,264 Main St.,8100
CUST100596,HOME,9 JP Laurel St.,8100
CUST103110,Home,582 Quezon St.,6000
CUST103055,Work,566 Quezon St.,8000
CUST103356,home,685 Main St.,8000
CUST100615,home,151 Mabini St.,
CUST100807,home,371 JP Laurel St.,8000
CUST103376,Home,306 Rizal St.,8100
CUST101877,WORK,528 Main St.,8000
CUST102670,Home,857 Main St.,8100
CUST101744,home,846 Quezon St.,6000
CUST101775,HOME,887 Rizal St.,6000
CUST101504,Work,899 JP Laurel St.,8100
CUST102728,home,456 Rizal St.,8100
CUST100229,HOME,197 Main St.,6000
CUST103337,home,582 JP Laurel St.,8000
CUST102875,HOME,565 JP Laurel St.,8000
CUST100548,Home,755 Quezon St.,8100
CUST101630,WORK,724 JP Laurel St.,8100
CUST100855,Work,857 Main St.,8100
CUST100847,Work,584 Mabini St.,
CUST100892,WORK,878 Rizal St.,8100
CUST102500,WORK,819 Mabini St.,8100
CUST103267,home,931 Quezon St.,8100
CUST100931,Work,345 JP Laurel St.,6000
CUST100253,home,188 Main St.,
CUST101812,HOME,506 Rizal St.,6000
CUST100121,Work,126 JP Laurel St.,8100
CUST101083,WORK,39 Mabini St.,8100
CUST101741,WORK,261 Rizal St.,8100
CUST100828,home,211 Rizal St.,8000
CUST103203,WORK,667 Rizal St.,8100
CUST100375,Home,721 Mabini St.,8100
CUST101574,Home,784 Mabini St.,8000
CUST102824,home,365 Mabini St.,6000
CUST101805,HOME,686 Mabini St.,8000
CUST101948,WORK,905 Mabini St.,
CUST101842,Home,296 Main St.,
CUST100392,home,392 Main St.,8000
CUST102764,Work,36 Rizal St.,6000
CUST100029,Home,290 JP Laurel St.,8000
CUST102731,Home,729 Quezon St.,6000
CUST100965,home,545 Main St.,8000
CUST102641,WORK,850 Mabini St.,8000
CUST102435,Home,429 Quezon St.,8100
CUST101796,Home,164 Mabini St.,8000
CUST103332,WORK,605 Quezon St.,8100
CUST103396,Work,500 JP Laurel St.,8000
CUST101298,Work,989 Main St.,8000
CUST102214,HOME,83 Mabini St.,8100
CUST103193,HOME,827 Mabini St.,8000
CUST101925,home,217 Mabini St.,8100
CUST102397,HOME,942 Main St.,8000
CUST101783,home,445 Quezon St.,8000
CUST100491,WORK,393 Main St.,6000
CUST102564,Work,669 Quezon St.,8000
CUST102615,WORK,654 Quezon St.,6000
CUST101402,home,656 Rizal St.,8000
CUST100007,Work,17 JP Laurel St.,
CUST102668,home,205 JP Laurel St.,8100
CUST101493,Work,540 Mabini St.,
CUST100297,Work,21 JP Laurel St.,8000
CUST100691,WORK,528 JP Laurel St.,8000
CUST103261,WORK,777 Main St.,8000
CUST100145,Home,946 Mabini St.,8000
CUST101362,Work,185 Mabini St.,8000
CUST101443,Work,616 Quezon St.,8100
CUST100703,Work,321 JP Laurel St.,8000
CUST100551,Home,237 Mabini St.,8000
CUST102882,home,837 Main St.,8100
CUST102891,WORK,403 Mabini St.,6000
CUST101851,WORK,772 Quezon St.,8100
CUST101249,HOME,796 Rizal St.,
CUST100805,home,491 Main St.,6000
CUST102516,WORK,822 Rizal St.,8100
CUST102579,WORK,467 Quezon St.,8100
CUST100694,HOME,775 Main St.,
CUST102556,WORK,766 Rizal St.,8100
CUST101430,WORK,417 Main St.,8000
CUST102911,Home,716 Mabini St.,8100
CUST100119,Home,104 Main St.,
CUST103319,Home,721 Main St.,8100
CUST102851,Home,521 Quezon St.,8100
CUST100271,Work,911 Main St.,8000
CUST102308,HOME,296 Main St.,8000
CUST100904,Work,879 Mabini St.,8000
CUST102410,Home,982 Main St.,8000
CUST103227,Work,705 Main St.,8000
CUST101147,Work,109 Mabini St.,8100
CUST100490,WORK,367 Rizal St.,6000
CUST101181,HOME,68 Mabini St.,8100
CUST101968,home,341 JP Laurel St.,
CUST100997,home,788 Mabini St.,8000
CUST101457,HOME,764 Mabini St.,8000
CUST103086,Work,495 JP Laurel St.,8100
CUST103109,home,587 Mabini St.,8000
CUST102041,WORK,566 Quezon St.,6000
CUST102484,Home,741 Mabini St.,
CUST100618,HOME,177 Quezon St.,6000
CUST101967,home,430 JP Laurel St.,8100
CUST102065,home,907 Main St.,8100
CUST102296,WORK,998 JP Laurel St.,
CUST102284,Work,906 Mabini St.,
CUST101371,Home,271 Quezon St.,6000
CUST102001,home,882 Mabini St.,8000
CUST100139,WORK,984 Rizal St.,8100
CUST102470,WORK,852 Main St.,8100
CUST102452,WORK,838 JP Laurel St.,8100
CUST103192,home,702 Quezon St.,
CUST103114,Home,411 JP Laurel St.,8000
CUST101691,HOME,127 Rizal St.,
CUST102333,WORK,131 Rizal St.,6000
CUST100176,HOME,523 Rizal St.,8100
CUST101180,Work,420 Rizal St.,8100
CUST100412,Home,353 Mabini St.,8100
CUST100095,home,214 JP Laurel St.,6000
CUST101269,WORK,896 JP Laurel St.,6000
CUST100416,HOME,2 Mabini St.,8100
CUST101516,Home,794 Rizal St.,8100
CUST100059,HOME,232 Quezon St.,6000
CUST102707,Home,3 Quezon St.,6000
CUST100959,Work,451 Quezon St.,6000
CUST103069,Home,682 Mabini St.,8100
CUST102751,HOME,583 Main St.,8000
CUST102545,home,980 Main St.,8000
CUST100885,HOME,975 JP Laurel St.,8000
CUST101830,Work,717 Quezon St.,8000
CUST100589,WORK,30 JP Laurel St.,8100
CUST101896,WORK,528 Rizal St.,
CUST100385,Work,669 Mabini St.,6000
CUST101435,WORK,361 Rizal St.,6000
CUST101957,Work,118 JP Laurel St.,6000
CUST102750,Home,665 Rizal St.,8000
CUST102263,WORK,722 Quezon St.,8100
CUST100137,home,140 Main St.,8000
CUST100745,Home,231 Main St.,6000
CUST101182,Work,822 Main St.,
CUST101940,HOME,810 Mabini St.,8000
CUST103140,home,117 JP Laurel St.,6000
CUST103150,Work,174 JP Laurel St.,8000
CUST102287,Home,15 Quezon St.,8000
CUST101969,home,314 Mabini St.,
CUST102543,Home,838 Quezon St.,6000
CUST101084,Home,281 Main St.,8100
CUST100941,HOME,284 JP Laurel St.,8100
CUST101695,Work,515 Quezon St.,6000
CUST102682,home,494 Mabini St.,
CUST100791,Home,65 Main St.,8000
CUST100352,Work,702 Rizal St.,6000
CUST100782,home,360 Rizal St.,8100
CUST103278,Home,632 JP Laurel St.,8000
CUST100644,home,757 Quezon St.,8100
CUST101614,HOME,834 Mabini St.,8100
CUST102223,Work,146 Mabini St.,8000
CUST101194,WORK,976 Quezon St.,8100
CUST101698,HOME,349 Rizal St.,8000
CUST101588,Work,917 Main St.,8000
CUST100240,Home,931 Quezon St.,6000
CUST101292,home,807 Rizal St.,
CUST103486,WORK,648 Rizal St.,8100
CUST100088,Home,18 Mabini St.,8100
CUST102363,WORK,978 Rizal St.,8100
CUST102359,Home,162 JP Laurel St.,6000
CUST102176,home,909 JP Laurel St.,8000
CUST100011,Home,975 JP Laurel St.,6000
CUST101853,Home,917 JP Laurel St.,8000
CUST103329,HOME,744 Rizal St.,8100
CUST102044,home,458 Rizal St.,8100
CUST101791,Work,509 Quezon St.,8100
CUST102101,HOME,242 Main St.,6000
CUST101988,home,602 JP Laurel St.,6000
CUST101006,Home,861 Main St.,6000
CUST102580,Work,598 Mabini St.,
CUST101837,Home,425 Quezon St.,8000
CUST100655,WORK,426 JP Laurel St.,8100
CUST100508,Home,906 Quezon St.,8000
CUST102476,Work,458 Mabini St.,8100
CUST100376,HOME,899 Rizal St.,8000
CUST100355,WORK,867 Mabini St.,
CUST101932,HOME,64 Quezon St.,8100
CUST103499,WORK,202 Mabini St.,8100
CUST100641,WORK,949 Quezon St.,
CUST100761,home,699 Main St.,8000
CUST102122,home,858 Rizal St.,8000
CUST102782,HOME,51 JP Laurel St.,8100
CUST103388,home,191 Rizal St.,
CUST103363,home,142 Quezon St.,8100
CUST102097,Home,867 Mabini St.,8000
CUST103042,HOME,868 JP Laurel St.,8000
CUST100443,WORK,871 Main St.,6000
CUST102453,WORK,206 Rizal St.,8000
CUST102326,Home,637 JP Laurel St.,6000
CUST102976,Work,313 Quezon St.,
CUST100135,HOME,187 Mabini St.,6000
CUST101217,Work,779 Rizal St.,8100
CUST102642,Work,163 Mabini St.,8100
CUST100386,WORK,761 JP Laurel St.,8000
CUST102426,Work,615 Quezon St.,8000
CUST101477,WORK,419 JP Laurel St.,8100
CUST102079,WORK,869 JP Laurel St.,6000
CUST102165,Work,862 Mabini St.,8100
CUST101023,home,959 Quezon St.,8000
CUST102881,HOME,601 Quezon St.,6000
CUST102112,HOME,186 JP Laurel St.,8100
CUST100797,HOME,363 Quezon St.,
CUST101204,HOME,843 Main St.,8000
CUST102461,HOME,301 JP Laurel St.,8100
CUST100378,home,361 Quezon St.,8100
CUST101450,HOME,561 JP Laurel St.,8000
CUST100329,HOME,510 Mabini St.,
CUST102142,Work,17 Mabini St.,8000
CUST101339,HOME,584 Quezon St.,8100
CUST102428,Home,779 Quezon St.,8000
CUST100652,Home,459 Main St.,8000
CUST102998,Work,254 Mabini St.,8100
CUST102855,WORK,978 Quezon St.,8100
CUST100758,Work,893 JP Laurel St.,8000
CUST101230,Home,133 Main St.,8100
CUST102107,home,573 Rizal St.,6000
CUST101719,HOME,868 Mabini St.,6000
CUST102221,HOME,10 Rizal St.,8000
CUST102801,WORK,341 Main St.,
CUST103283,WORK,317 Mabini St.,8100
CUST100634,Work,892 Quezon St.,8100
CUST103316,home,94 Mabini St.,
CUST101257,home,768 Rizal St.,8100
CUST101970,WORK,563 JP Laurel St.,8100
CUST102255,Work,138 Mabini St.,8000
CUST100798,home,609 Quezon St.,8000
CUST102612,Home,836 Rizal St.,8100
CUST102419,WORK,466 JP Laurel St.,8100
CUST103485,WORK,838 JP Laurel St.,8100
CUST103040,HOME,667 Rizal St.,8000
CUST100257,HOME,368 Quezon St.,
CUST103017,WORK,254 Quezon St.,8100
CUST102352,WORK,514 Mabini St.,8000
CUST102868,home,355 Quezon St.,8000
CUST100287,HOME,465 Rizal St.,8000
CUST100023,Work,384 Mabini St.,8100
CUST100005,Work,617 JP Laurel St.,6000
CUST100433,WORK,340 Main St.,8100
CUST101065,home,976 Main St.,8100
CUST100160,home,902 Main St.,6000
CUST102132,Home,364 JP Laurel St.,8100
CUST103263,Work,166 Main St.,8000
CUST101159,HOME,608 Main St.,8000
CUST102050,HOME,25 Quezon St.,6000
CUST101937,Work,958 Quezon St.,8100
CUST102526,HOME,963 Mabini St.,
CUST100958,HOME,613 JP Laurel St.,8000
CUST102411,WORK,503 Main St.,8100
CUST102704,WORK,239 Quezon St.,8000
CUST100754,home,856 Quezon St.,8100
CUST102852,HOME,405 Rizal St.,6000
CUST103410,Home,682 JP Laurel St.,8100
CUST102267,Work,278 Mabini St.,8100
CUST101075,Work,427 Rizal St.,8000
CUST102759,Work,405 Main St.,8000
CUST102540,Work,530 Main St.,
CUST100862,home,474 JP Laurel St.,
CUST103346,Work,146 Rizal St.,8100
CUST103443,Work,720 JP Laurel St.,8100
CUST100810,Work,954 Main St.,8100
CUST102199,Work,239 JP Laurel St.,8100
CUST101260,Home,505 JP Laurel St.,8000
CUST100598,Work,15 Main St.,
CUST102343,WORK,204 Main St.,8100
CUST100408,home,890 JP Laurel St.,8100
CUST102144,home,390 Main St.,8000
CUST102027,Work,106 Rizal St.,6000
CUST101814,home,726 JP Laurel St.,
CUST103467,home,539 JP Laurel St.,8000
CUST103249,WORK,927 Quezon St.,8000
CUST102278,Home,79 JP Laurel St.,
CUST102078,WORK,907 Mabini St.,8100
CUST102761,Home,598 Quezon St.,8100
CUST101835,HOME,592 Rizal St.,8000
CUST101377,Work,696 Quezon St.,8000
CUST102137,Work,142 Quezon St.,8000
CUST101305,WORK,173 Mabini St.,
CUST102092,HOME,108 JP Laurel St.,
CUST103340,Home,667 Mabini St.,8100
CUST103139,HOME,503 Quezon St.,8000
CUST100161,home,125 Mabini St.,8100
CUST102649,HOME,715 Rizal St.,8100
CUST101036,HOME,479 Rizal St.,8000
CUST103026,WORK,161 JP Laurel St.,8000
CUST101264,home,592 Rizal St.,8000
CUST103401,Work,338 Quezon St.,8100
CUST101661,Work,109 Mabini St.,8100
CUST103372,home,230 JP Laurel St.,6000
CUST103402,Work,783 Quezon St.,8100
CUST101110,WORK,146 Main St.,
CUST100152,Work,458 Rizal St.,8000
CUST103019,HOME,723 Quezon St.,8000
CUST100314,Work,397 Main St.,
CUST101598,HOME,324 Mabini St.,8100
CUST102202,Home,254 Rizal St.,6000
CUST102350,home,241 Main St.,6000
CUST101318,home,601 JP Laurel St.,
CUST102518,home,951 JP Laurel St.,8100
CUST101726,HOME,658 Quezon St.,8100
CUST102958,HOME,65 Rizal St.,8000
CUST101532,WORK,705 JP Laurel St.,8000
CUST100254,HOME,907 Quezon St.,6000
CUST102825,Work,109 JP Laurel St.,8100
CUST100434,HOME,318 Main St.,8000
CUST101923,Home,767 Main St.,8000
CUST100518,Home,301 Quezon St.,
CUST100887,HOME,964 JP Laurel St.,8100
CUST102586,WORK,164 Main St.,8000
CUST101357,home,808 Rizal St.,
CUST101668,Work,78 Mabini St.,8100
CUST100529,WORK,656 JP Laurel St.,6000
CUST100670,Home,486 Quezon St.,6000
CUST100384,Home,534 JP Laurel St.,8100
CUST103214,WORK,487 Quezon St.,
CUST102899,home,962 JP Laurel St.,8000
CUST102616,Work,401 Mabini St.,8100
CUST101074,HOME,592 Main St.,8100
CUST103171,WORK,233 Quezon St.,8100
CUST102004,Work,72 Quezon St.,8100
CUST102697,HOME,484 Mabini St.,8100
CUST102842,Work,845 Rizal St.,8000
CUST102043,Home,790 Quezon St.,6000
CUST102930,HOME,991 JP Laurel St.,
CUST103444,HOME,506 Rizal St.,6000
CUST102884,Work,780 JP Laurel St.,8100
CUST100580,Work,281 Rizal St.,6000
CUST102752,Home,497 Main St.,8000
CUST103184,WORK,314 Main St.,8100
CUST102443,WORK,771 Mabini St.,6000
CUST101595,home,603 Main St.,8000
CUST100816,HOME,573 Quezon St.,
CUST101370,home,689 Quezon St.,8000
CUST101803,home,114 Mabini St.,6000
CUST101187,Work,482 JP Laurel St.,8000
CUST103051,HOME,690 JP Laurel St.,8000
CUST100631,Home,26 Mabini St.,8000
CUST100474,Work,702 Main St.,8000
CUST102947,Work,650 Rizal St.,8100
CUST100502,HOME,75 Quezon St.,8100
CUST103477,Work,426 Mabini St.,
CUST101436,home,325 Quezon St.,6000
CUST103200,home,618 Quezon St.,8100
CUST103225,Home,787 Quezon St.,
CUST100373,HOME,75 Main St.,8000
CUST103049,HOME,990 Rizal St.,8000
CUST101654,WORK,427 Rizal St.,8000
CUST100460,WORK,989 JP Laurel St.,6000
CUST101662,WORK,483 Quezon St.,
CUST102458,home,551 Quezon St.,8100
CUST101920,HOME,952 Quezon St.,
CUST102956,home,113 Mabini St.,8000
CUST100263,Work,819 Main St.,
CUST100299,Work,357 Rizal St.,8100
CUST102797,Work,720 Main St.,8000
CUST101818,home,623 Main St.,8000
CUST103439,Work,923 Rizal St.,
CUST102384,WORK,407 Quezon St.,8100
CUST100294,Work,379 Main St.,
CUST100019,home,904 Main St.,8000
CUST100851,WORK,497 Main St.,8000
CUST102742,WORK,697 Rizal St.,6000
CUST100181,Work,931 Rizal St.,8000
CUST103108,WORK,669 Main St.,8100
CUST102839,HOME,113 Rizal St.,8000
CUST102821,home,883 JP Laurel St.,8100
CUST100998,HOME,613 Rizal St.,8100
CUST100036,HOME,312 Rizal St.,6000
CUST101995,Work,340 Mabini St.,8000
CUST101238,Work,684 Rizal St.,8100
CUST102917,Home,36 Mabini St.,
CUST101090,Work,243 Mabini St.,8000
CUST101364,Home,711 JP Laurel St.,8100
CUST101233,Home,534 JP Laurel St.,
CUST100463,home,269 Quezon St.,8100
CUST101381,HOME,978 Rizal St.,8000
CUST101883,WORK,737 Mabini St.,
CUST103381,Home,879 Rizal St.,8000
CUST102310,Home,959 Quezon St.,6000
CUST101919,Work,704 Main St.,8100
CUST100379,HOME,83 Quezon St.,8000
CUST101368,Work,478 Rizal St.,8000
CUST102954,Work,841 Mabini St.,8100
CUST101095,Home,459 Rizal St.,8000
CUST103190,home,980 Rizal St.,8100
CUST102656,home,260 Quezon St.,6000
CUST101730,Home,35 Mabini St.,6000
CUST101376,Work,564 Rizal St.,8100
CUST101321,WORK,768 Main St.,6000
CUST103279,WORK,980 JP Laurel St.,8100
CUST101397,Home,175 Mabini St.,
CUST100206,Home,197 Quezon St.,
CUST102706,WORK,352 Mabini St.,
CUST100110,HOME,956 Quezon St.,8000
CUST102061,Work,866 Quezon St.,8000
CUST100249,HOME,474 Main St.,8000
CUST102763,HOME,89 Mabini St.,6000
CUST101989,Work,503 Mabini St.,8100
CUST100201,HOME,844 Main St.,8000
CUST100749,Home,658 Quezon St.,8000
CUST101447,home,645 Rizal St.,8100
CUST100627,Home,406 Main St.,
CUST103111,Home,177 JP Laurel St.,8000
CUST103112,Work,617 JP Laurel St.,6000
CUST102510,home,691 Rizal St.,8000
CUST100577,home,812 Quezon St.,8100
CUST101052,Home,192 Main St.,6000
CUST101014,Home,763 Quezon St.,8000
CUST100399,HOME,90 Mabini St.,8000
CUST102052,HOME,913 Quezon St.,8100
CUST102368,home,816 Rizal St.,6000
CUST101484,Home,121 Rizal St.,6000
CUST103132,WORK,686 JP Laurel St.,6000
CUST101087,HOME,643 Main St.,8000
CUST101252,WORK,590 Main St.,
CUST102791,home,609 Mabini St.,
CUST102433,home,532 Mabini St.,8000
CUST102231,Home,637 Main St.,8100
CUST103015,Work,965 Mabini St.,
CUST101872,Home,507 Rizal St.,8000
CUST100604,Work,105 Quezon St.,8000
CUST101716,WORK,363 JP Laurel St.,
CUST102024,HOME,657 Mabini St.,8100
CUST102013,WORK,32 Mabini St.,
CUST103404,Work,844 Mabini St.,8000
CUST102335,Home,649 Main St.,8100
CUST103482,HOME,406 Quezon St.,8000
CUST101999,Work,423 JP Laurel St.,8000
CUST100932,Work,409 JP Laurel St.,8100
CUST100273,Home,643 JP Laurel St.,
CUST101442,Work,532 Mabini St.,8100
CUST103102,WORK,353 Quezon St.,6000
CUST102992,Home,979 Main St.,6000
CUST101569,WORK,935 JP Laurel St.,8100
CUST100669,home,768 Mabini St.,8100
CUST102632,Work,862 Rizal St.,8100
CUST100786,Home,633 JP Laurel St.,6000
CUST100581,Work,804 Mabini St.,
CUST102271,home,385 JP Laurel St.,8100
CUST100114,HOME,673 Quezon St.,8100
CUST102200,Work,623 JP Laurel St.,8100
CUST101211,HOME,477 Mabini St.,8100
CUST103084,Home,803 Mabini St.,
CUST101380,home,245 Quezon St.,8000
CUST102620,Work,375 Main St.,6000
CUST103222,Home,372 Main St.,6000
CUST100717,WORK,877 JP Laurel St.,8000
CUST100872,Work,267 JP Laurel St.,8000
CUST102602,WORK,711 JP Laurel St.,8100
CUST101541,home,163 Main St.,8100
CUST101758,Home,919 Rizal St.,8100
CUST103043,Home,596 JP Laurel St.,8100
CUST101213,home,343 Main St.,8000
CUST100910,home,790 Mabini St.,8000
CUST101912,Work,23 Rizal St.,8100
CUST102049,Work,529 JP Laurel St.,
CUST101100,Work,226 Mabini St.,6000
CUST102151,home,182 Rizal St.,8000
CUST102463,Home,264 Mabini St.,8100
CUST103137,home,663 Main St.,6000
CUST101636,WORK,76 Quezon St.,8100
CUST101839,WORK,294 Quezon St.,8100
CUST100396,WORK,77 Quezon St.,8000
CUST100311,Home,908 Mabini St.,8000
CUST102561,home,577 Rizal St.,8100
CUST101198,Work,286 Main St.,8000
CUST100563,HOME,479 JP Laurel St.,6000
CUST100449,home,116 Mabini St.,8000
CUST101548,Home,836 Mabini St.,8100
CUST102904,Home,759 Rizal St.,6000
CUST100210,Home,602 JP Laurel St.,
CUST101400,WORK,597 Quezon St.,6000
CUST101378,WORK,693 Main St.,8000
CUST102879,home,161 Quezon St.,8000
CUST100907,Home,348 Mabini St.,
CUST101971,HOME,483 Quezon St.,8000
CUST101282,home,989 JP Laurel St.,8000
CUST101369,Home,80 Quezon St.,
CUST101620,Work,724 JP Laurel St.,8100
CUST102912,WORK,426 Mabini St.,8100
CUST101379,WORK,451 Rizal St.,6000
CUST101229,WORK,247 Quezon St.,
CUST100673,WORK,17 Quezon St.,8000
CUST101120,Home,840 Rizal St.,8000
CUST101513,home,214 Mabini St.,8000
CUST100331,home,845 Main St.,8000
CUST101183,Home,432 Rizal St.,8000
CUST103435,Home,851 JP Laurel St.,8100
CUST101332,home,85 Main St.,8000
CUST100519,Work,157 JP Laurel St.,8100
CUST103210,HOME,899 Rizal St.,6000
CUST101761,home,158 Quezon St.,
CUST103302,Home,889 JP Laurel St.,8100
CUST102311,Home,445 Quezon St.,6000
CUST100683,home,955 JP Laurel St.,8100
CUST102467,home,474 Rizal St.,6000
CUST102314,Work,372 Rizal St.,8000
CUST100597,WORK,986 Quezon St.,6000
CUST100632,Home,857 Quezon St.,6000
CUST101495,HOME,476 Quezon St.,6000
CUST103158,WORK,639 Quezon St.,
CUST101421,Home,301 Rizal St.,6000
CUST103403,WORK,180 Rizal St.,
CUST102114,WORK,977 JP Laurel St.,6000
CUST103309,Home,146 Mabini St.,8000
CUST100579,Home,939 Quezon St.,
CUST101998,Work,611 Mabini St.,6000
CUST102288,home,326 JP Laurel St.,8100
CUST102826,WORK,83 JP Laurel St.,8100
CUST102385,home,870 Rizal St.,8000
CUST103020,Work,511 JP Laurel St.,8100
CUST101343,HOME,474 Rizal St.,8000
CUST103352,HOME,70 Mabini St.,8000
CUST103317,Home,278 JP Laurel St.,8000
CUST100354,Home,860 Rizal St.,
CUST102941,Home,211 Rizal St.,8100
CUST101863,WORK,402 Quezon St.,6000
CUST102672,Home,152 JP Laurel St.,8000
CUST103416,home,699 Main St.,8100
CUST103050,home,315 Quezon St.,8000
CUST102268,Home,503 Mabini St.,
CUST101798,WORK,42 Mabini St.,8000
CUST100671,home,614 Quezon St.,6000
CUST102108,Home,447 Mabini St.,6000
CUST101124,Home,222 Quezon St.,8100
CUST102823,Work,697 Quezon St.,6000
CUST100790,Work,667 JP Laurel St.,8100
CUST102784,home,879 JP Laurel St.,8000
CUST103276,home,335 Main St.,8100
CUST102077,Home,1 Quezon St.,
CUST103083,Home,898 Quezon St.,8100
CUST102318,home,720 Main St.,
CUST101351,HOME,565 Quezon St.,8100
CUST100259,HOME,157 Quezon St.,
CUST102429,HOME,335 Main St.,8100
CUST100679,Work,695 Mabini St.,8000
CUST101677,HOME,535 Mabini St.,8100
CUST102051,HOME,622 Mabini St.,8000
CUST100937,HOME,814 JP Laurel St.,8100
CUST101815,Work,483 Main St.,8000
CUST103430,Home,279 Quezon St.,8100
CUST102828,WORK,257 Quezon St.,6000
CUST102422,home,661 Mabini St.,8100
CUST101391,HOME,127 Mabini St.,8100
CUST102327,Work,692 Main St.,6000
CUST101540,WORK,824 Main St.,6000
CUST102710,Home,412 Mabini St.,8100
CUST100009,HOME,738 Rizal St.,6000
CUST102720,Home,336 JP Laurel St.,8100
CUST103198,Home,329 Quezon St.,
CUST102692,Work,398 Main St.,6000
CUST103059,Home,514 Rizal St.,8100
CUST100148,HOME,265 JP Laurel St.,8100
CUST100052,WORK,773 Rizal St.,
CUST101879,Work,523 Quezon St.,8100
CUST102389,Work,54 Main St.,6000
CUST103325,Home,539 JP Laurel St.,8000
CUST100794,WORK,926 Mabini St.,8000
CUST100190,Home,703 Mabini St.,8100
CUST102495,Work,903 Mabini St.,6000
CUST100340,Work,890 Rizal St.,8000
CUST103406,home,930 Quezon St.,8000
CUST100138,WORK,767 Main St.,8100
CUST100015,WORK,805 Main St.,8000
CUST100966,Home,935 Main St.,8000
CUST101389,WORK,825 Quezon St.,
CUST100338,HOME,392 JP Laurel St.,8000
CUST101977,Work,388 Main St.,8000
CUST102299,WORK,76 JP Laurel St.,8000
CUST102066,home,384 JP Laurel St.,8000
CUST101070,WORK,21 Main St.,
CUST103422,WORK,987 Main St.,
CUST102371,home,687 Rizal St.,
CUST100803,Home,500 Main St.,8000
CUST103189,home,267 Quezon St.,8000
CUST102781,WORK,535 Mabini St.,8100
CUST102010,HOME,943 Mabini St.,8100
CUST100228,WORK,803 Quezon St.,8000
CUST100692,Home,460 Rizal St.,6000
CUST100193,Work,354 JP Laurel St.,8100
CUST103493,Work,306 Quezon St.,6000
CUST100034,Home,125 Rizal St.,8100
CUST103248,home,933 Mabini St.,6000
CUST102160,Home,821 Rizal St.,8000
CUST103437,HOME,760 JP Laurel St.,6000
CUST101992,WORK,924 Mabini St.,6000
CUST102218,Home,681 JP Laurel St.,8100
CUST103217,WORK,813 JP Laurel St.,8100
CUST101845,Work,32 Mabini St.,8000
CUST101519,Work,790 Quezon St.,8100
CUST103491,HOME,154 Mabini St.,8100
CUST100672,WORK,166 Main St.,8000
CUST100974,HOME,112 JP Laurel St.,8000
CUST100688,home,272 Mabini St.,8100
CUST102042,Home,256 JP Laurel St.,8100
CUST102715,WORK,888 Quezon St.,8100
CUST101330,Work,827 Main St.,8100
CUST100746,Home,998 Mabini St.,8000
CUST102062,Work,400 Main St.,8100
CUST103147,Home,876 Main St.,8000
CUST102806,home,857 Quezon St.,8100
CUST101231,home,771 Main St.,8100
CUST100657,WORK,737 JP Laurel St.,8000
CUST102651,HOME,394 Mabini St.,8000
CUST102942,Home,112 Mabini St.,8100
CUST101115,home,673 Rizal St.,8000
CUST102563,WORK,740 Main St.,8000
CUST100050,Work,673 Mabini St.,8000
CUST102619,Home,230 Rizal St.,8000
CUST103334,Home,240 Quezon St.,8000
CUST102089,Work,636 Mabini St.,8100
CUST101452,Work,194 Rizal St.,8100
CUST100128,home,810 Mabini St.,
CUST103272,Home,435 Rizal St.,8000
CUST100799,HOME,929 Rizal St.,8000
CUST103498,WORK,768 Quezon St.,6000
CUST100870,Home,243 Main St.,8000
CUST101092,HOME,250 Rizal St.,8000
CUST101840,home,744 Mabini St.,8000
CUST101469,Work,430 Mabini St.,8100
CUST101246,WORK,951 JP Laurel St.,
CUST100047,home,26 JP Laurel St.,8100
CUST103371,home,361 Quezon St.,8000
CUST102529,HOME,983 Mabini St.,8000
CUST102961,Home,623 Mabini St.,8100
CUST102279,HOME,75 Main St.,8100
CUST100388,HOME,360 JP Laurel St.,6000
CUST103023,Home,341 Mabini St.,8000
CUST101926,Work,531 Rizal St.,8000
CUST101107,HOME,489 Quezon St.,8100
CUST101011,home,850 Quezon St.,8100
CUST101118,HOME,817 Mabini St.,8000
CUST102148,home,698 Main St.,8100
CUST100925,Home,148 JP Laurel St.,8000
CUST103195,Work,603 Main St.,8100
CUST100300,Work,408 JP Laurel St.,
CUST103412,HOME,22 Mabini St.,8100
CUST101797,HOME,836 JP Laurel St.,6000
CUST102098,Work,368 JP Laurel St.,8000
CUST102744,HOME,715 Mabini St.,8000
CUST100812,Home,778 JP Laurel St.,
CUST100772,HOME,275 Main St.,
CUST103307,WORK,780 Main St.,8100
CUST100170,home,777 Rizal St.,8100
CUST100387,HOME,702 Quezon St.,
CUST103344,home,39 Main St.,8000
CUST100480,HOME,629 Mabini St.,
CUST102625,Work,44 JP Laurel St.,8100
CUST102872,home,239 JP Laurel St.,
CUST100395,home,117 Rizal St.,
CUST100678,home,528 Mabini St.,8100
CUST103060,home,603 Main St.,8100
CUST100645,home,264 Rizal St.,8000
CUST102525,HOME,440 JP Laurel St.,6000
CUST101596,WORK,462 JP Laurel St.,8000
CUST103036,HOME,252 Rizal St.,8100
CUST103362,WORK,101 Rizal St.,8100
CUST103182,Work,312 Rizal St.,8100
CUST102181,home,713 Mabini St.,8100
CUST101873,HOME,685 Main St.,8000
CUST101986,home,946 Main St.,8100
CUST102081,WORK,34 Mabini St.,8000
CUST100741,Home,650 Rizal St.,8000
CUST103259,home,163 JP Laurel St.,6000
CUST100540,Work,823 Quezon St.,8000
CUST101093,Work,221 Mabini St.,8000
CUST100815,Home,689 Mabini St.,
CUST100663,home,179 JP Laurel St.,8100
CUST101826,Home,937 Main St.,6000
CUST102711,WORK,702 JP Laurel St.,8000
CUST100875,HOME,541 Main St.,
CUST103141,home,690 JP Laurel St.,6000
CUST101773,WORK,261 Main St.,6000
CUST103123,home,252 JP Laurel St.,6000
CUST101599,Home,557 Main St.,8100
CUST102517,WORK,587 JP Laurel St.,8100
CUST101189,Work,185 Mabini St.,8100
CUST102768,Work,229 Main St.,8000
CUST100531,Home,400 Quezon St.,6000
CUST100205,home,668 Main St.,8000
CUST101089,home,186 Mabini St.,6000
CUST102924,HOME,321 Rizal St.,8000
CUST103209,home,436 Quezon St.,8000
CUST102583,HOME,575 JP Laurel St.,8000
